> Task :expo-gradle-plugin:expo-autolinking-plugin-shared:checkKotlinGradlePluginConfigurationErrors SKIPPED
> Task :gradle-plugin:settings-plugin:checkKotlinGradlePluginConfigurationErrors SKIPPED
> Task :gradle-plugin:shared:checkKotlinGradlePluginConfigurationErrors SKIPPED
> Task :gradle-plugin:shared:compileKotlin UP-TO-DATE
> Task :expo-gradle-plugin:expo-autolinking-plugin-shared:compileKotlin UP-TO-DATE
> Task :gradle-plugin:shared:compileJava NO-SOURCE
> Task :gradle-plugin:shared:processResources NO-SOURCE
> Task :gradle-plugin:shared:classes UP-TO-DATE
> Task :expo-gradle-plugin:expo-autolinking-plugin-shared:compileJava NO-SOURCE
> Task :expo-gradle-plugin:expo-autolinking-plugin-shared:processResources NO-SOURCE
> Task :expo-gradle-plugin:expo-autolinking-plugin-shared:classes UP-TO-DATE
> Task :gradle-plugin:shared:jar UP-TO-DATE
> Task :expo-gradle-plugin:expo-autolinking-plugin-shared:jar UP-TO-DATE
> Task :expo-gradle-plugin:expo-autolinking-settings-plugin:checkKotlinGradlePluginConfigurationErrors SKIPPED
> Task :gradle-plugin:settings-plugin:compileKotlin UP-TO-DATE
> Task :gradle-plugin:settings-plugin:compileJava NO-SOURCE
> Task :gradle-plugin:settings-plugin:pluginDescriptors UP-TO-DATE
> Task :gradle-plugin:settings-plugin:processResources UP-TO-DATE
> Task :gradle-plugin:settings-plugin:classes UP-TO-DATE
> Task :gradle-plugin:settings-plugin:jar UP-TO-DATE
> Task :expo-gradle-plugin:expo-autolinking-settings-plugin:compileKotlin UP-TO-DATE
> Task :expo-gradle-plugin:expo-autolinking-settings-plugin:compileJava NO-SOURCE
> Task :expo-gradle-plugin:expo-autolinking-settings-plugin:pluginDescriptors UP-TO-DATE
> Task :expo-gradle-plugin:expo-autolinking-settings-plugin:processResources UP-TO-DATE
> Task :expo-gradle-plugin:expo-autolinking-settings-plugin:classes UP-TO-DATE
> Task :expo-gradle-plugin:expo-autolinking-settings-plugin:jar UP-TO-DATE
> Task :expo-gradle-plugin:expo-autolinking-plugin:checkKotlinGradlePluginConfigurationErrors SKIPPED
> Task :expo-module-gradle-plugin:checkKotlinGradlePluginConfigurationErrors SKIPPED
> Task :expo-module-gradle-plugin:pluginDescriptors UP-TO-DATE
> Task :expo-module-gradle-plugin:processResources UP-TO-DATE
> Task :gradle-plugin:react-native-gradle-plugin:checkKotlinGradlePluginConfigurationErrors SKIPPED
> Task :expo-gradle-plugin:expo-autolinking-plugin:compileKotlin UP-TO-DATE
> Task :expo-gradle-plugin:expo-autolinking-plugin:compileJava NO-SOURCE
> Task :expo-gradle-plugin:expo-autolinking-plugin:pluginDescriptors UP-TO-DATE
> Task :expo-gradle-plugin:expo-autolinking-plugin:processResources UP-TO-DATE
> Task :expo-gradle-plugin:expo-autolinking-plugin:classes UP-TO-DATE
> Task :gradle-plugin:react-native-gradle-plugin:compileKotlin UP-TO-DATE
> Task :gradle-plugin:react-native-gradle-plugin:compileJava NO-SOURCE
> Task :expo-gradle-plugin:expo-autolinking-plugin:jar UP-TO-DATE
> Task :gradle-plugin:react-native-gradle-plugin:pluginDescriptors UP-TO-DATE
> Task :expo-gradle-plugin:expo-max-sdk-override-plugin:checkKotlinGradlePluginConfigurationErrors SKIPPED
> Task :gradle-plugin:react-native-gradle-plugin:processResources UP-TO-DATE
> Task :gradle-plugin:react-native-gradle-plugin:classes UP-TO-DATE
> Task :gradle-plugin:react-native-gradle-plugin:jar UP-TO-DATE
> Task :expo-gradle-plugin:expo-max-sdk-override-plugin:compileKotlin UP-TO-DATE
> Task :expo-updates-gradle-plugin:checkKotlinGradlePluginConfigurationErrors SKIPPED
> Task :expo-gradle-plugin:expo-max-sdk-override-plugin:compileJava NO-SOURCE
> Task :expo-gradle-plugin:expo-max-sdk-override-plugin:pluginDescriptors UP-TO-DATE
> Task :expo-gradle-plugin:expo-max-sdk-override-plugin:processResources UP-TO-DATE
> Task :expo-gradle-plugin:expo-max-sdk-override-plugin:classes UP-TO-DATE
> Task :expo-gradle-plugin:expo-max-sdk-override-plugin:jar UP-TO-DATE
> Task :expo-updates-gradle-plugin:compileKotlin UP-TO-DATE
> Task :expo-module-gradle-plugin:compileKotlin UP-TO-DATE
> Task :expo-updates-gradle-plugin:compileJava NO-SOURCE
> Task :expo-module-gradle-plugin:compileJava NO-SOURCE
> Task :expo-updates-gradle-plugin:pluginDescriptors UP-TO-DATE
> Task :expo-module-gradle-plugin:classes UP-TO-DATE
> Task :expo-updates-gradle-plugin:processResources UP-TO-DATE
> Task :expo-updates-gradle-plugin:classes UP-TO-DATE
> Task :expo-module-gradle-plugin:jar UP-TO-DATE
> Task :expo-updates-gradle-plugin:jar UP-TO-DATE

> Configure project :app
WARNING: The option setting 'android.builtInKotlin=false' is deprecated.
The current default is 'true'.
It will be removed in version 10.0 of the Android Gradle plugin.
WARNING: The option setting 'android.newDsl=false' is deprecated.
The current default is 'true'.
It will be removed in version 10.0 of the Android Gradle plugin.
 ℹ️  [33mApplying gradle plugin[0m '[32mexpo-max-sdk-override-plugin[0m'
  [expo-max-sdk-override-plugin] This plugin will find all permissions declared with `android:maxSdkVersion`. If there exists a declaration with the `android:maxSdkVersion` annotation and another one without, the plugin will remove the annotation from the final merged manifest. In order to see a log with the changes run a clean build of the app.
WARNING: API 'applicationVariants' is obsolete and has been replaced with 'AndroidComponentsExtension'.
It will be removed in version 10.0 of the Android Gradle plugin.
The legacy variant API is disabled by default in AGP 9.0, but can be re-enabled by adding 
    android.newDsl=false
to this project's gradle.properties file.
For more information, see http://developer.android.com/build/r/new-dsl.

To determine what is calling applicationVariants, use -Pandroid.debug.obsoleteApi=true on the command line to display more information.
WARNING: API 'testVariants' is obsolete and has been replaced with 'AndroidComponentsExtension'.
It will be removed in version 10.0 of the Android Gradle plugin.
The legacy variant API is disabled by default in AGP 9.0, but can be re-enabled by adding 
    android.newDsl=false
to this project's gradle.properties file.
For more information, see http://developer.android.com/build/r/new-dsl.

To determine what is calling testVariants, use -Pandroid.debug.obsoleteApi=true on the command line to display more information.
WARNING: API 'unitTestVariants' is obsolete and has been replaced with 'AndroidComponentsExtension'.
It will be removed in version 10.0 of the Android Gradle plugin.
The legacy variant API is disabled by default in AGP 9.0, but can be re-enabled by adding 
    android.newDsl=false
to this project's gradle.properties file.
For more information, see http://developer.android.com/build/r/new-dsl.

To determine what is calling unitTestVariants, use -Pandroid.debug.obsoleteApi=true on the command line to display more information.
 ℹ️  [33mApplying gradle plugin[0m '[32mexpo-updates-gradle-plugin[0m'

> Configure project :
[32m[ExpoRootProject][0m Using the following versions:
  - buildTools:  [32m37.0.0[0m
  - minSdk:      [32m26[0m
  - compileSdk:  [32m37[0m
  - targetSdk:   [32m34[0m
  - ndk:         [32m27.1.12297006[0m
  - kotlin:      [32m2.2.0[0m
  - ksp:         [32m2.2.0-2.0.2[0m

> Configure project :board-texture
WARNING: API 'libraryVariants' is obsolete and has been replaced with 'AndroidComponentsExtension'.
It will be removed in version 10.0 of the Android Gradle plugin.
The legacy variant API is disabled by default in AGP 9.0, but can be re-enabled by adding 
    android.newDsl=false
to this project's gradle.properties file.
For more information, see http://developer.android.com/build/r/new-dsl.

To determine what is calling libraryVariants, use -Pandroid.debug.obsoleteApi=true on the command line to display more information.

> Configure project :expo-image
ksp-2.2.0-2.0.2 is too old for kotlin-2.2.10. Please upgrade ksp or downgrade kotlin-gradle-plugin to 2.2.0.
ksp-2.2.0-2.0.2 is too old for kotlin-2.2.10. Please upgrade ksp or downgrade kotlin-gradle-plugin to 2.2.0.
ksp-2.2.0-2.0.2 is too old for kotlin-2.2.10. Please upgrade ksp or downgrade kotlin-gradle-plugin to 2.2.0.
ksp-2.2.0-2.0.2 is too old for kotlin-2.2.10. Please upgrade ksp or downgrade kotlin-gradle-plugin to 2.2.0.
ksp-2.2.0-2.0.2 is too old for kotlin-2.2.10. Please upgrade ksp or downgrade kotlin-gradle-plugin to 2.2.0.
ksp-2.2.0-2.0.2 is too old for kotlin-2.2.10. Please upgrade ksp or downgrade kotlin-gradle-plugin to 2.2.0.
ksp-2.2.0-2.0.2 is too old for kotlin-2.2.10. Please upgrade ksp or downgrade kotlin-gradle-plugin to 2.2.0.
ksp-2.2.0-2.0.2 is too old for kotlin-2.2.10. Please upgrade ksp or downgrade kotlin-gradle-plugin to 2.2.0.

> Configure project :expo-modules-core
[expo-modules-core] Ignoring prebuilt libs: built for v58.0.1, package is v58.0.3 - building from source
Linking react-native-worklets native libs into expo-modules-core build tasks
task ':react-native-worklets:mergeDebugNativeLibs'
task ':react-native-worklets:mergeReleaseNativeLibs'

> Configure project :expo-updates
ksp-2.2.0-2.0.2 is too old for kotlin-2.2.10. Please upgrade ksp or downgrade kotlin-gradle-plugin to 2.2.0.
ksp-2.2.0-2.0.2 is too old for kotlin-2.2.10. Please upgrade ksp or downgrade kotlin-gradle-plugin to 2.2.0.
ksp-2.2.0-2.0.2 is too old for kotlin-2.2.10. Please upgrade ksp or downgrade kotlin-gradle-plugin to 2.2.0.
ksp-2.2.0-2.0.2 is too old for kotlin-2.2.10. Please upgrade ksp or downgrade kotlin-gradle-plugin to 2.2.0.
ksp-2.2.0-2.0.2 is too old for kotlin-2.2.10. Please upgrade ksp or downgrade kotlin-gradle-plugin to 2.2.0.
ksp-2.2.0-2.0.2 is too old for kotlin-2.2.10. Please upgrade ksp or downgrade kotlin-gradle-plugin to 2.2.0.
ksp-2.2.0-2.0.2 is too old for kotlin-2.2.10. Please upgrade ksp or downgrade kotlin-gradle-plugin to 2.2.0.
ksp-2.2.0-2.0.2 is too old for kotlin-2.2.10. Please upgrade ksp or downgrade kotlin-gradle-plugin to 2.2.0.

> Configure project :expo

Using expo modules
  - [32mexpo-dom-webview[0m (58.0.0)
  - [32mexpo-log-box[0m (58.0.3)
  - [32mexpo-ui[0m (58.0.3)
  - [32mnandorojo-galeria[0m (0.1.0)
  - [32msentry-react-native-expo[0m (unspecified)
  - [32mboard-texture[0m (0.1.0)
  - [32mexpo-asset[0m (58.0.3)
  - [32mexpo-background-task[0m (58.0.3)
  - [32mexpo-constants[0m (58.0.3)
  - [32mexpo-document-picker[0m (57.0.1)
  - [32mexpo-drag-drop-content-view[0m (0.1.0)
  - [32mexpo-eas-client[0m (58.0.0)
  - [32mexpo-file-system[0m (58.0.0)
  - [32mexpo-font[0m (58.0.1)
  - [32mexpo-horizon-core[0m (unspecified)
  - [32mexpo-image[0m (58.0.2)
  - [32mexpo-image-loader[0m (57.0.1)
  - [32mexpo-image-manipulator[0m (57.0.9)
  - [32mexpo-image-picker[0m (57.0.12)
  - [32mexpo-json-utils[0m (58.0.0)
  - [32mexpo-keep-awake[0m (58.0.0)
  - [32mexpo-linking[0m (58.0.3)
  - [32mexpo-manifests[0m (58.0.0)
  - [32mexpo-modules-core[0m (58.0.3)
  - [32mexpo-paste-input[0m (0.7.6)
  - [32mexpo-router[0m (58.0.4)
  - [32mexpo-screen-capture[0m (58.0.0)
  - [32mexpo-secure-store[0m (58.0.0)
  - [32mexpo-splash-screen[0m (58.0.0)
  - [32mexpo-status-bar[0m (58.0.0)
  - [32mexpo-structured-headers[0m (58.0.0)
  - [32mexpo-system-ui[0m (58.0.1)
  - [32mexpo-task-manager[0m (58.0.4)
  - [32mexpo-updates[0m (58.0.5)
  - [32mexpo-updates-interface[0m (58.0.0)
  - [32munimodules-app-loader[0m (58.0.0)


> Configure project :expo-pico-core
[NitroModules] 🔥 ExpoPicoCore is boosted by nitro!

> Configure project :nitro-canvas-in-Vision
[NitroModules] 🔥 NitroCanvasInVision is boosted by nitro!

> Configure project :react-native-mmkv
[NitroModules] 🔥 NitroMmkv is boosted by nitro!

> Configure project :react-native-nitro-fetch
[NitroModules] 🔥 nitrofetch is boosted by nitro!

> Configure project :react-native-nitro-image
[NitroModules] 🔥 NitroImage is boosted by nitro!

> Configure project :react-native-nitro-modules
[NitroModules] 🔥 Your app is boosted by nitro modules!

> Configure project :react-native-pulsar
Using published Pulsar Android artifact com.swmansion:pulsar:1.3.0

> Configure project :react-native-vision-camera
[NitroModules] 🔥 VisionCamera is boosted by nitro!

> Configure project :shopify_react-native-skia
react-native-skia: SK_GRAPHITE: false
react-native-skia: Skia libs: /Users/mikevocalz/moyo-rive-panel/node_modules/react-native-skia-android/libs
react-native-skia: node_modules/ found at: /Users/mikevocalz/moyo-rive-panel/node_modules
react-native-skia: RN Version: 88 / 0.88.0-rc.2
react-native-skia: isSourceBuild: false
react-native-skia: PrebuiltDir: /Users/mikevocalz/moyo-rive-panel/node_modules/@shopify/react-native-skia/android/build/react-native-0*/jni
react-native-skia: buildType: debug
react-native-skia: buildDir: /Users/mikevocalz/moyo-rive-panel/node_modules/@shopify/react-native-skia/android/build
react-native-skia: node_modules: /Users/mikevocalz/moyo-rive-panel/node_modules
react-native-skia: Enable Prefab: true
react-native-skia: aar state post 70, do nothing

> Task :app:generateAutolinkingNewArchitectureFiles
> Task :app:generateAutolinkingPackageList
> Task :app:generateCodegenSchemaFromJavaScript SKIPPED
> Task :app:generateCodegenArtifactsFromSchema SKIPPED
> Task :app:generateReactNativeEntryPoint
> Task :app:stageMoyoCppRuntime
> Task :board-texture:preBuild UP-TO-DATE
> Task :expo:generateInlineModules
> Task :expo:generatePackagesList
> Task :expo:preBuild
> Task :expo-asset:preBuild UP-TO-DATE
> Task :expo-background-task:preBuild UP-TO-DATE

> Task :expo-constants:createExpoConfig
The NODE_ENV environment variable is required but was not specified. Ensure the project is bundled with Expo CLI or NODE_ENV is set. Using only .env.local and .env
» android: @expo-pico/core: xrMode 'pico-os5' expects newArchEnabled: true. PicoCorePackage relies on the New Architecture package registration shape. Set 'newArchEnabled: true' in app.config.{ts,js,json} (top-level).
» android: @expo-pico/core: xrMode 'pico-os5' is an immersive build but picoAppId is empty. Every PPS call (account, IAP, achievements, leaderboards, social) will fail at runtime with PICO error 100008 "appkey is empty". PICO_APP_ID env var is NOT set in this shell. Either: (a) export PICO_APP_ID=<your-app-id> from .env.local before prebuild, or (b) hardcode picoAppId in the plugin config (NOT recommended — secrets in source).
(node:98318) [MODULE_TYPELESS_PACKAGE_JSON] Warning: Module type of file:///Users/mikevocalz/moyo-rive-panel/packages/theme/index.ts is not specified and it doesn't parse as CommonJS.
Reparsing as ES module because module syntax was detected. This incurs a performance overhead.
To eliminate this warning, add "type": "module" to /Users/mikevocalz/moyo-rive-panel/packages/theme/package.json.
(Use `node --trace-warnings ...` to show where the warning was created)

> Task :expo-constants:preBuild
> Task :expo-document-picker:preBuild UP-TO-DATE
> Task :expo-dom-webview:preBuild UP-TO-DATE
> Task :expo-drag-drop-content-view:preBuild UP-TO-DATE
> Task :expo-eas-client:preBuild UP-TO-DATE
> Task :expo-file-system:preBuild UP-TO-DATE
> Task :expo-font:preBuild UP-TO-DATE
> Task :expo-horizon-core:preBuild UP-TO-DATE
> Task :expo-image:preBuild UP-TO-DATE
> Task :expo-image-loader:preBuild UP-TO-DATE
> Task :expo-image-manipulator:preBuild UP-TO-DATE
> Task :expo-image-picker:preBuild UP-TO-DATE
> Task :expo-json-utils:preBuild UP-TO-DATE
> Task :expo-keep-awake:preBuild UP-TO-DATE
> Task :expo-linking:preBuild UP-TO-DATE
> Task :expo-log-box:preBuild UP-TO-DATE
> Task :expo-manifests:preBuild UP-TO-DATE
> Task :expo-modules-core:preBuild UP-TO-DATE
> Task :expo-paste-input:preBuild UP-TO-DATE
> Task :expo-pico-core:preBuild UP-TO-DATE
> Task :expo-router:preBuild UP-TO-DATE
> Task :expo-screen-capture:preBuild UP-TO-DATE
> Task :expo-secure-store:preBuild UP-TO-DATE
> Task :expo-splash-screen:preBuild UP-TO-DATE
> Task :expo-status-bar:preBuild UP-TO-DATE
> Task :expo-structured-headers:preBuild UP-TO-DATE
> Task :expo-system-ui:preBuild UP-TO-DATE
> Task :expo-task-manager:preBuild UP-TO-DATE
> Task :expo-ui:preBuild UP-TO-DATE
> Task :expo-updates:preBuild UP-TO-DATE
> Task :expo-updates-interface:preBuild UP-TO-DATE
> Task :nandorojo-galeria:preBuild UP-TO-DATE
> Task :nitro-canvas-in-Vision:preBuild UP-TO-DATE
> Task :react-native-audio-api:assertMinimalReactNativeVersionTask SKIPPED
> Task :react-native-audio-api:downloadPrebuiltBinaries
> Task :react-native-audio-api:generateCodegenSchemaFromJavaScript
> Task :react-native-audio-api:generateCodegenArtifactsFromSchema
> Task :react-native-audio-api:preBuild
> Task :react-native-enriched-html:generateCodegenSchemaFromJavaScript SKIPPED
> Task :react-native-enriched-html:generateCodegenArtifactsFromSchema SKIPPED
> Task :react-native-enriched-html:preBuild UP-TO-DATE
> Task :react-native-executorch:generateCodegenSchemaFromJavaScript
> Task :react-native-executorch:generateCodegenArtifactsFromSchema
> Task :react-native-executorch:preBuild
> Task :react-native-gesture-handler:generateCodegenSchemaFromJavaScript
> Task :react-native-gesture-handler:generateCodegenArtifactsFromSchema
> Task :react-native-gesture-handler:preBuild
> Task :react-native-keyboard-controller:generateCodegenSchemaFromJavaScript
> Task :react-native-keyboard-controller:generateCodegenArtifactsFromSchema
> Task :react-native-keyboard-controller:preBuild
> Task :react-native-masked-view_masked-view:preBuild UP-TO-DATE

> Task :react-native-mmkv:generateCodegenSchemaFromJavaScript
No modules to process in combine-js-to-schema-cli. If this is unexpected, please check if you set up your NativeComponent correctly. See combine-js-to-schema.js for how codegen finds modules.

> Task :react-native-mmkv:generateCodegenArtifactsFromSchema
> Task :react-native-mmkv:preBuild
> Task :react-native-nitro-fetch:preBuild UP-TO-DATE

> Task :react-native-nitro-image:generateCodegenSchemaFromJavaScript
No modules to process in combine-js-to-schema-cli. If this is unexpected, please check if you set up your NativeComponent correctly. See combine-js-to-schema.js for how codegen finds modules.

> Task :react-native-nitro-image:generateCodegenArtifactsFromSchema
> Task :react-native-nitro-image:prepareHeaders
> Task :react-native-nitro-image:preBuild
> Task :react-native-nitro-modules:generateCodegenSchemaFromJavaScript
> Task :react-native-nitro-modules:generateCodegenArtifactsFromSchema
> Task :react-native-nitro-modules:prepareHeaders
> Task :react-native-nitro-modules:preBuild
> Task :react-native-pulsar:generateCodegenSchemaFromJavaScript
> Task :react-native-pulsar:generateCodegenArtifactsFromSchema
> Task :react-native-pulsar:preBuild
> Task :react-native-reanimated:assertMinimalReactNativeVersionTask
> Task :react-native-reanimated:assertWorkletsVersionTask
> Task :react-native-reanimated:generateCodegenSchemaFromJavaScript
> Task :react-native-reanimated:generateCodegenArtifactsFromSchema
> Task :react-native-reanimated:prepareReanimatedHeadersForPrefabs
> Task :react-native-reanimated:preBuild
> Task :react-native-safe-area-context:generateCodegenSchemaFromJavaScript
> Task :react-native-safe-area-context:generateCodegenArtifactsFromSchema
> Task :react-native-safe-area-context:preBuild
> Task :react-native-screens:generateCodegenSchemaFromJavaScript
> Task :react-native-screens:generateCodegenArtifactsFromSchema
> Task :react-native-screens:preBuild
> Task :react-native-svg:generateCodegenSchemaFromJavaScript
> Task :react-native-svg:generateCodegenArtifactsFromSchema
> Task :react-native-svg:preBuild

> Task :react-native-vision-camera:generateCodegenSchemaFromJavaScript
No modules to process in combine-js-to-schema-cli. If this is unexpected, please check if you set up your NativeComponent correctly. See combine-js-to-schema.js for how codegen finds modules.

> Task :react-native-vision-camera:generateCodegenArtifactsFromSchema
> Task :react-native-vision-camera:prepareHeaders
> Task :react-native-vision-camera:preBuild
> Task :react-native-webgpu:generateCodegenSchemaFromJavaScript
> Task :react-native-webgpu:generateCodegenArtifactsFromSchema
> Task :react-native-webgpu:preBuild
> Task :react-native-webview:generateCodegenSchemaFromJavaScript
> Task :react-native-webview:generateCodegenArtifactsFromSchema
> Task :react-native-webview:preBuild
> Task :react-native-worklets:assertMinimalReactNativeVersionTask
> Task :react-native-worklets:generateCodegenSchemaFromJavaScript
> Task :react-native-worklets:generateCodegenArtifactsFromSchema
> Task :react-native-worklets:prepareWorkletsHeadersForPrefabs
> Task :react-native-worklets:preBuild
> Task :react_viro:preBuild UP-TO-DATE
> Task :sentry-react-native-expo:preBuild UP-TO-DATE
> Task :sentry_react-native:generateCodegenSchemaFromJavaScript
> Task :sentry_react-native:generateCodegenArtifactsFromSchema
> Task :sentry_react-native:preBuild
> Task :shopify_react-native-skia:generateCodegenSchemaFromJavaScript
> Task :shopify_react-native-skia:generateCodegenArtifactsFromSchema
> Task :shopify_react-native-skia:prepareHeaders
> Task :shopify_react-native-skia:preBuild
> Task :unimodules-app-loader:preBuild UP-TO-DATE
> Task :viro_renderer:preBuild UP-TO-DATE
> Task :app:preBuild
> Task :app:preQuestDebugBuild
> Task :app:mergeQuestDebugNativeDebugMetadata NO-SOURCE
> Task :app:checkKotlinGradlePluginConfigurationErrors SKIPPED
> Task :app:generateQuestDebugBuildConfig
> Task :app:generateQuestDebugResValues
> Task :app:generateQuestDebugResources
> Task :app:packageQuestDebugResources
> Task :board-texture:preDebugBuild UP-TO-DATE
> Task :board-texture:processDebugNavigationResources
> Task :expo:preQuestDebugBuild
> Task :expo:processQuestDebugNavigationResources
> Task :expo-asset:preDebugBuild UP-TO-DATE
> Task :expo-asset:processDebugNavigationResources
> Task :expo-background-task:preDebugBuild UP-TO-DATE
> Task :expo-background-task:processDebugNavigationResources
> Task :expo-constants:preDebugBuild
> Task :expo-constants:processDebugNavigationResources
> Task :expo-document-picker:preDebugBuild UP-TO-DATE
> Task :expo-document-picker:processDebugNavigationResources
> Task :expo-dom-webview:preDebugBuild UP-TO-DATE
> Task :expo-dom-webview:processDebugNavigationResources
> Task :expo-drag-drop-content-view:preDebugBuild UP-TO-DATE
> Task :expo-drag-drop-content-view:processDebugNavigationResources
> Task :expo-eas-client:preDebugBuild UP-TO-DATE
> Task :expo-eas-client:processDebugNavigationResources
> Task :expo-file-system:preDebugBuild UP-TO-DATE
> Task :expo-file-system:processDebugNavigationResources
> Task :expo-font:preDebugBuild UP-TO-DATE
> Task :expo-font:processDebugNavigationResources
> Task :expo-horizon-core:preQuestDebugBuild UP-TO-DATE
> Task :expo-horizon-core:processQuestDebugNavigationResources
> Task :expo-image:preDebugBuild UP-TO-DATE
> Task :expo-image:processDebugNavigationResources
> Task :expo-image-loader:preDebugBuild UP-TO-DATE
> Task :expo-image-loader:processDebugNavigationResources
> Task :expo-image-manipulator:preDebugBuild UP-TO-DATE
> Task :expo-image-manipulator:processDebugNavigationResources
> Task :expo-image-picker:preDebugBuild UP-TO-DATE
> Task :expo-image-picker:processDebugNavigationResources
> Task :expo-json-utils:preDebugBuild UP-TO-DATE
> Task :expo-json-utils:processDebugNavigationResources
> Task :expo-keep-awake:preDebugBuild UP-TO-DATE
> Task :expo-keep-awake:processDebugNavigationResources
> Task :expo-linking:preDebugBuild UP-TO-DATE
> Task :expo-linking:processDebugNavigationResources
> Task :expo-log-box:preDebugBuild UP-TO-DATE
> Task :expo-log-box:processDebugNavigationResources
> Task :expo-manifests:preDebugBuild UP-TO-DATE
> Task :expo-manifests:processDebugNavigationResources
> Task :expo-modules-core:preDebugBuild UP-TO-DATE
> Task :expo-modules-core:processDebugNavigationResources
> Task :expo-paste-input:preDebugBuild UP-TO-DATE
> Task :expo-paste-input:processDebugNavigationResources
> Task :expo-pico-core:preMobileDebugBuild UP-TO-DATE
> Task :expo-pico-core:processMobileDebugNavigationResources
> Task :expo-router:preDebugBuild UP-TO-DATE
> Task :expo-router:processDebugNavigationResources
> Task :expo-screen-capture:preDebugBuild UP-TO-DATE
> Task :expo-screen-capture:processDebugNavigationResources
> Task :expo-secure-store:preDebugBuild UP-TO-DATE
> Task :expo-secure-store:processDebugNavigationResources
> Task :expo-splash-screen:preDebugBuild UP-TO-DATE
> Task :expo-splash-screen:processDebugNavigationResources
> Task :expo-status-bar:preDebugBuild UP-TO-DATE
> Task :expo-status-bar:processDebugNavigationResources
> Task :expo-structured-headers:preDebugBuild UP-TO-DATE
> Task :expo-structured-headers:processDebugNavigationResources
> Task :expo-system-ui:preDebugBuild UP-TO-DATE
> Task :expo-system-ui:processDebugNavigationResources
> Task :expo-task-manager:preDebugBuild UP-TO-DATE
> Task :expo-task-manager:processDebugNavigationResources
> Task :expo-ui:preDebugBuild UP-TO-DATE
> Task :expo-ui:processDebugNavigationResources
> Task :expo-updates:preDebugBuild UP-TO-DATE
> Task :expo-updates:processDebugNavigationResources
> Task :expo-updates-interface:preDebugBuild UP-TO-DATE
> Task :expo-updates-interface:processDebugNavigationResources
> Task :nandorojo-galeria:preDebugBuild UP-TO-DATE
> Task :nandorojo-galeria:processDebugNavigationResources
> Task :nitro-canvas-in-Vision:preDebugBuild UP-TO-DATE
> Task :nitro-canvas-in-Vision:processDebugNavigationResources
> Task :react-native-audio-api:preDebugBuild
> Task :react-native-audio-api:processDebugNavigationResources
> Task :react-native-enriched-html:preDebugBuild UP-TO-DATE
> Task :react-native-enriched-html:processDebugNavigationResources
> Task :react-native-executorch:preDebugBuild
> Task :react-native-executorch:processDebugNavigationResources
> Task :react-native-gesture-handler:preDebugBuild
> Task :react-native-gesture-handler:processDebugNavigationResources
> Task :react-native-keyboard-controller:preDebugBuild
> Task :react-native-keyboard-controller:processDebugNavigationResources
> Task :react-native-masked-view_masked-view:preDebugBuild UP-TO-DATE
> Task :react-native-masked-view_masked-view:processDebugNavigationResources
> Task :react-native-mmkv:preDebugBuild
> Task :react-native-mmkv:processDebugNavigationResources
> Task :react-native-nitro-fetch:preDebugBuild UP-TO-DATE
> Task :react-native-nitro-fetch:processDebugNavigationResources
> Task :react-native-nitro-image:preDebugBuild
> Task :react-native-nitro-image:processDebugNavigationResources
> Task :react-native-nitro-modules:preDebugBuild
> Task :react-native-nitro-modules:processDebugNavigationResources
> Task :react-native-pulsar:preDebugBuild
> Task :react-native-pulsar:processDebugNavigationResources
> Task :react-native-reanimated:preDebugBuild
> Task :react-native-reanimated:processDebugNavigationResources
> Task :react-native-safe-area-context:preDebugBuild
> Task :react-native-safe-area-context:processDebugNavigationResources
> Task :react-native-screens:preDebugBuild
> Task :react-native-screens:processDebugNavigationResources
> Task :react-native-svg:preDebugBuild
> Task :react-native-svg:processDebugNavigationResources
> Task :react-native-vision-camera:preDebugBuild
> Task :react-native-vision-camera:processDebugNavigationResources
> Task :react-native-webgpu:preDebugBuild
> Task :react-native-webgpu:processDebugNavigationResources
> Task :react-native-webview:preDebugBuild
> Task :react-native-webview:processDebugNavigationResources
> Task :react-native-worklets:preDebugBuild
> Task :react-native-worklets:processDebugNavigationResources
> Task :react_viro:preQuestDebugBuild UP-TO-DATE
> Task :react_viro:processQuestDebugNavigationResources
> Task :sentry-react-native-expo:preDebugBuild UP-TO-DATE
> Task :sentry-react-native-expo:processDebugNavigationResources
> Task :sentry_react-native:preDebugBuild
> Task :sentry_react-native:processDebugNavigationResources
> Task :shopify_react-native-skia:preDebugBuild
> Task :shopify_react-native-skia:processDebugNavigationResources
> Task :unimodules-app-loader:preDebugBuild UP-TO-DATE
> Task :unimodules-app-loader:processDebugNavigationResources
> Task :viro_renderer:preQuestDebugBuild UP-TO-DATE
> Task :viro_renderer:processQuestDebugNavigationResources
> Task :app:processQuestDebugNavigationResources
> Task :board-texture:checkKotlinGradlePluginConfigurationErrors SKIPPED
> Task :board-texture:generateDebugResources
> Task :board-texture:packageDebugResources
> Task :board-texture:parseDebugLocalResources
> Task :app:parseQuestDebugLocalResources
> Task :board-texture:generateDebugRFile
> Task :app:generateQuestDebugRFile
> Task :expo-modules-core:checkKotlinGradlePluginConfigurationErrors SKIPPED
> Task :expo-modules-core:generateDebugBuildConfig
> Task :expo-modules-core:generateDebugResources
> Task :expo-modules-core:packageDebugResources
> Task :react-native-worklets:checkKotlinGradlePluginConfigurationErrors SKIPPED
> Task :react-native-worklets:generateDebugBuildConfig
> Task :react-native-worklets:generateDebugResources
> Task :expo-modules-core:parseDebugLocalResources
> Task :react-native-worklets:packageDebugResources
> Task :expo-modules-core:generateDebugRFile
> Task :react-native-worklets:parseDebugLocalResources
> Task :react-native-worklets:javaPreCompileDebug
> Task :react-native-worklets:generateDebugRFile
> Task :expo-modules-core:javaPreCompileDebug
> Task :react_viro:prePicoDebugBuild UP-TO-DATE
> Task :react_viro:generatePicoDebugResources
> Task :react_viro:packagePicoDebugResources
> Task :react_viro:processPicoDebugNavigationResources
> Task :react_viro:parsePicoDebugLocalResources
> Task :react_viro:generatePicoDebugRFile
> Task :react_viro:javaPreCompilePicoDebug
> Task :react_viro:compilePicoDebugJavaWithJavac NO-SOURCE
> Task :react_viro:bundleLibCompileToJarPicoDebug
> Task :viro_renderer:prePicoDebugBuild UP-TO-DATE
> Task :viro_renderer:generatePicoDebugResources
> Task :viro_renderer:packagePicoDebugResources
> Task :viro_renderer:processPicoDebugNavigationResources
> Task :viro_renderer:parsePicoDebugLocalResources
> Task :viro_renderer:generatePicoDebugRFile
> Task :viro_renderer:javaPreCompilePicoDebug
> Task :viro_renderer:compilePicoDebugJavaWithJavac NO-SOURCE
> Task :viro_renderer:bundleLibCompileToJarPicoDebug
> Task :board-texture:javaPreCompileDebug
> Task :expo:checkKotlinGradlePluginConfigurationErrors SKIPPED
> Task :expo:generateQuestDebugResources
> Task :expo:packageQuestDebugResources
> Task :expo:parseQuestDebugLocalResources
> Task :expo:generateQuestDebugRFile
> Task :expo-asset:checkKotlinGradlePluginConfigurationErrors SKIPPED
> Task :expo-asset:generateDebugResources
> Task :expo-asset:packageDebugResources
> Task :expo-asset:parseDebugLocalResources
> Task :expo-asset:generateDebugRFile
> Task :expo-asset:javaPreCompileDebug
> Task :expo-background-task:checkKotlinGradlePluginConfigurationErrors SKIPPED
> Task :expo-background-task:generateDebugResources
> Task :expo-background-task:packageDebugResources
> Task :expo-background-task:parseDebugLocalResources
> Task :expo-background-task:generateDebugRFile
> Task :expo-background-task:javaPreCompileDebug
> Task :expo-constants:checkKotlinGradlePluginConfigurationErrors SKIPPED
> Task :expo-constants:generateDebugResources
> Task :expo-constants:packageDebugResources
> Task :expo-constants:parseDebugLocalResources
> Task :expo-constants:generateDebugRFile
> Task :expo-constants:javaPreCompileDebug
> Task :expo-document-picker:checkKotlinGradlePluginConfigurationErrors SKIPPED
> Task :expo-document-picker:generateDebugResources
> Task :expo-document-picker:packageDebugResources
> Task :expo-document-picker:parseDebugLocalResources
> Task :expo-document-picker:generateDebugRFile
> Task :expo-document-picker:javaPreCompileDebug
> Task :expo-dom-webview:checkKotlinGradlePluginConfigurationErrors SKIPPED
> Task :expo-dom-webview:generateDebugResources
> Task :expo-dom-webview:packageDebugResources
> Task :expo-dom-webview:parseDebugLocalResources
> Task :expo-dom-webview:generateDebugRFile
> Task :expo-dom-webview:javaPreCompileDebug
> Task :expo-drag-drop-content-view:checkKotlinGradlePluginConfigurationErrors SKIPPED
> Task :expo-drag-drop-content-view:generateDebugResources
> Task :expo-drag-drop-content-view:packageDebugResources
> Task :expo-drag-drop-content-view:parseDebugLocalResources
> Task :expo-drag-drop-content-view:generateDebugRFile
> Task :expo-drag-drop-content-view:javaPreCompileDebug
> Task :expo-eas-client:checkKotlinGradlePluginConfigurationErrors SKIPPED
> Task :expo-eas-client:generateDebugResources
> Task :expo-eas-client:packageDebugResources
> Task :expo-eas-client:parseDebugLocalResources
> Task :expo-eas-client:generateDebugRFile
> Task :expo-eas-client:javaPreCompileDebug
> Task :expo-file-system:checkKotlinGradlePluginConfigurationErrors SKIPPED
> Task :expo-file-system:generateDebugResources
> Task :expo-file-system:packageDebugResources
> Task :expo-file-system:parseDebugLocalResources
> Task :expo-file-system:generateDebugRFile
> Task :expo-file-system:javaPreCompileDebug
> Task :expo-font:checkKotlinGradlePluginConfigurationErrors SKIPPED
> Task :expo-font:generateDebugResources
> Task :expo-font:packageDebugResources
> Task :expo-font:parseDebugLocalResources
> Task :expo-font:generateDebugRFile
> Task :expo-font:javaPreCompileDebug
> Task :expo-horizon-core:checkKotlinGradlePluginConfigurationErrors SKIPPED
> Task :expo-horizon-core:generateQuestDebugBuildConfig
> Task :expo-horizon-core:generateQuestDebugResources
> Task :expo-horizon-core:packageQuestDebugResources
> Task :expo-horizon-core:parseQuestDebugLocalResources
> Task :expo-horizon-core:generateQuestDebugRFile
> Task :expo-horizon-core:javaPreCompileQuestDebug
> Task :expo-image:checkKotlinGradlePluginConfigurationErrors SKIPPED
> Task :expo-image:generateDebugBuildConfig
> Task :expo-image:generateDebugResources
> Task :expo-image:packageDebugResources
> Task :expo-image:parseDebugLocalResources
> Task :expo-image:generateDebugRFile
> Task :expo-image:javaPreCompileDebug
> Task :expo-image-loader:checkKotlinGradlePluginConfigurationErrors SKIPPED
> Task :expo-image-loader:generateDebugResources
> Task :expo-image-loader:packageDebugResources
> Task :expo-image-loader:parseDebugLocalResources
> Task :expo-image-loader:generateDebugRFile
> Task :expo-image-loader:javaPreCompileDebug
> Task :expo-image-manipulator:checkKotlinGradlePluginConfigurationErrors SKIPPED
> Task :expo-image-manipulator:generateDebugResources
> Task :expo-image-manipulator:packageDebugResources
> Task :expo-image-manipulator:parseDebugLocalResources
> Task :expo-image-manipulator:generateDebugRFile
> Task :expo-image-manipulator:javaPreCompileDebug
> Task :expo-image-picker:checkKotlinGradlePluginConfigurationErrors SKIPPED
> Task :expo-image-picker:generateDebugResources
> Task :expo-image-picker:packageDebugResources
> Task :expo-image-picker:parseDebugLocalResources
> Task :expo-image-picker:generateDebugRFile
> Task :expo-image-picker:javaPreCompileDebug
> Task :expo-json-utils:checkKotlinGradlePluginConfigurationErrors SKIPPED
> Task :expo-json-utils:generateDebugResources
> Task :expo-json-utils:packageDebugResources
> Task :expo-json-utils:parseDebugLocalResources
> Task :expo-json-utils:generateDebugRFile
> Task :expo-json-utils:javaPreCompileDebug
> Task :expo-keep-awake:checkKotlinGradlePluginConfigurationErrors SKIPPED
> Task :expo-keep-awake:generateDebugResources
> Task :expo-keep-awake:packageDebugResources
> Task :expo-keep-awake:parseDebugLocalResources
> Task :expo-keep-awake:generateDebugRFile
> Task :expo-keep-awake:javaPreCompileDebug
> Task :expo-linking:checkKotlinGradlePluginConfigurationErrors SKIPPED
> Task :expo-linking:generateDebugResources
> Task :expo-linking:packageDebugResources
> Task :expo-linking:parseDebugLocalResources
> Task :expo-linking:generateDebugRFile
> Task :expo-linking:javaPreCompileDebug
> Task :expo-log-box:checkKotlinGradlePluginConfigurationErrors SKIPPED
> Task :expo-log-box:generateDebugBuildConfig
> Task :expo-log-box:generateDebugResources
> Task :expo-log-box:packageDebugResources
> Task :expo-log-box:parseDebugLocalResources
> Task :expo-log-box:generateDebugRFile
> Task :expo-log-box:javaPreCompileDebug
> Task :expo-manifests:checkKotlinGradlePluginConfigurationErrors SKIPPED
> Task :expo-manifests:generateDebugResources
> Task :expo-manifests:packageDebugResources
> Task :expo-manifests:parseDebugLocalResources
> Task :expo-manifests:generateDebugRFile
> Task :expo-manifests:javaPreCompileDebug
> Task :expo-paste-input:checkKotlinGradlePluginConfigurationErrors SKIPPED
> Task :expo-paste-input:generateDebugResources
> Task :expo-paste-input:packageDebugResources
> Task :expo-paste-input:parseDebugLocalResources
> Task :expo-paste-input:generateDebugRFile
> Task :expo-paste-input:javaPreCompileDebug
> Task :expo-router:checkKotlinGradlePluginConfigurationErrors SKIPPED
> Task :expo-router:generateDebugResources
> Task :expo-router:packageDebugResources
> Task :expo-router:parseDebugLocalResources
> Task :expo-router:generateDebugRFile
> Task :expo-router:javaPreCompileDebug
> Task :expo-screen-capture:checkKotlinGradlePluginConfigurationErrors SKIPPED
> Task :expo-screen-capture:generateDebugResources
> Task :expo-screen-capture:packageDebugResources
> Task :expo-screen-capture:parseDebugLocalResources
> Task :expo-screen-capture:generateDebugRFile
> Task :expo-screen-capture:javaPreCompileDebug
> Task :expo-secure-store:checkKotlinGradlePluginConfigurationErrors SKIPPED
> Task :expo-secure-store:generateDebugResources
> Task :expo-secure-store:packageDebugResources
> Task :expo-secure-store:parseDebugLocalResources
> Task :expo-secure-store:generateDebugRFile
> Task :expo-secure-store:javaPreCompileDebug
> Task :expo-splash-screen:checkKotlinGradlePluginConfigurationErrors SKIPPED
> Task :expo-splash-screen:generateDebugResources
> Task :expo-splash-screen:packageDebugResources
> Task :expo-splash-screen:parseDebugLocalResources
> Task :expo-splash-screen:generateDebugRFile
> Task :expo-splash-screen:javaPreCompileDebug
> Task :expo-status-bar:checkKotlinGradlePluginConfigurationErrors SKIPPED
> Task :expo-status-bar:generateDebugResources
> Task :expo-status-bar:packageDebugResources
> Task :expo-status-bar:parseDebugLocalResources
> Task :expo-status-bar:generateDebugRFile
> Task :expo-status-bar:javaPreCompileDebug
> Task :expo-structured-headers:checkKotlinGradlePluginConfigurationErrors SKIPPED
> Task :expo-structured-headers:generateDebugResources
> Task :expo-structured-headers:packageDebugResources
> Task :expo-structured-headers:parseDebugLocalResources
> Task :expo-structured-headers:generateDebugRFile
> Task :expo-structured-headers:javaPreCompileDebug
> Task :expo-system-ui:checkKotlinGradlePluginConfigurationErrors SKIPPED
> Task :expo-system-ui:generateDebugResources
> Task :expo-system-ui:packageDebugResources
> Task :expo-system-ui:parseDebugLocalResources
> Task :expo-system-ui:generateDebugRFile
> Task :expo-system-ui:javaPreCompileDebug
> Task :expo-task-manager:checkKotlinGradlePluginConfigurationErrors SKIPPED
> Task :expo-task-manager:generateDebugResources
> Task :expo-task-manager:packageDebugResources
> Task :expo-task-manager:parseDebugLocalResources
> Task :expo-task-manager:generateDebugRFile
> Task :unimodules-app-loader:checkKotlinGradlePluginConfigurationErrors SKIPPED
> Task :unimodules-app-loader:generateDebugResources
> Task :unimodules-app-loader:packageDebugResources
> Task :unimodules-app-loader:parseDebugLocalResources
> Task :unimodules-app-loader:generateDebugRFile
> Task :unimodules-app-loader:javaPreCompileDebug
> Task :expo-task-manager:javaPreCompileDebug
> Task :expo-ui:checkKotlinGradlePluginConfigurationErrors SKIPPED
> Task :expo-ui:generateDebugBuildConfig
> Task :expo-ui:generateDebugResources
> Task :expo-ui:packageDebugResources
> Task :expo-ui:parseDebugLocalResources
> Task :expo-ui:generateDebugRFile
> Task :expo-ui:javaPreCompileDebug
> Task :expo-updates:checkKotlinGradlePluginConfigurationErrors SKIPPED
> Task :expo-updates:generateDebugBuildConfig
> Task :expo-updates:generateDebugResources
> Task :expo-updates:packageDebugResources
> Task :expo-updates:parseDebugLocalResources
> Task :expo-updates:generateDebugRFile
> Task :expo-updates-interface:checkKotlinGradlePluginConfigurationErrors SKIPPED
> Task :expo-updates-interface:generateDebugResources
> Task :expo-updates-interface:packageDebugResources
> Task :expo-updates-interface:parseDebugLocalResources
> Task :expo-updates-interface:generateDebugRFile
> Task :expo-updates-interface:javaPreCompileDebug
> Task :expo-updates:javaPreCompileDebug
> Task :nandorojo-galeria:checkKotlinGradlePluginConfigurationErrors SKIPPED
> Task :nandorojo-galeria:generateDebugResources
> Task :nandorojo-galeria:packageDebugResources
> Task :nandorojo-galeria:parseDebugLocalResources
> Task :nandorojo-galeria:generateDebugRFile
> Task :nandorojo-galeria:javaPreCompileDebug
> Task :sentry-react-native-expo:generateDebugResources
> Task :sentry-react-native-expo:packageDebugResources
> Task :sentry-react-native-expo:parseDebugLocalResources
> Task :sentry-react-native-expo:generateDebugRFile
> Task :sentry-react-native-expo:javaPreCompileDebug
> Task :expo:javaPreCompileQuestDebug
> Task :expo-pico-core:checkKotlinGradlePluginConfigurationErrors SKIPPED
> Task :expo-pico-core:generateMobileDebugBuildConfig
> Task :expo-pico-core:generateMobileDebugResources
> Task :expo-pico-core:packageMobileDebugResources
> Task :expo-pico-core:parseMobileDebugLocalResources
> Task :expo-pico-core:generateMobileDebugRFile
> Task :react-native-nitro-modules:checkKotlinGradlePluginConfigurationErrors SKIPPED
> Task :react-native-nitro-modules:generateDebugBuildConfig
> Task :react-native-nitro-modules:generateDebugResources
> Task :react-native-nitro-modules:packageDebugResources
> Task :react-native-nitro-modules:parseDebugLocalResources
> Task :react-native-nitro-modules:generateDebugRFile
> Task :react-native-worklets:compileDebugKotlin
> Task :react-native-nitro-modules:compileDebugKotlin
> Task :react-native-worklets:compileDebugJavaWithJavac
> Task :react-native-nitro-modules:javaPreCompileDebug
> Task :react-native-worklets:bundleLibCompileToJarDebug
> Task :react-native-nitro-modules:compileDebugJavaWithJavac
> Task :react-native-nitro-modules:bundleLibCompileToJarDebug

> Task :expo-pico-core:compileMobileDebugKotlin
w: file:///Users/mikevocalz/moyo-rive-panel/node_modules/@expo-pico/core/android/src/nitro/PicoCorePackage.kt:40:18 This declaration overrides a deprecated member but is not marked as deprecated itself. Add the '@Deprecated' annotation or suppress the diagnostic.

> Task :expo-pico-core:javaPreCompileMobileDebug
> Task :expo-pico-core:compileMobileDebugJavaWithJavac
> Task :expo-pico-core:bundleLibCompileToJarMobileDebug
> Task :nitro-canvas-in-Vision:checkKotlinGradlePluginConfigurationErrors SKIPPED
> Task :nitro-canvas-in-Vision:generateDebugBuildConfig
> Task :nitro-canvas-in-Vision:generateDebugResources
> Task :nitro-canvas-in-Vision:packageDebugResources
> Task :nitro-canvas-in-Vision:parseDebugLocalResources
> Task :nitro-canvas-in-Vision:generateDebugRFile

> Task :nitro-canvas-in-Vision:compileDebugKotlin
w: file:///Users/mikevocalz/moyo-rive-panel/node_modules/nitro-canvas-in-Vision/android/src/main/java/com/margelo/nitro/nitrocanvasinVision/HybridRivePanel.kt:31:46 'fun stateMachine(name: String): StateMachineInstance' is deprecated. Multiple state machines are deprecated. Use only the first state machine.
w: file:///Users/mikevocalz/moyo-rive-panel/node_modules/nitro-canvas-in-Vision/android/src/main/java/com/margelo/nitro/nitrocanvasinVision/HybridRivePanel.kt:32:18 'val stateMachineCount: Int' is deprecated. Multiple state machines are deprecated. Use only the first state machine.
w: file:///Users/mikevocalz/moyo-rive-panel/node_modules/nitro-canvas-in-Vision/android/src/main/java/com/margelo/nitro/nitrocanvasinVision/HybridRivePanel.kt:32:52 'fun stateMachine(index: Int): StateMachineInstance' is deprecated. Multiple state machines are deprecated. Use only the first state machine.

> Task :nitro-canvas-in-Vision:javaPreCompileDebug
> Task :nitro-canvas-in-Vision:compileDebugJavaWithJavac
> Task :nitro-canvas-in-Vision:bundleLibCompileToJarDebug
> Task :react-native-audio-api:checkKotlinGradlePluginConfigurationErrors SKIPPED
> Task :react-native-audio-api:generateDebugBuildConfig
> Task :react-native-audio-api:generateDebugResources
> Task :react-native-audio-api:packageDebugResources
> Task :react-native-audio-api:parseDebugLocalResources
> Task :react-native-audio-api:generateDebugRFile

> Task :react-native-audio-api:compileDebugKotlin
w: file:///Users/mikevocalz/moyo-rive-panel/node_modules/react-native-audio-api/android/src/main/java/com/swmansion/audioapi/system/AudioFocusListener.kt:67:27 'fun requestAudioFocus(p0: AudioManager.OnAudioFocusChangeListener!, p1: Int, p2: Int): Int' is deprecated. Deprecated in Java.
w: file:///Users/mikevocalz/moyo-rive-panel/node_modules/react-native-audio-api/android/src/main/java/com/swmansion/audioapi/system/AudioFocusListener.kt:75:27 'fun abandonAudioFocus(p0: AudioManager.OnAudioFocusChangeListener!): Int' is deprecated. Deprecated in Java.
w: file:///Users/mikevocalz/moyo-rive-panel/node_modules/react-native-audio-api/android/src/main/java/com/swmansion/audioapi/system/notification/PlaybackNotification.kt:475:14 'fun getInstance(): ResourceDrawableIdHelper' is deprecated. Use .instance instead, this API is for backward compat.

> Task :react-native-audio-api:javaPreCompileDebug
> Task :react-native-audio-api:compileDebugJavaWithJavac
> Task :react-native-audio-api:bundleLibCompileToJarDebug
> Task :react-native-enriched-html:checkKotlinGradlePluginConfigurationErrors SKIPPED
> Task :react-native-enriched-html:generateDebugBuildConfig
> Task :react-native-enriched-html:generateDebugResources
> Task :react-native-enriched-html:packageDebugResources
> Task :react-native-enriched-html:parseDebugLocalResources
> Task :react-native-enriched-html:generateDebugRFile

> Task :react-native-enriched-html:compileDebugKotlin
w: file:///Users/mikevocalz/moyo-rive-panel/node_modules/react-native-enriched-html/android/src/main/java/com/swmansion/enriched/ReactNativeEnrichedPackage.kt:21:16 This declaration overrides a deprecated member but is not marked as deprecated itself. Add the '@Deprecated' annotation or suppress the diagnostic.
w: file:///Users/mikevocalz/moyo-rive-panel/node_modules/react-native-enriched-html/android/src/main/java/com/swmansion/enriched/common/ResourceManager.kt:22:53 'fun getDrawable(p0: Int): Drawable!' is deprecated. Deprecated in Java.
w: file:///Users/mikevocalz/moyo-rive-panel/node_modules/react-native-enriched-html/android/src/main/java/com/swmansion/enriched/text/spans/EnrichedTextLinkSpan.kt:32:38 'fun getEventDispatcherForReactTag(context: ReactContext, reactTag: Int): EventDispatcher?' is deprecated. reactTag is no longer needed.
w: file:///Users/mikevocalz/moyo-rive-panel/node_modules/react-native-enriched-html/android/src/main/java/com/swmansion/enriched/text/spans/EnrichedTextMentionSpan.kt:52:38 'fun getEventDispatcherForReactTag(context: ReactContext, reactTag: Int): EventDispatcher?' is deprecated. reactTag is no longer needed.
w: file:///Users/mikevocalz/moyo-rive-panel/node_modules/react-native-enriched-html/android/src/main/java/com/swmansion/enriched/textinput/EnrichedTextInputConnectionWrapper.kt:124:43 'fun getEventDispatcherForReactTag(context: ReactContext, reactTag: Int): EventDispatcher?' is deprecated. reactTag is no longer needed.
w: file:///Users/mikevocalz/moyo-rive-panel/node_modules/react-native-enriched-html/android/src/main/java/com/swmansion/enriched/textinput/EnrichedTextInputView.kt:275:38 'fun getEventDispatcherForReactTag(context: ReactContext, reactTag: Int): EventDispatcher?' is deprecated. reactTag is no longer needed.
w: file:///Users/mikevocalz/moyo-rive-panel/node_modules/react-native-enriched-html/android/src/main/java/com/swmansion/enriched/textinput/EnrichedTextInputView.kt:339:38 'fun getEventDispatcherForReactTag(context: ReactContext, reactTag: Int): EventDispatcher?' is deprecated. reactTag is no longer needed.
w: file:///Users/mikevocalz/moyo-rive-panel/node_modules/react-native-enriched-html/android/src/main/java/com/swmansion/enriched/textinput/EnrichedTextInputView.kt:750:38 'fun getEventDispatcherForReactTag(context: ReactContext, reactTag: Int): EventDispatcher?' is deprecated. reactTag is no longer needed.
w: file:///Users/mikevocalz/moyo-rive-panel/node_modules/react-native-enriched-html/android/src/main/java/com/swmansion/enriched/textinput/EnrichedTextInputView.kt:1018:38 'fun getEventDispatcherForReactTag(context: ReactContext, reactTag: Int): EventDispatcher?' is deprecated. reactTag is no longer needed.
w: file:///Users/mikevocalz/moyo-rive-panel/node_modules/react-native-enriched-html/android/src/main/java/com/swmansion/enriched/textinput/events/MentionHandler.kt:54:38 'fun getEventDispatcherForReactTag(context: ReactContext, reactTag: Int): EventDispatcher?' is deprecated. reactTag is no longer needed.
w: file:///Users/mikevocalz/moyo-rive-panel/node_modules/react-native-enriched-html/android/src/main/java/com/swmansion/enriched/textinput/utils/EnrichedSelection.kt:244:38 'fun getEventDispatcherForReactTag(context: ReactContext, reactTag: Int): EventDispatcher?' is deprecated. reactTag is no longer needed.
w: file:///Users/mikevocalz/moyo-rive-panel/node_modules/react-native-enriched-html/android/src/main/java/com/swmansion/enriched/textinput/utils/EnrichedSelection.kt:293:38 'fun getEventDispatcherForReactTag(context: ReactContext, reactTag: Int): EventDispatcher?' is deprecated. reactTag is no longer needed.
w: file:///Users/mikevocalz/moyo-rive-panel/node_modules/react-native-enriched-html/android/src/main/java/com/swmansion/enriched/textinput/utils/EnrichedSelection.kt:330:38 'fun getEventDispatcherForReactTag(context: ReactContext, reactTag: Int): EventDispatcher?' is deprecated. reactTag is no longer needed.
w: file:///Users/mikevocalz/moyo-rive-panel/node_modules/react-native-enriched-html/android/src/main/java/com/swmansion/enriched/textinput/utils/EnrichedSpanState.kt:264:38 'fun getEventDispatcherForReactTag(context: ReactContext, reactTag: Int): EventDispatcher?' is deprecated. reactTag is no longer needed.
w: file:///Users/mikevocalz/moyo-rive-panel/node_modules/react-native-enriched-html/android/src/main/java/com/swmansion/enriched/textinput/utils/RichContentReceiver.kt:74:38 'fun getEventDispatcherForReactTag(context: ReactContext, reactTag: Int): EventDispatcher?' is deprecated. reactTag is no longer needed.
w: file:///Users/mikevocalz/moyo-rive-panel/node_modules/react-native-enriched-html/android/src/main/java/com/swmansion/enriched/textinput/watchers/EnrichedSpanWatcher.kt:99:38 'fun getEventDispatcherForReactTag(context: ReactContext, reactTag: Int): EventDispatcher?' is deprecated. reactTag is no longer needed.
w: file:///Users/mikevocalz/moyo-rive-panel/node_modules/react-native-enriched-html/android/src/main/java/com/swmansion/enriched/textinput/watchers/EnrichedTextWatcher.kt:91:38 'fun getEventDispatcherForReactTag(context: ReactContext, reactTag: Int): EventDispatcher?' is deprecated. reactTag is no longer needed.

> Task :react-native-enriched-html:javaPreCompileDebug

> Task :react-native-enriched-html:compileDebugJavaWithJavac
Note: /Users/mikevocalz/moyo-rive-panel/node_modules/react-native-enriched-html/android/src/main/java/com/swmansion/enriched/common/parser/EnrichedParser.java uses unchecked or unsafe operations.
Note: Recompile with -Xlint:unchecked for details.

> Task :react-native-enriched-html:bundleLibCompileToJarDebug
> Task :react-native-executorch:checkKotlinGradlePluginConfigurationErrors SKIPPED
> Task :react-native-executorch:generateDebugBuildConfig
> Task :react-native-executorch:generateDebugResources
> Task :react-native-executorch:packageDebugResources
> Task :react-native-executorch:parseDebugLocalResources
> Task :react-native-executorch:generateDebugRFile

> Task :react-native-executorch:compileDebugKotlin
w: file:///Users/mikevocalz/moyo-rive-panel/node_modules/react-native-executorch/android/src/main/java/com/swmansion/rnexecutorch/RnExecutorchPackage.kt:3:8 'class TurboReactPackage : BaseReactPackage' is deprecated. Use BaseReactPackage instead.
w: file:///Users/mikevocalz/moyo-rive-panel/node_modules/react-native-executorch/android/src/main/java/com/swmansion/rnexecutorch/RnExecutorchPackage.kt:10:29 'class TurboReactPackage : BaseReactPackage' is deprecated. Use BaseReactPackage instead.
w: file:///Users/mikevocalz/moyo-rive-panel/node_modules/react-native-executorch/android/src/main/java/com/swmansion/rnexecutorch/RnExecutorchPackage.kt:38:9 'constructor(name: String, className: String, canOverrideExistingModule: Boolean, needsEagerInit: Boolean, hasConstants: Boolean, isCxxModule: Boolean, isTurboModule: Boolean): ReactModuleInfo' is deprecated. This constructor is deprecated and will be removed in the future. Use ReactModuleInfo(String, String, boolean, boolean, boolean, boolean)].

> Task :react-native-executorch:javaPreCompileDebug
> Task :react-native-executorch:compileDebugJavaWithJavac
> Task :react-native-executorch:bundleLibCompileToJarDebug
> Task :react-native-gesture-handler:checkKotlinGradlePluginConfigurationErrors SKIPPED
> Task :react-native-gesture-handler:generateDebugBuildConfig
> Task :react-native-gesture-handler:generateDebugResources
> Task :react-native-gesture-handler:packageDebugResources
> Task :react-native-gesture-handler:parseDebugLocalResources
> Task :react-native-gesture-handler:generateDebugRFile
> Task :react-native-reanimated:checkKotlinGradlePluginConfigurationErrors SKIPPED
> Task :react-native-reanimated:generateDebugBuildConfig
> Task :react-native-reanimated:generateDebugResources
> Task :react-native-reanimated:packageDebugResources
> Task :react-native-reanimated:parseDebugLocalResources
> Task :react-native-reanimated:generateDebugRFile

> Task :react-native-reanimated:compileDebugKotlin
w: file:///Users/mikevocalz/moyo-rive-panel/node_modules/react-native-reanimated/android/src/main/java/com/swmansion/reanimated/NodesManager.kt:13:8 'class UIManagerModule : ReactContextBaseJavaModule, LifecycleEventListener, UIManager' is deprecated. This class is part of Legacy Architecture and will be removed in a future release.
w: file:///Users/mikevocalz/moyo-rive-panel/node_modules/react-native-reanimated/android/src/main/java/com/swmansion/reanimated/NodesManager.kt:58:95 'fun resolveCustomDirectEventName(eventName: String): String?' is deprecated.
w: file:///Users/mikevocalz/moyo-rive-panel/node_modules/react-native-reanimated/android/src/main/java/com/swmansion/reanimated/NodesManager.kt:234:29 'fun receiveEvent(surfaceId: Int, targetTag: Int, eventName: String, canCoalesceEvent: Boolean, customCoalesceKey: Int, params: WritableMap?, category: Int): Unit' is deprecated. Use the overload with eventTimestamp parameter instead.
w: file:///Users/mikevocalz/moyo-rive-panel/node_modules/react-native-reanimated/android/src/main/java/com/swmansion/reanimated/ReanimatedPackage.kt:5:8 'class ReactInstanceManager : Any' is deprecated. Deprecated in Java.
w: file:///Users/mikevocalz/moyo-rive-panel/node_modules/react-native-reanimated/android/src/main/java/com/swmansion/reanimated/ReanimatedPackage.kt:60:73 'class ReactInstanceManager : Any' is deprecated. Deprecated in Java.
w: file:///Users/mikevocalz/moyo-rive-panel/node_modules/react-native-reanimated/android/src/main/java/com/swmansion/reanimated/ReanimatedPackage.kt:61:63 'val reactNativeHost: ReactNativeHost' is deprecated. You should not use ReactNativeHost directly in the New Architecture. Use ReactHost instead.
w: file:///Users/mikevocalz/moyo-rive-panel/node_modules/react-native-reanimated/android/src/main/java/com/swmansion/reanimated/nativeProxy/EventHandler.kt:7:8 'class UIManagerModule : ReactContextBaseJavaModule, LifecycleEventListener, UIManager' is deprecated. This class is part of Legacy Architecture and will be removed in a future release.
w: file:///Users/mikevocalz/moyo-rive-panel/node_modules/react-native-reanimated/android/src/main/java/com/swmansion/reanimated/nativeProxy/EventHandler.kt:25:18 This declaration overrides a deprecated member but is not marked as deprecated itself. Add the '@Deprecated' annotation or suppress the diagnostic.
w: file:///Users/mikevocalz/moyo-rive-panel/node_modules/react-native-reanimated/android/src/main/java/com/swmansion/reanimated/nativeProxy/EventHandler.kt:38:18 This declaration overrides a deprecated member but is not marked as deprecated itself. Add the '@Deprecated' annotation or suppress the diagnostic.
w: file:///Users/mikevocalz/moyo-rive-panel/node_modules/react-native-reanimated/android/src/main/java/com/swmansion/reanimated/nativeProxy/EventHandler.kt:48:18 This declaration overrides a deprecated member but is not marked as deprecated itself. Add the '@Deprecated' annotation or suppress the diagnostic.
w: file:///Users/mikevocalz/moyo-rive-panel/node_modules/react-native-reanimated/android/src/main/java/com/swmansion/reanimated/nativeProxy/EventHandler.kt:57:18 This declaration overrides a deprecated member but is not marked as deprecated itself. Add the '@Deprecated' annotation or suppress the diagnostic.
w: file:///Users/mikevocalz/moyo-rive-panel/node_modules/react-native-reanimated/android/src/main/java/com/swmansion/reanimated/nativeProxy/NoopEventHandler.kt:8:18 This declaration overrides a deprecated member but is not marked as deprecated itself. Add the '@Deprecated' annotation or suppress the diagnostic.
w: file:///Users/mikevocalz/moyo-rive-panel/node_modules/react-native-reanimated/android/src/main/java/com/swmansion/reanimated/nativeProxy/NoopEventHandler.kt:20:18 This declaration overrides a deprecated member but is not marked as deprecated itself. Add the '@Deprecated' annotation or suppress the diagnostic.
w: file:///Users/mikevocalz/moyo-rive-panel/node_modules/react-native-reanimated/android/src/main/java/com/swmansion/reanimated/nativeProxy/NoopEventHandler.kt:29:18 This declaration overrides a deprecated member but is not marked as deprecated itself. Add the '@Deprecated' annotation or suppress the diagnostic.
w: file:///Users/mikevocalz/moyo-rive-panel/node_modules/react-native-reanimated/android/src/main/java/com/swmansion/reanimated/nativeProxy/NoopEventHandler.kt:37:18 This declaration overrides a deprecated member but is not marked as deprecated itself. Add the '@Deprecated' annotation or suppress the diagnostic.
w: file:///Users/mikevocalz/moyo-rive-panel/node_modules/react-native-reanimated/android/src/main/java/com/swmansion/reanimated/sensor/ReanimatedSensor.kt:28:26 'val defaultDisplay: Display!' is deprecated. Deprecated in Java.

> Task :react-native-reanimated:javaPreCompileDebug
> Task :react-native-reanimated:compileDebugJavaWithJavac
> Task :react-native-reanimated:bundleLibCompileToJarDebug
> Task :react-native-svg:generateDebugBuildConfig
> Task :react-native-svg:generateDebugResources
> Task :react-native-svg:packageDebugResources
> Task :react-native-svg:parseDebugLocalResources
> Task :react-native-svg:generateDebugRFile
> Task :react-native-svg:javaPreCompileDebug

> Task :react-native-svg:compileDebugJavaWithJavac
Note: Some input files use or override a deprecated API.
Note: Recompile with -Xlint:deprecation for details.
Note: Some input files use unchecked or unsafe operations.
Note: Recompile with -Xlint:unchecked for details.

> Task :react-native-svg:bundleLibCompileToJarDebug
> Task :expo-modules-core:compileDebugKotlin
w: file:///Users/mikevocalz/moyo-rive-panel/node_modules/expo-modules-core/android/src/main/java/expo/modules/kotlin/jni/CppType.kt:42:23 'class NativeArrayBuffer : Destructible' is deprecated. Use ArrayBuffer instead.
w: file:///Users/mikevocalz/moyo-rive-panel/node_modules/expo-modules-core/android/src/main/java/expo/modules/kotlin/jni/JavaCallback.kt:38:10 'class NativeArrayBuffer : Destructible' is deprecated. Use ArrayBuffer instead.
w: file:///Users/mikevocalz/moyo-rive-panel/node_modules/expo-modules-core/android/src/main/java/expo/modules/kotlin/jni/JavaCallback.kt:96:45 'class NativeArrayBuffer : Destructible' is deprecated. Use ArrayBuffer instead.
w: file:///Users/mikevocalz/moyo-rive-panel/node_modules/expo-modules-core/android/src/main/java/expo/modules/kotlin/jni/NativeArrayBuffer.kt:49:15 'class NativeArrayBuffer : Destructible' is deprecated. Use ArrayBuffer instead.
w: file:///Users/mikevocalz/moyo-rive-panel/node_modules/expo-modules-core/android/src/main/java/expo/modules/kotlin/jni/NativeArrayBuffer.kt:64:30 'class NativeArrayBuffer : Destructible' is deprecated. Use ArrayBuffer instead.
w: file:///Users/mikevocalz/moyo-rive-panel/node_modules/expo-modules-core/android/src/main/java/expo/modules/kotlin/jni/NativeArrayBuffer.kt:66:14 'constructor(byteBuffer: ByteBuffer): NativeArrayBuffer' is deprecated. Use ArrayBuffer instead.
w: file:///Users/mikevocalz/moyo-rive-panel/node_modules/expo-modules-core/android/src/main/java/expo/modules/kotlin/jni/NativeArrayBuffer.kt:74:39 'class NativeArrayBuffer : Destructible' is deprecated. Use ArrayBuffer instead.
w: file:///Users/mikevocalz/moyo-rive-panel/node_modules/expo-modules-core/android/src/main/java/expo/modules/kotlin/jni/NativeArrayBuffer.kt:75:7 'constructor(byteBuffer: ByteBuffer): NativeArrayBuffer' is deprecated. Use ArrayBuffer instead.
w: file:///Users/mikevocalz/moyo-rive-panel/node_modules/expo-modules-core/android/src/main/java/expo/modules/kotlin/jni/NativeArrayBuffer.kt:80:37 'class NativeArrayBuffer : Destructible' is deprecated. Use ArrayBuffer instead.
w: file:///Users/mikevocalz/moyo-rive-panel/node_modules/expo-modules-core/android/src/main/java/expo/modules/kotlin/jni/NativeArrayBuffer.kt:86:47 'class NativeArrayBuffer : Destructible' is deprecated. Use ArrayBuffer instead.
w: file:///Users/mikevocalz/moyo-rive-panel/node_modules/expo-modules-core/android/src/main/java/expo/modules/kotlin/jni/NativeArrayBuffer.kt:92:23 'class NativeArrayBuffer : Destructible' is deprecated. Use ArrayBuffer instead.
w: file:///Users/mikevocalz/moyo-rive-panel/node_modules/expo-modules-core/android/src/main/java/expo/modules/kotlin/jni/NativeArrayBuffer.kt:92:43 'class NativeArrayBuffer : Destructible' is deprecated. Use ArrayBuffer instead.
w: file:///Users/mikevocalz/moyo-rive-panel/node_modules/expo-modules-core/android/src/main/java/expo/modules/kotlin/jni/NativeArrayBuffer.kt:95:41 'class NativeArrayBuffer : Destructible' is deprecated. Use ArrayBuffer instead.
w: file:///Users/mikevocalz/moyo-rive-panel/node_modules/expo-modules-core/android/src/main/java/expo/modules/kotlin/jni/NativeArrayBuffer.kt:105:14 'constructor(byteBuffer: ByteBuffer): NativeArrayBuffer' is deprecated. Use ArrayBuffer instead.
w: file:///Users/mikevocalz/moyo-rive-panel/node_modules/expo-modules-core/android/src/main/java/expo/modules/kotlin/types/ColorCompat.kt:115:5 This annotation is currently applied to the value parameter only, but in the future it will also be applied to field.
- To opt in to applying to both value parameter and field, add '-Xannotation-default-target=param-property' to your compiler arguments.
- To keep applying to the value parameter only, use the '@param:' annotation target.

See https://youtrack.jetbrains.com/issue/KT-73255 for more details.
w: file:///Users/mikevocalz/moyo-rive-panel/node_modules/expo-modules-core/android/src/main/java/expo/modules/kotlin/types/JSTypeConverter.kt:7:8 'class NativeArrayBuffer : Destructible' is deprecated. Use ArrayBuffer instead.
w: file:///Users/mikevocalz/moyo-rive-panel/node_modules/expo-modules-core/android/src/main/java/expo/modules/kotlin/types/JSTypeConverter.kt:245:55 'class NativeArrayBuffer : Destructible' is deprecated. Use ArrayBuffer instead.
w: file:///Users/mikevocalz/moyo-rive-panel/node_modules/expo-modules-core/android/src/main/java/expo/modules/kotlin/types/JSTypeConverter.kt:247:19 'class NativeArrayBuffer : Destructible' is deprecated. Use ArrayBuffer instead.
w: file:///Users/mikevocalz/moyo-rive-panel/node_modules/expo-modules-core/android/src/main/java/expo/modules/kotlin/types/ReturnType.kt:6:8 'class NativeArrayBuffer : Destructible' is deprecated. Use ArrayBuffer instead.
w: file:///Users/mikevocalz/moyo-rive-panel/node_modules/expo-modules-core/android/src/main/java/expo/modules/kotlin/types/ReturnType.kt:45:5 'class NativeArrayBuffer : Destructible' is deprecated. Use ArrayBuffer instead.
w: file:///Users/mikevocalz/moyo-rive-panel/node_modules/expo-modules-core/android/src/main/java/expo/modules/kotlin/types/TypeConverterProvider.kt:19:8 'class NativeArrayBuffer : Destructible' is deprecated. Use ArrayBuffer instead.
w: file:///Users/mikevocalz/moyo-rive-panel/node_modules/expo-modules-core/android/src/main/java/expo/modules/kotlin/types/TypeConverterProvider.kt:254:7 'class NativeArrayBuffer : Destructible' is deprecated. Use ArrayBuffer instead.

> Task :expo-modules-core:compileDebugJavaWithJavac
Note: Some input files use or override a deprecated API.
Note: Recompile with -Xlint:deprecation for details.

> Task :expo-modules-core:bundleLibCompileToJarDebug
> Task :board-texture:compileDebugKotlin
> Task :board-texture:compileDebugJavaWithJavac NO-SOURCE
> Task :board-texture:bundleLibCompileToJarDebug
> Task :expo-asset:compileDebugKotlin
> Task :expo-asset:compileDebugJavaWithJavac NO-SOURCE
> Task :expo-asset:bundleLibCompileToJarDebug

> Task :react-native-gesture-handler:compileDebugKotlin
w: file:///Users/mikevocalz/moyo-rive-panel/node_modules/react-native-gesture-handler/android/src/main/java/com/swmansion/gesturehandler/react/RNGestureHandlerButtonViewManager.kt:790:45 'fun getEventDispatcherForReactTag(context: ReactContext, reactTag: Int): EventDispatcher?' is deprecated. reactTag is no longer needed.
w: file:///Users/mikevocalz/moyo-rive-panel/node_modules/react-native-gesture-handler/android/src/main/java/com/swmansion/gesturehandler/react/RNGestureHandlerButtonViewManager.kt:1168:45 'fun getEventDispatcherForReactTag(context: ReactContext, reactTag: Int): EventDispatcher?' is deprecated. reactTag is no longer needed.
w: file:///Users/mikevocalz/moyo-rive-panel/node_modules/react-native-gesture-handler/android/src/main/java/com/swmansion/gesturehandler/react/RNGestureHandlerDetectorView.kt:245:43 'fun getEventDispatcherForReactTag(context: ReactContext, reactTag: Int): EventDispatcher?' is deprecated. reactTag is no longer needed.

> Task :expo-constants:compileDebugKotlin
> Task :expo-constants:compileDebugJavaWithJavac NO-SOURCE
> Task :expo-constants:bundleLibCompileToJarDebug
> Task :expo-background-task:compileDebugKotlin
> Task :expo-background-task:compileDebugJavaWithJavac NO-SOURCE
> Task :expo-background-task:bundleLibCompileToJarDebug
> Task :expo-document-picker:compileDebugKotlin
> Task :expo-document-picker:compileDebugJavaWithJavac NO-SOURCE
> Task :expo-document-picker:bundleLibCompileToJarDebug

> Task :expo-dom-webview:compileDebugKotlin
w: file:///Users/mikevocalz/moyo-rive-panel/node_modules/@expo/dom-webview/android/src/main/java/expo/modules/webview/DomWebView.kt:200:16 'var allowFileAccessFromFileURLs: Boolean' is deprecated. Deprecated in Java.
w: file:///Users/mikevocalz/moyo-rive-panel/node_modules/@expo/dom-webview/android/src/main/java/expo/modules/webview/DomWebView.kt:254:18 'fun executeOnJavaScriptThread(runnable: Runnable): Unit' is deprecated. Use RuntimeContext.schedule instead.

> Task :expo-dom-webview:compileDebugJavaWithJavac NO-SOURCE
> Task :expo-dom-webview:bundleLibCompileToJarDebug
> Task :expo-drag-drop-content-view:compileDebugKotlin
> Task :expo-drag-drop-content-view:compileDebugJavaWithJavac NO-SOURCE
> Task :expo-drag-drop-content-view:bundleLibCompileToJarDebug
> Task :expo-eas-client:compileDebugKotlin
> Task :expo-eas-client:compileDebugJavaWithJavac NO-SOURCE
> Task :expo-eas-client:bundleLibCompileToJarDebug
> Task :expo-font:compileDebugKotlin
> Task :expo-font:compileDebugJavaWithJavac NO-SOURCE
> Task :expo-font:bundleLibCompileToJarDebug
> Task :expo-horizon-core:compileQuestDebugKotlin
> Task :expo-horizon-core:compileQuestDebugJavaWithJavac
> Task :expo-horizon-core:bundleLibCompileToJarQuestDebug

> Task :expo-file-system:compileDebugKotlin
w: file:///Users/mikevocalz/moyo-rive-panel/node_modules/expo-file-system/android/src/main/java/expo/modules/filesystem/FileSystemFile.kt:9:8 'class NativeArrayBuffer : Destructible' is deprecated. Use ArrayBuffer instead.
w: file:///Users/mikevocalz/moyo-rive-panel/node_modules/expo-file-system/android/src/main/java/expo/modules/filesystem/FileSystemFile.kt:106:22 'class NativeArrayBuffer : Destructible' is deprecated. Use ArrayBuffer instead.
w: file:///Users/mikevocalz/moyo-rive-panel/node_modules/expo-file-system/android/src/main/java/expo/modules/filesystem/FileSystemModule.kt:14:8 'class NativeArrayBuffer : Destructible' is deprecated. Use ArrayBuffer instead.
w: file:///Users/mikevocalz/moyo-rive-panel/node_modules/expo-file-system/android/src/main/java/expo/modules/filesystem/FileSystemModule.kt:39:29 'class NativeArrayBuffer : Destructible' is deprecated. Use ArrayBuffer instead.
w: file:///Users/mikevocalz/moyo-rive-panel/node_modules/expo-file-system/android/src/main/java/expo/modules/filesystem/FileSystemModule.kt:51:29 'class NativeArrayBuffer : Destructible' is deprecated. Use ArrayBuffer instead.
w: file:///Users/mikevocalz/moyo-rive-panel/node_modules/expo-file-system/android/src/main/java/expo/modules/filesystem/FileSystemModule.kt:52:19 'class NativeArrayBuffer : Destructible' is deprecated. Use ArrayBuffer instead.
w: file:///Users/mikevocalz/moyo-rive-panel/node_modules/expo-file-system/android/src/main/java/expo/modules/filesystem/FileSystemModule.kt:188:88 'class NativeArrayBuffer : Destructible' is deprecated. Use ArrayBuffer instead.
w: file:///Users/mikevocalz/moyo-rive-panel/node_modules/expo-file-system/android/src/main/java/expo/modules/filesystem/FileSystemModule.kt:194:77 'class NativeArrayBuffer : Destructible' is deprecated. Use ArrayBuffer instead.

> Task :expo-file-system:compileDebugJavaWithJavac NO-SOURCE
> Task :expo-file-system:bundleLibCompileToJarDebug
> Task :expo-image:kspDebugKotlin
> Task :expo-image-loader:compileDebugKotlin
> Task :expo-image-loader:compileDebugJavaWithJavac
> Task :expo-image-loader:bundleLibCompileToJarDebug

> Task :expo-image-manipulator:compileDebugKotlin
w: file:///Users/mikevocalz/moyo-rive-panel/node_modules/expo-image-manipulator/android/src/main/java/expo/modules/imagemanipulator/ImageManipulatorContext.kt:5:8 'typealias RuntimeContext = Runtime' is deprecated. Use expo.modules.kotlin.runtime.Runtime instead.
w: file:///Users/mikevocalz/moyo-rive-panel/node_modules/expo-image-manipulator/android/src/main/java/expo/modules/imagemanipulator/ImageManipulatorContext.kt:79:19 'typealias RuntimeContext = Runtime' is deprecated. Use expo.modules.kotlin.runtime.Runtime instead.
w: file:///Users/mikevocalz/moyo-rive-panel/node_modules/expo-image-manipulator/android/src/main/java/expo/modules/imagemanipulator/ImageManipulatorModule.kt:53:36 'val runtimeContext: Runtime' is deprecated. Use 'runtime' property instead.
w: file:///Users/mikevocalz/moyo-rive-panel/node_modules/expo-image-manipulator/android/src/main/java/expo/modules/imagemanipulator/ImageManipulatorModule.kt:58:36 'val runtimeContext: Runtime' is deprecated. Use 'runtime' property instead.
w: file:///Users/mikevocalz/moyo-rive-panel/node_modules/expo-image-manipulator/android/src/main/java/expo/modules/imagemanipulator/ImageManipulatorModule.kt:105:25 'val runtimeContext: Runtime' is deprecated. Use 'runtime' property instead.
w: file:///Users/mikevocalz/moyo-rive-panel/node_modules/expo-image-manipulator/android/src/main/java/expo/modules/imagemanipulator/ImageRef.kt:4:8 'typealias RuntimeContext = Runtime' is deprecated. Use expo.modules.kotlin.runtime.Runtime instead.
w: file:///Users/mikevocalz/moyo-rive-panel/node_modules/expo-image-manipulator/android/src/main/java/expo/modules/imagemanipulator/ImageRef.kt:7:48 'typealias RuntimeContext = Runtime' is deprecated. Use expo.modules.kotlin.runtime.Runtime instead.

> Task :expo-image-manipulator:compileDebugJavaWithJavac NO-SOURCE
> Task :expo-image-manipulator:bundleLibCompileToJarDebug

> Task :expo-image-picker:compileDebugKotlin
w: file:///Users/mikevocalz/moyo-rive-panel/node_modules/expo-image-picker/android/src/main/java/expo/modules/imagepicker/ExpoCropImageActivity.kt:12:8 'class CropImageActivity : AppCompatActivity, CropImageView.OnSetImageUriCompleteListener, CropImageView.OnCropImageCompleteListener' is deprecated. Create your own Activity and use the CropImageView directly.
  This way you can customize everything and have utter control of everything.
  Feel free to use this Activity Code to create your own Activity.
w: file:///Users/mikevocalz/moyo-rive-panel/node_modules/expo-image-picker/android/src/main/java/expo/modules/imagepicker/ExpoCropImageActivity.kt:26:31 'class CropImageActivity : AppCompatActivity, CropImageView.OnSetImageUriCompleteListener, CropImageView.OnCropImageCompleteListener' is deprecated. Create your own Activity and use the CropImageView directly.
  This way you can customize everything and have utter control of everything.
  Feel free to use this Activity Code to create your own Activity.
w: file:///Users/mikevocalz/moyo-rive-panel/node_modules/expo-image-picker/android/src/main/java/expo/modules/imagepicker/ExpoCropImageActivity.kt:154:7 'class CropImageActivity : AppCompatActivity, CropImageView.OnSetImageUriCompleteListener, CropImageView.OnCropImageCompleteListener' is deprecated. Create your own Activity and use the CropImageView directly.
  This way you can customize everything and have utter control of everything.
  Feel free to use this Activity Code to create your own Activity.
w: file:///Users/mikevocalz/moyo-rive-panel/node_modules/expo-image-picker/android/src/main/java/expo/modules/imagepicker/ExpoCropImageActivity.kt:161:7 'class CropImageActivity : AppCompatActivity, CropImageView.OnSetImageUriCompleteListener, CropImageView.OnCropImageCompleteListener' is deprecated. Create your own Activity and use the CropImageView directly.
  This way you can customize everything and have utter control of everything.
  Feel free to use this Activity Code to create your own Activity.
w: file:///Users/mikevocalz/moyo-rive-panel/node_modules/expo-image-picker/android/src/main/java/expo/modules/imagepicker/ImagePickerConstants.kt:123:23 'static field TAG_ISO_SPEED_RATINGS: String' is deprecated. Deprecated in Java.

> Task :expo-image-picker:compileDebugJavaWithJavac NO-SOURCE
> Task :expo-image-picker:bundleLibCompileToJarDebug
> Task :expo-json-utils:compileDebugKotlin
> Task :expo-json-utils:compileDebugJavaWithJavac NO-SOURCE
> Task :expo-json-utils:bundleLibCompileToJarDebug

> Task :expo-image:compileDebugKotlin
w: file:///Users/mikevocalz/moyo-rive-panel/node_modules/expo-image/android/src/main/java/expo/modules/image/ExpoImageComponentCallbacks.kt:13:16 This declaration overrides a deprecated member but is not marked as deprecated itself. Add the '@Deprecated' annotation or suppress the diagnostic.
w: file:///Users/mikevocalz/moyo-rive-panel/node_modules/expo-image/android/src/main/java/expo/modules/image/ExpoImageComponentCallbacks.kt:18:38 'static field TRIM_MEMORY_RUNNING_CRITICAL: Int' is deprecated. Deprecated in Java.
w: file:///Users/mikevocalz/moyo-rive-panel/node_modules/expo-image/android/src/main/java/expo/modules/image/ExpoImageViewWrapper.kt:680:85 'static fun with(p0: Activity): RequestManager' is deprecated. Deprecated in Java.

> Task :expo-keep-awake:compileDebugKotlin
> Task :expo-image:compileDebugJavaWithJavac
> Task :expo-keep-awake:compileDebugJavaWithJavac NO-SOURCE
> Task :expo-keep-awake:bundleLibCompileToJarDebug
> Task :expo-image:bundleLibCompileToJarDebug
> Task :expo-linking:compileDebugKotlin
> Task :expo-linking:compileDebugJavaWithJavac NO-SOURCE
> Task :expo-linking:bundleLibCompileToJarDebug
> Task :expo-log-box:compileDebugKotlin
> Task :expo-log-box:compileDebugJavaWithJavac
> Task :expo-log-box:bundleLibCompileToJarDebug

> Task :expo-manifests:compileDebugKotlin
w: file:///Users/mikevocalz/moyo-rive-panel/node_modules/expo-manifests/android/src/main/java/expo/modules/manifests/core/EmbeddedManifest.kt:19:16 This declaration overrides a deprecated member but is not marked as deprecated itself. Add the '@Deprecated' annotation or suppress the diagnostic.
w: file:///Users/mikevocalz/moyo-rive-panel/node_modules/expo-manifests/android/src/main/java/expo/modules/manifests/core/EmbeddedManifest.kt:19:86 'fun getLegacyID(): String' is deprecated. Prefer scopeKey or projectId depending on use case.
w: file:///Users/mikevocalz/moyo-rive-panel/node_modules/expo-manifests/android/src/main/java/expo/modules/manifests/core/ExpoUpdatesManifest.kt:16:16 This declaration overrides a deprecated member but is not marked as deprecated itself. Add the '@Deprecated' annotation or suppress the diagnostic.
w: file:///Users/mikevocalz/moyo-rive-panel/node_modules/expo-manifests/android/src/main/java/expo/modules/manifests/core/Manifest.kt:13:3 Deprecations and opt-ins on a method overridden from 'Any' may not be reported.
w: file:///Users/mikevocalz/moyo-rive-panel/node_modules/expo-manifests/android/src/main/java/expo/modules/manifests/core/Manifest.kt:15:12 'fun getRawJson(): JSONObject' is deprecated. Prefer to use specific field getters.

> Task :expo-manifests:compileDebugJavaWithJavac NO-SOURCE
> Task :expo-manifests:bundleLibCompileToJarDebug
> Task :expo-router:compileDebugKotlin
> Task :expo-router:compileDebugJavaWithJavac NO-SOURCE
> Task :expo-router:bundleLibCompileToJarDebug
> Task :expo-paste-input:compileDebugKotlin
> Task :expo-paste-input:compileDebugJavaWithJavac NO-SOURCE
> Task :expo-paste-input:bundleLibCompileToJarDebug
> Task :expo-screen-capture:compileDebugKotlin
> Task :expo-screen-capture:compileDebugJavaWithJavac NO-SOURCE
> Task :expo-screen-capture:bundleLibCompileToJarDebug
> Task :expo-splash-screen:compileDebugKotlin
> Task :expo-splash-screen:compileDebugJavaWithJavac NO-SOURCE
> Task :expo-splash-screen:bundleLibCompileToJarDebug

> Task :expo-secure-store:compileDebugKotlin
w: file:///Users/mikevocalz/moyo-rive-panel/node_modules/expo-secure-store/android/src/main/java/expo/modules/securestore/SecureStoreModule.kt:5:8 'class PreferenceManager : Any' is deprecated. Deprecated in Java.
w: file:///Users/mikevocalz/moyo-rive-panel/node_modules/expo-secure-store/android/src/main/java/expo/modules/securestore/SecureStoreModule.kt:251:7 'class PreferenceManager : Any' is deprecated. Deprecated in Java.
w: file:///Users/mikevocalz/moyo-rive-panel/node_modules/expo-secure-store/android/src/main/java/expo/modules/securestore/SecureStoreModule.kt:251:25 'static fun getDefaultSharedPreferences(p0: Context!): SharedPreferences!' is deprecated. Deprecated in Java.

> Task :expo-secure-store:compileDebugJavaWithJavac NO-SOURCE
> Task :expo-secure-store:bundleLibCompileToJarDebug
> Task :expo-structured-headers:compileDebugKotlin NO-SOURCE
> Task :expo-status-bar:compileDebugKotlin
> Task :expo-structured-headers:compileDebugJavaWithJavac
> Task :expo-status-bar:compileDebugJavaWithJavac NO-SOURCE
> Task :expo-status-bar:bundleLibCompileToJarDebug
> Task :expo-structured-headers:bundleLibCompileToJarDebug
> Task :unimodules-app-loader:compileDebugKotlin NO-SOURCE
> Task :unimodules-app-loader:compileDebugJavaWithJavac NO-SOURCE
> Task :unimodules-app-loader:bundleLibCompileToJarDebug
> Task :expo-system-ui:compileDebugKotlin
> Task :expo-system-ui:compileDebugJavaWithJavac NO-SOURCE
> Task :expo-system-ui:bundleLibCompileToJarDebug
> Task :expo-task-manager:compileDebugKotlin

> Task :expo-task-manager:compileDebugJavaWithJavac
Note: Some input files use or override a deprecated API.
Note: Recompile with -Xlint:deprecation for details.
Note: Some input files use unchecked or unsafe operations.
Note: Recompile with -Xlint:unchecked for details.

> Task :expo-task-manager:bundleLibCompileToJarDebug
> Task :expo-updates-interface:compileDebugKotlin
> Task :expo-updates-interface:compileDebugJavaWithJavac NO-SOURCE
> Task :expo-updates-interface:bundleLibCompileToJarDebug
> Task :expo-updates:kspDebugKotlin

> Task :expo-updates:compileDebugKotlin
w: file:///Users/mikevocalz/moyo-rive-panel/node_modules/expo-updates/android/src/main/java/expo/modules/updates/UpdatesConfiguration.kt:322:13 'fun get(p0: String!): Any?' is deprecated. Deprecated in Java.
w: file:///Users/mikevocalz/moyo-rive-panel/node_modules/expo-updates/android/src/main/java/expo/modules/updates/UpdatesDevLauncherController.kt:221:133 'fun getRawJson(): JSONObject' is deprecated. Prefer to use specific field getters.
w: file:///Users/mikevocalz/moyo-rive-panel/node_modules/expo-updates/android/src/main/java/expo/modules/updates/UpdatesModule.kt:47:5 'fun Constants(legacyConstantsProvider: () -> Map<String, Any?>): Unit' is deprecated. Use `Constant` or `Property` instead.
w: file:///Users/mikevocalz/moyo-rive-panel/node_modules/expo-updates/android/src/main/java/expo/modules/updates/UpdatesModule.kt:96:38 'fun toString(): String' is deprecated. Prefer to use specific field getters.
w: file:///Users/mikevocalz/moyo-rive-panel/node_modules/expo-updates/android/src/main/java/expo/modules/updates/db/Converters.kt:56:30 Java type mismatch: inferred type is 'ByteArray?', but 'ByteArray' was expected.
w: file:///Users/mikevocalz/moyo-rive-panel/node_modules/expo-updates/android/src/main/java/expo/modules/updates/db/DatabaseIntegrityCheck.kt:38:39 Java type mismatch: inferred type is 'String?', but 'String' was expected.
w: file:///Users/mikevocalz/moyo-rive-panel/node_modules/expo-updates/android/src/main/java/expo/modules/updates/db/Reaper.kt:83:41 Java type mismatch: inferred type is 'String?', but 'String' was expected.
w: file:///Users/mikevocalz/moyo-rive-panel/node_modules/expo-updates/android/src/main/java/expo/modules/updates/loader/Loader.kt:265:65 Java type mismatch: inferred type is 'String?', but 'String' was expected.
w: file:///Users/mikevocalz/moyo-rive-panel/node_modules/expo-updates/android/src/main/java/expo/modules/updates/loader/LoaderTask.kt:370:101 'fun getRawJson(): JSONObject' is deprecated. Prefer to use specific field getters.
w: file:///Users/mikevocalz/moyo-rive-panel/node_modules/expo-updates/android/src/main/java/expo/modules/updates/manifest/EmbeddedUpdate.kt:33:89 'fun getRawJson(): JSONObject' is deprecated. Prefer to use specific field getters.
w: file:///Users/mikevocalz/moyo-rive-panel/node_modules/expo-updates/android/src/main/java/expo/modules/updates/manifest/ExpoUpdatesUpdate.kt:39:92 'fun getRawJson(): JSONObject' is deprecated. Prefer to use specific field getters.
w: file:///Users/mikevocalz/moyo-rive-panel/node_modules/expo-updates/android/src/main/java/expo/modules/updates/manifest/ExpoUpdatesUpdate.kt:107:43 'fun getRawJson(): JSONObject' is deprecated. Prefer to use specific field getters.
w: file:///Users/mikevocalz/moyo-rive-panel/node_modules/expo-updates/android/src/main/java/expo/modules/updates/procedures/CheckForUpdateProcedure.kt:143:100 'fun getRawJson(): JSONObject' is deprecated. Prefer to use specific field getters.
w: file:///Users/mikevocalz/moyo-rive-panel/node_modules/expo-updates/android/src/main/java/expo/modules/updates/procedures/CheckForUpdateProcedure.kt:176:100 'fun getRawJson(): JSONObject' is deprecated. Prefer to use specific field getters.
w: file:///Users/mikevocalz/moyo-rive-panel/node_modules/expo-updates/android/src/main/java/expo/modules/updates/procedures/StartupProcedure.kt:163:36 'fun getCurrentState(): UpdatesStateValue' is deprecated. Avoid needing to access current state to know how to transition to next state.
w: file:///Users/mikevocalz/moyo-rive-panel/node_modules/expo-updates/android/src/main/java/expo/modules/updates/procedures/StartupProcedure.kt:197:34 'fun getCurrentState(): UpdatesStateValue' is deprecated. Avoid needing to access current state to know how to transition to next state.
w: file:///Users/mikevocalz/moyo-rive-panel/node_modules/expo-updates/android/src/main/java/expo/modules/updates/procedures/StateMachineSerialExecutorQueue.kt:64:45 'fun getCurrentState(): UpdatesStateValue' is deprecated. Avoid needing to access current state to know how to transition to next state.

> Task :expo-updates:compileDebugJavaWithJavac
> Task :expo-updates:bundleLibCompileToJarDebug
> Task :nandorojo-galeria:compileDebugKotlin
> Task :nandorojo-galeria:compileDebugJavaWithJavac NO-SOURCE
> Task :nandorojo-galeria:bundleLibCompileToJarDebug
> Task :sentry-react-native-expo:compileDebugJavaWithJavac
> Task :sentry-react-native-expo:bundleLibCompileToJarDebug
> Task :react-native-gesture-handler:javaPreCompileDebug
> Task :react-native-gesture-handler:compileDebugJavaWithJavac
> Task :react-native-gesture-handler:bundleLibCompileToJarDebug
> Task :react-native-keyboard-controller:checkKotlinGradlePluginConfigurationErrors SKIPPED
> Task :react-native-keyboard-controller:generateDebugBuildConfig
> Task :react-native-keyboard-controller:generateDebugResources
> Task :react-native-keyboard-controller:packageDebugResources

> Task :expo-ui:compileDebugKotlin
w: file:///Users/mikevocalz/moyo-rive-panel/node_modules/@expo/ui/android/src/main/java/expo/modules/ui/RNHostView.kt:28:8 'object ReactFeatureFlags : Any' is deprecated. Use com.facebook.react.internal.featureflags.ReactNativeFeatureFlags instead.
w: file:///Users/mikevocalz/moyo-rive-panel/node_modules/@expo/ui/android/src/main/java/expo/modules/ui/RNHostView.kt:103:43 'fun getEventDispatcherForReactTag(context: ReactContext, reactTag: Int): EventDispatcher?' is deprecated. reactTag is no longer needed.
w: file:///Users/mikevocalz/moyo-rive-panel/node_modules/@expo/ui/android/src/main/java/expo/modules/ui/RNHostView.kt:299:9 'object ReactFeatureFlags : Any' is deprecated. Use com.facebook.react.internal.featureflags.ReactNativeFeatureFlags instead.
w: file:///Users/mikevocalz/moyo-rive-panel/node_modules/@expo/ui/android/src/main/java/expo/modules/ui/TooltipView.kt:120:21 'fun rememberRichTooltipPositionProvider(spacingBetweenTooltipAndAnchor: Dp = ...): PopupPositionProvider' is deprecated. Deprecated in favor of rememberTooltipPositionProvider API.
w: file:///Users/mikevocalz/moyo-rive-panel/node_modules/@expo/ui/android/src/main/java/expo/modules/ui/TooltipView.kt:122:21 'fun rememberPlainTooltipPositionProvider(spacingBetweenTooltipAndAnchor: Dp = ...): PopupPositionProvider' is deprecated. Deprecated in favor of rememberTooltipPositionProvider API.

> Task :react-native-keyboard-controller:parseDebugLocalResources
> Task :react-native-keyboard-controller:generateDebugRFile
> Task :expo-ui:compileDebugJavaWithJavac
> Task :expo-ui:bundleLibCompileToJarDebug

> Task :react-native-keyboard-controller:compileDebugKotlin
w: file:///Users/mikevocalz/moyo-rive-panel/node_modules/react-native-keyboard-controller/android/src/fabric/java/com/reactnativekeyboardcontroller/OverKeyboardViewManager.kt:3:8 'class LayoutShadowNode : ReactShadowNodeImpl' is deprecated. This class is part of Legacy Architecture and will be removed in a future release.
w: file:///Users/mikevocalz/moyo-rive-panel/node_modules/react-native-keyboard-controller/android/src/fabric/java/com/reactnativekeyboardcontroller/OverKeyboardViewManager.kt:29:44 'class LayoutShadowNode : ReactShadowNodeImpl' is deprecated. This class is part of Legacy Architecture and will be removed in a future release.
w: file:///Users/mikevocalz/moyo-rive-panel/node_modules/react-native-keyboard-controller/android/src/fabric/java/com/reactnativekeyboardcontroller/OverKeyboardViewManager.kt:31:48 'class LayoutShadowNode : ReactShadowNodeImpl' is deprecated. This class is part of Legacy Architecture and will be removed in a future release.
w: file:///Users/mikevocalz/moyo-rive-panel/node_modules/react-native-keyboard-controller/android/src/main/java/com/reactnativekeyboardcontroller/extensions/EditText.kt:69:42 Unchecked cast of 'ArrayList<*>' to 'ArrayList<TextWatcher>'.
w: file:///Users/mikevocalz/moyo-rive-panel/node_modules/react-native-keyboard-controller/android/src/main/java/com/reactnativekeyboardcontroller/extensions/ReactContext.kt:12:109 'val DEFAULT: Int' is deprecated. UIManagerType.DEFAULT will be deleted in the next release of React Native. Use [LEGACY] instead.
w: file:///Users/mikevocalz/moyo-rive-panel/node_modules/react-native-keyboard-controller/android/src/main/java/com/reactnativekeyboardcontroller/extensions/ReactContext.kt:18:27 'fun getEventDispatcher(context: ReactContext, uiManagerType: Int): EventDispatcher?' is deprecated. UIManagerType is no longer needed.
w: file:///Users/mikevocalz/moyo-rive-panel/node_modules/react-native-keyboard-controller/android/src/main/java/com/reactnativekeyboardcontroller/extensions/ThemedReactContext.kt:18:21 'fun getEventDispatcherForReactTag(context: ReactContext, reactTag: Int): EventDispatcher?' is deprecated. reactTag is no longer needed.
w: file:///Users/mikevocalz/moyo-rive-panel/node_modules/react-native-keyboard-controller/android/src/main/java/com/reactnativekeyboardcontroller/interactive/KeyboardAnimationController.kt:89:16 'static fun getWindowInsetsController(p0: View): WindowInsetsControllerCompat?' is deprecated. Deprecated in Java.
w: file:///Users/mikevocalz/moyo-rive-panel/node_modules/react-native-keyboard-controller/android/src/main/java/com/reactnativekeyboardcontroller/managers/KeyboardControllerViewManagerImpl.kt:4:8 'object MapBuilder : Any' is deprecated. Use Kotlin's built-in collections extensions.
w: file:///Users/mikevocalz/moyo-rive-panel/node_modules/react-native-keyboard-controller/android/src/main/java/com/reactnativekeyboardcontroller/managers/KeyboardControllerViewManagerImpl.kt:73:7 'object MapBuilder : Any' is deprecated. Use Kotlin's built-in collections extensions.
w: file:///Users/mikevocalz/moyo-rive-panel/node_modules/react-native-keyboard-controller/android/src/main/java/com/reactnativekeyboardcontroller/managers/KeyboardControllerViewManagerImpl.kt:75:9 'object MapBuilder : Any' is deprecated. Use Kotlin's built-in collections extensions.
w: file:///Users/mikevocalz/moyo-rive-panel/node_modules/react-native-keyboard-controller/android/src/main/java/com/reactnativekeyboardcontroller/managers/KeyboardControllerViewManagerImpl.kt:77:9 'object MapBuilder : Any' is deprecated. Use Kotlin's built-in collections extensions.
w: file:///Users/mikevocalz/moyo-rive-panel/node_modules/react-native-keyboard-controller/android/src/main/java/com/reactnativekeyboardcontroller/managers/KeyboardControllerViewManagerImpl.kt:79:9 'object MapBuilder : Any' is deprecated. Use Kotlin's built-in collections extensions.
w: file:///Users/mikevocalz/moyo-rive-panel/node_modules/react-native-keyboard-controller/android/src/main/java/com/reactnativekeyboardcontroller/managers/KeyboardControllerViewManagerImpl.kt:81:9 'object MapBuilder : Any' is deprecated. Use Kotlin's built-in collections extensions.
w: file:///Users/mikevocalz/moyo-rive-panel/node_modules/react-native-keyboard-controller/android/src/main/java/com/reactnativekeyboardcontroller/managers/KeyboardControllerViewManagerImpl.kt:83:9 'object MapBuilder : Any' is deprecated. Use Kotlin's built-in collections extensions.
w: file:///Users/mikevocalz/moyo-rive-panel/node_modules/react-native-keyboard-controller/android/src/main/java/com/reactnativekeyboardcontroller/managers/KeyboardControllerViewManagerImpl.kt:85:9 'object MapBuilder : Any' is deprecated. Use Kotlin's built-in collections extensions.
w: file:///Users/mikevocalz/moyo-rive-panel/node_modules/react-native-keyboard-controller/android/src/main/java/com/reactnativekeyboardcontroller/managers/KeyboardControllerViewManagerImpl.kt:87:9 'object MapBuilder : Any' is deprecated. Use Kotlin's built-in collections extensions.
w: file:///Users/mikevocalz/moyo-rive-panel/node_modules/react-native-keyboard-controller/android/src/main/java/com/reactnativekeyboardcontroller/modules/statusbar/StatusBarManagerCompatModuleImpl.kt:70:38 'var statusBarColor: Int' is deprecated. Deprecated in Java.
w: file:///Users/mikevocalz/moyo-rive-panel/node_modules/react-native-keyboard-controller/android/src/main/java/com/reactnativekeyboardcontroller/modules/statusbar/StatusBarManagerCompatModuleImpl.kt:73:20 'var statusBarColor: Int' is deprecated. Deprecated in Java.
w: file:///Users/mikevocalz/moyo-rive-panel/node_modules/react-native-keyboard-controller/android/src/main/java/com/reactnativekeyboardcontroller/modules/statusbar/StatusBarManagerCompatModuleImpl.kt:78:18 'var statusBarColor: Int' is deprecated. Deprecated in Java.
w: file:///Users/mikevocalz/moyo-rive-panel/node_modules/react-native-keyboard-controller/android/src/main/java/com/reactnativekeyboardcontroller/views/EdgeToEdgeReactViewGroup.kt:115:58 'static field SOFT_INPUT_ADJUST_RESIZE: Int' is deprecated. Deprecated in Java.
w: file:///Users/mikevocalz/moyo-rive-panel/node_modules/react-native-keyboard-controller/android/src/main/java/com/reactnativekeyboardcontroller/views/EdgeToEdgeReactViewGroup.kt:150:81 'static field FLAG_FULLSCREEN: Int' is deprecated. Deprecated in Java.
w: file:///Users/mikevocalz/moyo-rive-panel/node_modules/react-native-keyboard-controller/android/src/main/java/com/reactnativekeyboardcontroller/views/background/Skins.kt:38:3 This annotation is currently applied to the value parameter only, but in the future it will also be applied to field.
- To opt in to applying to both value parameter and field, add '-Xannotation-default-target=param-property' to your compiler arguments.
- To keep applying to the value parameter only, use the '@param:' annotation target.

See https://youtrack.jetbrains.com/issue/KT-73255 for more details.
w: file:///Users/mikevocalz/moyo-rive-panel/node_modules/react-native-keyboard-controller/android/src/main/java/com/reactnativekeyboardcontroller/views/overlay/OverKeyboardHostShadowNode.kt:3:8 'class LayoutShadowNode : ReactShadowNodeImpl' is deprecated. This class is part of Legacy Architecture and will be removed in a future release.
w: file:///Users/mikevocalz/moyo-rive-panel/node_modules/react-native-keyboard-controller/android/src/main/java/com/reactnativekeyboardcontroller/views/overlay/OverKeyboardHostShadowNode.kt:4:8 'class ReactShadowNodeImpl : Any, ReactShadowNode<ReactShadowNodeImpl!>' is deprecated. Deprecated in Java.
w: file:///Users/mikevocalz/moyo-rive-panel/node_modules/react-native-keyboard-controller/android/src/main/java/com/reactnativekeyboardcontroller/views/overlay/OverKeyboardHostShadowNode.kt:15:45 'class LayoutShadowNode : ReactShadowNodeImpl' is deprecated. This class is part of Legacy Architecture and will be removed in a future release.
w: file:///Users/mikevocalz/moyo-rive-panel/node_modules/react-native-keyboard-controller/android/src/main/java/com/reactnativekeyboardcontroller/views/overlay/OverKeyboardHostShadowNode.kt:22:12 'class ReactShadowNodeImpl : Any, ReactShadowNode<ReactShadowNodeImpl!>' is deprecated. Deprecated in Java.
w: file:///Users/mikevocalz/moyo-rive-panel/node_modules/react-native-keyboard-controller/android/src/main/java/com/reactnativekeyboardcontroller/views/overlay/OverKeyboardViewGroup.kt:13:8 'object ReactFeatureFlags : Any' is deprecated. Use com.facebook.react.internal.featureflags.ReactNativeFeatureFlags instead.
w: file:///Users/mikevocalz/moyo-rive-panel/node_modules/react-native-keyboard-controller/android/src/main/java/com/reactnativekeyboardcontroller/views/overlay/OverKeyboardViewGroup.kt:30:44 'fun getEventDispatcherForReactTag(context: ReactContext, reactTag: Int): EventDispatcher?' is deprecated. reactTag is no longer needed.
w: file:///Users/mikevocalz/moyo-rive-panel/node_modules/react-native-keyboard-controller/android/src/main/java/com/reactnativekeyboardcontroller/views/overlay/OverKeyboardViewGroup.kt:79:5 The corresponding parameter in the supertype 'ReactViewGroup' is named 'left'. This may cause problems when calling this function with named arguments.
w: file:///Users/mikevocalz/moyo-rive-panel/node_modules/react-native-keyboard-controller/android/src/main/java/com/reactnativekeyboardcontroller/views/overlay/OverKeyboardViewGroup.kt:80:5 The corresponding parameter in the supertype 'ReactViewGroup' is named 'top'. This may cause problems when calling this function with named arguments.
w: file:///Users/mikevocalz/moyo-rive-panel/node_modules/react-native-keyboard-controller/android/src/main/java/com/reactnativekeyboardcontroller/views/overlay/OverKeyboardViewGroup.kt:81:5 The corresponding parameter in the supertype 'ReactViewGroup' is named 'right'. This may cause problems when calling this function with named arguments.
w: file:///Users/mikevocalz/moyo-rive-panel/node_modules/react-native-keyboard-controller/android/src/main/java/com/reactnativekeyboardcontroller/views/overlay/OverKeyboardViewGroup.kt:82:5 The corresponding parameter in the supertype 'ReactViewGroup' is named 'bottom'. This may cause problems when calling this function with named arguments.
w: file:///Users/mikevocalz/moyo-rive-panel/node_modules/react-native-keyboard-controller/android/src/main/java/com/reactnativekeyboardcontroller/views/overlay/OverKeyboardViewGroup.kt:132:9 'object ReactFeatureFlags : Any' is deprecated. Use com.facebook.react.internal.featureflags.ReactNativeFeatureFlags instead.
w: file:///Users/mikevocalz/moyo-rive-panel/node_modules/react-native-keyboard-controller/android/src/main/java/com/reactnativekeyboardcontroller/views/overlay/OverKeyboardViewGroup.kt:152:5 The corresponding parameter in the supertype 'ReactViewGroup' is named 'w'. This may cause problems when calling this function with named arguments.
w: file:///Users/mikevocalz/moyo-rive-panel/node_modules/react-native-keyboard-controller/android/src/main/java/com/reactnativekeyboardcontroller/views/overlay/OverKeyboardViewGroup.kt:153:5 The corresponding parameter in the supertype 'ReactViewGroup' is named 'h'. This may cause problems when calling this function with named arguments.
w: file:///Users/mikevocalz/moyo-rive-panel/node_modules/react-native-keyboard-controller/android/src/main/java/com/reactnativekeyboardcontroller/views/overlay/OverKeyboardViewGroup.kt:154:5 The corresponding parameter in the supertype 'ReactViewGroup' is named 'oldw'. This may cause problems when calling this function with named arguments.
w: file:///Users/mikevocalz/moyo-rive-panel/node_modules/react-native-keyboard-controller/android/src/main/java/com/reactnativekeyboardcontroller/views/overlay/OverKeyboardViewGroup.kt:155:5 The corresponding parameter in the supertype 'ReactViewGroup' is named 'oldh'. This may cause problems when calling this function with named arguments.

> Task :react-native-keyboard-controller:javaPreCompileDebug
> Task :react-native-keyboard-controller:compileDebugJavaWithJavac
> Task :react-native-keyboard-controller:bundleLibCompileToJarDebug
> Task :react-native-masked-view_masked-view:generateDebugResources
> Task :react-native-masked-view_masked-view:packageDebugResources
> Task :react-native-masked-view_masked-view:parseDebugLocalResources
> Task :react-native-masked-view_masked-view:generateDebugRFile
> Task :react-native-masked-view_masked-view:javaPreCompileDebug

> Task :react-native-masked-view_masked-view:compileDebugJavaWithJavac
Note: /Users/mikevocalz/moyo-rive-panel/node_modules/@react-native-masked-view/masked-view/android/src/main/java/org/reactnative/maskedview/RNCMaskedViewPackage.java uses or overrides a deprecated API.
Note: Recompile with -Xlint:deprecation for details.

> Task :react-native-masked-view_masked-view:bundleLibCompileToJarDebug
> Task :react-native-mmkv:checkKotlinGradlePluginConfigurationErrors SKIPPED
> Task :react-native-mmkv:generateDebugBuildConfig
> Task :react-native-mmkv:generateDebugResources
> Task :react-native-mmkv:packageDebugResources
> Task :react-native-mmkv:parseDebugLocalResources
> Task :react-native-mmkv:generateDebugRFile

> Task :expo:compileQuestDebugKotlin
w: file:///Users/mikevocalz/moyo-rive-panel/node_modules/expo/android/src/main/java/expo/modules/ExpoModulesPackage.kt:34:16 This declaration overrides a deprecated member but is not marked as deprecated itself. Add the '@Deprecated' annotation or suppress the diagnostic.
w: file:///Users/mikevocalz/moyo-rive-panel/node_modules/expo/android/src/main/java/expo/modules/ReactActivityDelegateWrapper.kt:22:8 'class ReactInstanceManager : Any' is deprecated. Deprecated in Java.
w: file:///Users/mikevocalz/moyo-rive-panel/node_modules/expo/android/src/main/java/expo/modules/ReactActivityDelegateWrapper.kt:103:16 This declaration overrides a deprecated member but is not marked as deprecated itself. Add the '@Deprecated' annotation or suppress the diagnostic.
w: file:///Users/mikevocalz/moyo-rive-panel/node_modules/expo/android/src/main/java/expo/modules/ReactActivityDelegateWrapper.kt:103:43 'class ReactInstanceManager : Any' is deprecated. Deprecated in Java.
w: file:///Users/mikevocalz/moyo-rive-panel/node_modules/expo/android/src/main/java/expo/modules/ReactActivityDelegateWrapper.kt:104:21 'val reactInstanceManager: ReactInstanceManager' is deprecated. Deprecated in Java.
w: file:///Users/mikevocalz/moyo-rive-panel/node_modules/expo/android/src/main/java/expo/modules/fetch/ExpoFetchModule.kt:15:8 'class NativeArrayBuffer : Destructible' is deprecated. Use ArrayBuffer instead.
w: file:///Users/mikevocalz/moyo-rive-panel/node_modules/expo/android/src/main/java/expo/modules/fetch/ExpoFetchModule.kt:33:39 'constructor(reactContext: ReactContext): ForwardingCookieHandler' is deprecated. Use the default constructor.
w: file:///Users/mikevocalz/moyo-rive-panel/node_modules/expo/android/src/main/java/expo/modules/fetch/ExpoFetchModule.kt:111:27 'constructor(byteBuffer: ByteBuffer): NativeArrayBuffer' is deprecated. Use ArrayBuffer instead.
w: file:///Users/mikevocalz/moyo-rive-panel/node_modules/expo/android/src/main/java/expo/modules/fetch/NativeResponse.kt:44:16 This declaration overrides a deprecated member but is not marked as deprecated itself. Add the '@Deprecated' annotation or suppress the diagnostic.
w: file:///Users/mikevocalz/moyo-rive-panel/node_modules/expo/android/src/main/java/expo/modules/fetch/NativeResponse.kt:46:11 'fun deallocate(): Unit' is deprecated. Use sharedObjectDidRelease() instead.

> Task :expo:compileQuestDebugJavaWithJavac NO-SOURCE
> Task :expo:bundleLibCompileToJarQuestDebug
> Task :react-native-mmkv:javaPreCompileDebug
> Task :react-native-nitro-fetch:checkKotlinGradlePluginConfigurationErrors SKIPPED
> Task :react-native-nitro-fetch:generateDebugBuildConfig
> Task :react-native-nitro-fetch:generateDebugResources
> Task :react-native-nitro-fetch:packageDebugResources
> Task :react-native-nitro-fetch:parseDebugLocalResources
> Task :react-native-nitro-fetch:generateDebugRFile
> Task :react-native-mmkv:compileDebugKotlin
> Task :react-native-mmkv:compileDebugJavaWithJavac
> Task :react-native-mmkv:bundleLibCompileToJarDebug
> Task :react-native-nitro-fetch:javaPreCompileDebug
> Task :react-native-nitro-image:checkKotlinGradlePluginConfigurationErrors SKIPPED
> Task :react-native-nitro-image:generateDebugBuildConfig
> Task :react-native-nitro-image:generateDebugResources
> Task :react-native-nitro-image:packageDebugResources
> Task :react-native-nitro-image:parseDebugLocalResources
> Task :react-native-nitro-image:generateDebugRFile
> Task :react-native-nitro-image:compileDebugKotlin
> Task :react-native-nitro-image:javaPreCompileDebug
> Task :react-native-nitro-fetch:compileDebugKotlin
> Task :react-native-nitro-image:compileDebugJavaWithJavac
> Task :react-native-nitro-fetch:compileDebugJavaWithJavac
> Task :react-native-nitro-fetch:bundleLibCompileToJarDebug
> Task :react-native-pulsar:checkKotlinGradlePluginConfigurationErrors SKIPPED
> Task :react-native-pulsar:generateDebugBuildConfig
> Task :react-native-nitro-image:bundleLibCompileToJarDebug
> Task :react-native-pulsar:generateDebugResources
> Task :react-native-pulsar:packageDebugResources
> Task :react-native-pulsar:javaPreCompileDebug
> Task :react-native-safe-area-context:checkKotlinGradlePluginConfigurationErrors SKIPPED
> Task :react-native-pulsar:parseDebugLocalResources
> Task :react-native-safe-area-context:generateDebugBuildConfig
> Task :react-native-safe-area-context:generateDebugResources
> Task :react-native-pulsar:generateDebugRFile
> Task :react-native-safe-area-context:packageDebugResources
> Task :react-native-safe-area-context:parseDebugLocalResources
> Task :react-native-safe-area-context:generateDebugRFile
> Task :react-native-pulsar:compileDebugKotlin
> Task :react-native-pulsar:compileDebugJavaWithJavac
> Task :react-native-pulsar:bundleLibCompileToJarDebug
> Task :react-native-safe-area-context:javaPreCompileDebug
> Task :react-native-screens:checkKotlinGradlePluginConfigurationErrors SKIPPED
> Task :react-native-screens:generateDebugBuildConfig
> Task :react-native-screens:generateDebugResources
> Task :react-native-screens:packageDebugResources
> Task :react-native-screens:parseDebugLocalResources
> Task :react-native-screens:generateDebugRFile

> Task :react-native-safe-area-context:compileDebugKotlin
w: file:///Users/mikevocalz/moyo-rive-panel/node_modules/react-native-safe-area-context/android/src/main/java/com/th3rdwave/safeareacontext/SafeAreaProviderManager.kt:40:19 'fun getEventDispatcherForReactTag(context: ReactContext, reactTag: Int): EventDispatcher?' is deprecated. reactTag is no longer needed.
w: file:///Users/mikevocalz/moyo-rive-panel/node_modules/react-native-safe-area-context/android/src/main/java/com/th3rdwave/safeareacontext/SafeAreaView.kt:8:8 'class UIManagerModule : ReactContextBaseJavaModule, LifecycleEventListener, UIManager' is deprecated. This class is part of Legacy Architecture and will be removed in a future release.
w: file:///Users/mikevocalz/moyo-rive-panel/node_modules/react-native-safe-area-context/android/src/main/java/com/th3rdwave/safeareacontext/SafeAreaView.kt:46:54 'class UIManagerModule : ReactContextBaseJavaModule, LifecycleEventListener, UIManager' is deprecated. This class is part of Legacy Architecture and will be removed in a future release.
w: file:///Users/mikevocalz/moyo-rive-panel/node_modules/react-native-safe-area-context/android/src/main/java/com/th3rdwave/safeareacontext/SafeAreaViewShadowNode.kt:9:32 'class LayoutShadowNode : ReactShadowNodeImpl' is deprecated. This class is part of Legacy Architecture and will be removed in a future release.
w: file:///Users/mikevocalz/moyo-rive-panel/node_modules/react-native-safe-area-context/android/src/main/java/com/th3rdwave/safeareacontext/SafeAreaViewShadowNode.kt:110:61 'class NativeViewHierarchyOptimizer : Any' is deprecated. This class is part of Legacy Architecture and will be removed in a future release.

> Task :react-native-safe-area-context:compileDebugJavaWithJavac
> Task :react-native-safe-area-context:bundleLibCompileToJarDebug
> Task :react-native-screens:javaPreCompileDebug
> Task :react-native-vision-camera:checkKotlinGradlePluginConfigurationErrors SKIPPED
> Task :react-native-vision-camera:generateDebugBuildConfig
> Task :react-native-vision-camera:generateDebugResources
> Task :react-native-vision-camera:packageDebugResources
> Task :react-native-vision-camera:parseDebugLocalResources
> Task :react-native-vision-camera:generateDebugRFile

> Task :react-native-vision-camera:compileDebugKotlin
w: file:///Users/mikevocalz/moyo-rive-panel/node_modules/react-native-vision-camera/android/src/main/java/com/margelo/nitro/camera/hybrids/inputs/HybridCameraExtension.kt:25:30 'fun getExtensionEnabledCameraSelector(cameraSelector: CameraSelector, mode: Int): CameraSelector' is deprecated. Use ExtensionSessionConfig instead.

> Task :react-native-vision-camera:javaPreCompileDebug
> Task :react-native-vision-camera:compileDebugJavaWithJavac
> Task :react-native-vision-camera:bundleLibCompileToJarDebug
> Task :react-native-webgpu:generateDebugBuildConfig
> Task :react-native-webgpu:generateDebugResources
> Task :react-native-webgpu:packageDebugResources
> Task :react-native-webgpu:parseDebugLocalResources
> Task :react-native-webgpu:generateDebugRFile
> Task :react-native-webgpu:javaPreCompileDebug

> Task :react-native-webgpu:compileDebugJavaWithJavac
Note: Some input files use or override a deprecated API.
Note: Recompile with -Xlint:deprecation for details.
Note: /Users/mikevocalz/moyo-rive-panel/node_modules/react-native-webgpu/android/src/newarch/com/webgpu/WebGPUViewManagerSpec.java uses unchecked or unsafe operations.
Note: Recompile with -Xlint:unchecked for details.

> Task :react-native-webgpu:bundleLibCompileToJarDebug
> Task :react-native-webview:checkKotlinGradlePluginConfigurationErrors SKIPPED
> Task :react-native-webview:generateDebugBuildConfig
> Task :react-native-webview:generateDebugResources
> Task :react-native-webview:packageDebugResources
> Task :react-native-webview:parseDebugLocalResources
> Task :react-native-webview:generateDebugRFile

> Task :react-native-webview:compileDebugKotlin
w: file:///Users/mikevocalz/moyo-rive-panel/node_modules/react-native-webview/android/src/main/java/com/reactnativecommunity/webview/RNCWebViewManagerImpl.kt:22:8 'object MapBuilder : Any' is deprecated. Use Kotlin's built-in collections extensions.
w: file:///Users/mikevocalz/moyo-rive-panel/node_modules/react-native-webview/android/src/main/java/com/reactnativecommunity/webview/RNCWebViewManagerImpl.kt:82:18 'var allowFileAccessFromFileURLs: Boolean' is deprecated. Deprecated in Java.
w: file:///Users/mikevocalz/moyo-rive-panel/node_modules/react-native-webview/android/src/main/java/com/reactnativecommunity/webview/RNCWebViewManagerImpl.kt:83:18 'var allowUniversalAccessFromFileURLs: Boolean' is deprecated. Deprecated in Java.
w: file:///Users/mikevocalz/moyo-rive-panel/node_modules/react-native-webview/android/src/main/java/com/reactnativecommunity/webview/RNCWebViewManagerImpl.kt:124:21 'fun allowScanningByMediaScanner(): Unit' is deprecated. Deprecated in Java.
w: file:///Users/mikevocalz/moyo-rive-panel/node_modules/react-native-webview/android/src/main/java/com/reactnativecommunity/webview/RNCWebViewManagerImpl.kt:161:36 'var systemUiVisibility: Int' is deprecated. Deprecated in Java.
w: file:///Users/mikevocalz/moyo-rive-panel/node_modules/react-native-webview/android/src/main/java/com/reactnativecommunity/webview/RNCWebViewManagerImpl.kt:300:14 'object MapBuilder : Any' is deprecated. Use Kotlin's built-in collections extensions.
w: file:///Users/mikevocalz/moyo-rive-panel/node_modules/react-native-webview/android/src/main/java/com/reactnativecommunity/webview/RNCWebViewManagerImpl.kt:350:34 Condition is always 'true'.
w: file:///Users/mikevocalz/moyo-rive-panel/node_modules/react-native-webview/android/src/main/java/com/reactnativecommunity/webview/RNCWebViewManagerImpl.kt:369:38 'var allowUniversalAccessFromFileURLs: Boolean' is deprecated. Deprecated in Java.
w: file:///Users/mikevocalz/moyo-rive-panel/node_modules/react-native-webview/android/src/main/java/com/reactnativecommunity/webview/RNCWebViewManagerImpl.kt:430:51 Unchecked cast of 'Any?' to 'HashMap<String, String>'.
w: file:///Users/mikevocalz/moyo-rive-panel/node_modules/react-native-webview/android/src/main/java/com/reactnativecommunity/webview/RNCWebViewManagerImpl.kt:486:23 'var savePassword: Boolean' is deprecated. Deprecated in Java.
w: file:///Users/mikevocalz/moyo-rive-panel/node_modules/react-native-webview/android/src/main/java/com/reactnativecommunity/webview/RNCWebViewManagerImpl.kt:487:23 'var saveFormData: Boolean' is deprecated. Deprecated in Java.
w: file:///Users/mikevocalz/moyo-rive-panel/node_modules/react-native-webview/android/src/main/java/com/reactnativecommunity/webview/RNCWebViewManagerImpl.kt:557:23 'var allowFileAccessFromFileURLs: Boolean' is deprecated. Deprecated in Java.
w: file:///Users/mikevocalz/moyo-rive-panel/node_modules/react-native-webview/android/src/main/java/com/reactnativecommunity/webview/RNCWebViewManagerImpl.kt:602:52 'static field FORCE_DARK_ON: Int' is deprecated. Deprecated in Java.
w: file:///Users/mikevocalz/moyo-rive-panel/node_modules/react-native-webview/android/src/main/java/com/reactnativecommunity/webview/RNCWebViewManagerImpl.kt:602:89 'static field FORCE_DARK_OFF: Int' is deprecated. Deprecated in Java.
w: file:///Users/mikevocalz/moyo-rive-panel/node_modules/react-native-webview/android/src/main/java/com/reactnativecommunity/webview/RNCWebViewManagerImpl.kt:603:35 'static fun setForceDark(p0: @NonNull() WebSettings, p1: Int): Unit' is deprecated. Deprecated in Java.
w: file:///Users/mikevocalz/moyo-rive-panel/node_modules/react-native-webview/android/src/main/java/com/reactnativecommunity/webview/RNCWebViewManagerImpl.kt:612:35 'static fun setForceDarkStrategy(p0: @NonNull() WebSettings, p1: Int): Unit' is deprecated. Deprecated in Java.
w: file:///Users/mikevocalz/moyo-rive-panel/node_modules/react-native-webview/android/src/main/java/com/reactnativecommunity/webview/RNCWebViewManagerImpl.kt:614:39 'static field DARK_STRATEGY_PREFER_WEB_THEME_OVER_USER_AGENT_DARKENING: Int' is deprecated. Deprecated in Java.
w: file:///Users/mikevocalz/moyo-rive-panel/node_modules/react-native-webview/android/src/main/java/com/reactnativecommunity/webview/RNCWebViewManagerImpl.kt:658:65 Unchecked cast of 'ArrayList<Any?>' to 'List<Map<String, String>>'.
w: file:///Users/mikevocalz/moyo-rive-panel/node_modules/react-native-webview/android/src/main/java/com/reactnativecommunity/webview/RNCWebViewManagerImpl.kt:679:23 'var saveFormData: Boolean' is deprecated. Deprecated in Java.
w: file:///Users/mikevocalz/moyo-rive-panel/node_modules/react-native-webview/android/src/main/java/com/reactnativecommunity/webview/events/SubResourceErrorEvent.kt:5:8 'interface RCTEventEmitter : JavaScriptModule' is deprecated. Use [RCTModernEventEmitter] instead.
w: file:///Users/mikevocalz/moyo-rive-panel/node_modules/react-native-webview/android/src/main/java/com/reactnativecommunity/webview/events/SubResourceErrorEvent.kt:11:3 'constructor<T : Event<T>>(viewTag: Int): Event<T>' is deprecated. Use constructor with explicit surfaceId instead.
w: file:///Users/mikevocalz/moyo-rive-panel/node_modules/react-native-webview/android/src/main/java/com/reactnativecommunity/webview/events/SubResourceErrorEvent.kt:22:16 This declaration overrides a deprecated member but is not marked as deprecated itself. Add the '@Deprecated' annotation or suppress the diagnostic.
w: file:///Users/mikevocalz/moyo-rive-panel/node_modules/react-native-webview/android/src/main/java/com/reactnativecommunity/webview/events/SubResourceErrorEvent.kt:22:42 'interface RCTEventEmitter : JavaScriptModule' is deprecated. Use [RCTModernEventEmitter] instead.
w: file:///Users/mikevocalz/moyo-rive-panel/node_modules/react-native-webview/android/src/main/java/com/reactnativecommunity/webview/events/SubResourceErrorEvent.kt:23:21 'fun receiveEvent(targetTag: Int, eventName: String, params: WritableMap?): Unit' is deprecated. Use [RCTModernEventEmitter.receiveEvent] instead.
w: file:///Users/mikevocalz/moyo-rive-panel/node_modules/react-native-webview/android/src/main/java/com/reactnativecommunity/webview/events/TopCustomMenuSelectionEvent.kt:5:8 'interface RCTEventEmitter : JavaScriptModule' is deprecated. Use [RCTModernEventEmitter] instead.
w: file:///Users/mikevocalz/moyo-rive-panel/node_modules/react-native-webview/android/src/main/java/com/reactnativecommunity/webview/events/TopCustomMenuSelectionEvent.kt:11:3 'constructor<T : Event<T>>(viewTag: Int): Event<T>' is deprecated. Use constructor with explicit surfaceId instead.
w: file:///Users/mikevocalz/moyo-rive-panel/node_modules/react-native-webview/android/src/main/java/com/reactnativecommunity/webview/events/TopCustomMenuSelectionEvent.kt:22:16 This declaration overrides a deprecated member but is not marked as deprecated itself. Add the '@Deprecated' annotation or suppress the diagnostic.
w: file:///Users/mikevocalz/moyo-rive-panel/node_modules/react-native-webview/android/src/main/java/com/reactnativecommunity/webview/events/TopCustomMenuSelectionEvent.kt:22:42 'interface RCTEventEmitter : JavaScriptModule' is deprecated. Use [RCTModernEventEmitter] instead.
w: file:///Users/mikevocalz/moyo-rive-panel/node_modules/react-native-webview/android/src/main/java/com/reactnativecommunity/webview/events/TopCustomMenuSelectionEvent.kt:23:21 'fun receiveEvent(targetTag: Int, eventName: String, params: WritableMap?): Unit' is deprecated. Use [RCTModernEventEmitter.receiveEvent] instead.
w: file:///Users/mikevocalz/moyo-rive-panel/node_modules/react-native-webview/android/src/main/java/com/reactnativecommunity/webview/events/TopHttpErrorEvent.kt:5:8 'interface RCTEventEmitter : JavaScriptModule' is deprecated. Use [RCTModernEventEmitter] instead.
w: file:///Users/mikevocalz/moyo-rive-panel/node_modules/react-native-webview/android/src/main/java/com/reactnativecommunity/webview/events/TopHttpErrorEvent.kt:11:3 'constructor<T : Event<T>>(viewTag: Int): Event<T>' is deprecated. Use constructor with explicit surfaceId instead.
w: file:///Users/mikevocalz/moyo-rive-panel/node_modules/react-native-webview/android/src/main/java/com/reactnativecommunity/webview/events/TopHttpErrorEvent.kt:22:16 This declaration overrides a deprecated member but is not marked as deprecated itself. Add the '@Deprecated' annotation or suppress the diagnostic.
w: file:///Users/mikevocalz/moyo-rive-panel/node_modules/react-native-webview/android/src/main/java/com/reactnativecommunity/webview/events/TopHttpErrorEvent.kt:22:42 'interface RCTEventEmitter : JavaScriptModule' is deprecated. Use [RCTModernEventEmitter] instead.
w: file:///Users/mikevocalz/moyo-rive-panel/node_modules/react-native-webview/android/src/main/java/com/reactnativecommunity/webview/events/TopHttpErrorEvent.kt:23:21 'fun receiveEvent(targetTag: Int, eventName: String, params: WritableMap?): Unit' is deprecated. Use [RCTModernEventEmitter.receiveEvent] instead.
w: file:///Users/mikevocalz/moyo-rive-panel/node_modules/react-native-webview/android/src/main/java/com/reactnativecommunity/webview/events/TopLoadingErrorEvent.kt:5:8 'interface RCTEventEmitter : JavaScriptModule' is deprecated. Use [RCTModernEventEmitter] instead.
w: file:///Users/mikevocalz/moyo-rive-panel/node_modules/react-native-webview/android/src/main/java/com/reactnativecommunity/webview/events/TopLoadingErrorEvent.kt:11:3 'constructor<T : Event<T>>(viewTag: Int): Event<T>' is deprecated. Use constructor with explicit surfaceId instead.
w: file:///Users/mikevocalz/moyo-rive-panel/node_modules/react-native-webview/android/src/main/java/com/reactnativecommunity/webview/events/TopLoadingErrorEvent.kt:22:16 This declaration overrides a deprecated member but is not marked as deprecated itself. Add the '@Deprecated' annotation or suppress the diagnostic.
w: file:///Users/mikevocalz/moyo-rive-panel/node_modules/react-native-webview/android/src/main/java/com/reactnativecommunity/webview/events/TopLoadingErrorEvent.kt:22:42 'interface RCTEventEmitter : JavaScriptModule' is deprecated. Use [RCTModernEventEmitter] instead.
w: file:///Users/mikevocalz/moyo-rive-panel/node_modules/react-native-webview/android/src/main/java/com/reactnativecommunity/webview/events/TopLoadingErrorEvent.kt:23:21 'fun receiveEvent(targetTag: Int, eventName: String, params: WritableMap?): Unit' is deprecated. Use [RCTModernEventEmitter.receiveEvent] instead.
w: file:///Users/mikevocalz/moyo-rive-panel/node_modules/react-native-webview/android/src/main/java/com/reactnativecommunity/webview/events/TopLoadingFinishEvent.kt:5:8 'interface RCTEventEmitter : JavaScriptModule' is deprecated. Use [RCTModernEventEmitter] instead.
w: file:///Users/mikevocalz/moyo-rive-panel/node_modules/react-native-webview/android/src/main/java/com/reactnativecommunity/webview/events/TopLoadingFinishEvent.kt:11:3 'constructor<T : Event<T>>(viewTag: Int): Event<T>' is deprecated. Use constructor with explicit surfaceId instead.
w: file:///Users/mikevocalz/moyo-rive-panel/node_modules/react-native-webview/android/src/main/java/com/reactnativecommunity/webview/events/TopLoadingFinishEvent.kt:22:16 This declaration overrides a deprecated member but is not marked as deprecated itself. Add the '@Deprecated' annotation or suppress the diagnostic.
w: file:///Users/mikevocalz/moyo-rive-panel/node_modules/react-native-webview/android/src/main/java/com/reactnativecommunity/webview/events/TopLoadingFinishEvent.kt:22:42 'interface RCTEventEmitter : JavaScriptModule' is deprecated. Use [RCTModernEventEmitter] instead.
w: file:///Users/mikevocalz/moyo-rive-panel/node_modules/react-native-webview/android/src/main/java/com/reactnativecommunity/webview/events/TopLoadingFinishEvent.kt:23:21 'fun receiveEvent(targetTag: Int, eventName: String, params: WritableMap?): Unit' is deprecated. Use [RCTModernEventEmitter.receiveEvent] instead.
w: file:///Users/mikevocalz/moyo-rive-panel/node_modules/react-native-webview/android/src/main/java/com/reactnativecommunity/webview/events/TopLoadingProgressEvent.kt:5:8 'interface RCTEventEmitter : JavaScriptModule' is deprecated. Use [RCTModernEventEmitter] instead.
w: file:///Users/mikevocalz/moyo-rive-panel/node_modules/react-native-webview/android/src/main/java/com/reactnativecommunity/webview/events/TopLoadingProgressEvent.kt:11:3 'constructor<T : Event<T>>(viewTag: Int): Event<T>' is deprecated. Use constructor with explicit surfaceId instead.
w: file:///Users/mikevocalz/moyo-rive-panel/node_modules/react-native-webview/android/src/main/java/com/reactnativecommunity/webview/events/TopLoadingProgressEvent.kt:22:16 This declaration overrides a deprecated member but is not marked as deprecated itself. Add the '@Deprecated' annotation or suppress the diagnostic.
w: file:///Users/mikevocalz/moyo-rive-panel/node_modules/react-native-webview/android/src/main/java/com/reactnativecommunity/webview/events/TopLoadingProgressEvent.kt:22:42 'interface RCTEventEmitter : JavaScriptModule' is deprecated. Use [RCTModernEventEmitter] instead.
w: file:///Users/mikevocalz/moyo-rive-panel/node_modules/react-native-webview/android/src/main/java/com/reactnativecommunity/webview/events/TopLoadingProgressEvent.kt:23:21 'fun receiveEvent(targetTag: Int, eventName: String, params: WritableMap?): Unit' is deprecated. Use [RCTModernEventEmitter.receiveEvent] instead.
w: file:///Users/mikevocalz/moyo-rive-panel/node_modules/react-native-webview/android/src/main/java/com/reactnativecommunity/webview/events/TopLoadingStartEvent.kt:5:8 'interface RCTEventEmitter : JavaScriptModule' is deprecated. Use [RCTModernEventEmitter] instead.
w: file:///Users/mikevocalz/moyo-rive-panel/node_modules/react-native-webview/android/src/main/java/com/reactnativecommunity/webview/events/TopLoadingStartEvent.kt:11:3 'constructor<T : Event<T>>(viewTag: Int): Event<T>' is deprecated. Use constructor with explicit surfaceId instead.
w: file:///Users/mikevocalz/moyo-rive-panel/node_modules/react-native-webview/android/src/main/java/com/reactnativecommunity/webview/events/TopLoadingStartEvent.kt:22:16 This declaration overrides a deprecated member but is not marked as deprecated itself. Add the '@Deprecated' annotation or suppress the diagnostic.
w: file:///Users/mikevocalz/moyo-rive-panel/node_modules/react-native-webview/android/src/main/java/com/reactnativecommunity/webview/events/TopLoadingStartEvent.kt:22:42 'interface RCTEventEmitter : JavaScriptModule' is deprecated. Use [RCTModernEventEmitter] instead.
w: file:///Users/mikevocalz/moyo-rive-panel/node_modules/react-native-webview/android/src/main/java/com/reactnativecommunity/webview/events/TopLoadingStartEvent.kt:23:21 'fun receiveEvent(targetTag: Int, eventName: String, params: WritableMap?): Unit' is deprecated. Use [RCTModernEventEmitter.receiveEvent] instead.
w: file:///Users/mikevocalz/moyo-rive-panel/node_modules/react-native-webview/android/src/main/java/com/reactnativecommunity/webview/events/TopMessageEvent.kt:5:8 'interface RCTEventEmitter : JavaScriptModule' is deprecated. Use [RCTModernEventEmitter] instead.
w: file:///Users/mikevocalz/moyo-rive-panel/node_modules/react-native-webview/android/src/main/java/com/reactnativecommunity/webview/events/TopMessageEvent.kt:10:75 'constructor<T : Event<T>>(viewTag: Int): Event<T>' is deprecated. Use constructor with explicit surfaceId instead.
w: file:///Users/mikevocalz/moyo-rive-panel/node_modules/react-native-webview/android/src/main/java/com/reactnativecommunity/webview/events/TopMessageEvent.kt:21:16 This declaration overrides a deprecated member but is not marked as deprecated itself. Add the '@Deprecated' annotation or suppress the diagnostic.
w: file:///Users/mikevocalz/moyo-rive-panel/node_modules/react-native-webview/android/src/main/java/com/reactnativecommunity/webview/events/TopMessageEvent.kt:21:42 'interface RCTEventEmitter : JavaScriptModule' is deprecated. Use [RCTModernEventEmitter] instead.
w: file:///Users/mikevocalz/moyo-rive-panel/node_modules/react-native-webview/android/src/main/java/com/reactnativecommunity/webview/events/TopMessageEvent.kt:22:21 'fun receiveEvent(targetTag: Int, eventName: String, params: WritableMap?): Unit' is deprecated. Use [RCTModernEventEmitter.receiveEvent] instead.
w: file:///Users/mikevocalz/moyo-rive-panel/node_modules/react-native-webview/android/src/main/java/com/reactnativecommunity/webview/events/TopNewWindowEvent.kt:5:8 'interface RCTEventEmitter : JavaScriptModule' is deprecated. Use [RCTModernEventEmitter] instead.
w: file:///Users/mikevocalz/moyo-rive-panel/node_modules/react-native-webview/android/src/main/java/com/reactnativecommunity/webview/events/TopNewWindowEvent.kt:11:3 'constructor<T : Event<T>>(viewTag: Int): Event<T>' is deprecated. Use constructor with explicit surfaceId instead.
w: file:///Users/mikevocalz/moyo-rive-panel/node_modules/react-native-webview/android/src/main/java/com/reactnativecommunity/webview/events/TopNewWindowEvent.kt:22:16 This declaration overrides a deprecated member but is not marked as deprecated itself. Add the '@Deprecated' annotation or suppress the diagnostic.
w: file:///Users/mikevocalz/moyo-rive-panel/node_modules/react-native-webview/android/src/main/java/com/reactnativecommunity/webview/events/TopNewWindowEvent.kt:22:42 'interface RCTEventEmitter : JavaScriptModule' is deprecated. Use [RCTModernEventEmitter] instead.
w: file:///Users/mikevocalz/moyo-rive-panel/node_modules/react-native-webview/android/src/main/java/com/reactnativecommunity/webview/events/TopNewWindowEvent.kt:23:21 'fun receiveEvent(targetTag: Int, eventName: String, params: WritableMap?): Unit' is deprecated. Use [RCTModernEventEmitter.receiveEvent] instead.
w: file:///Users/mikevocalz/moyo-rive-panel/node_modules/react-native-webview/android/src/main/java/com/reactnativecommunity/webview/events/TopRenderProcessGoneEvent.kt:5:8 'interface RCTEventEmitter : JavaScriptModule' is deprecated. Use [RCTModernEventEmitter] instead.
w: file:///Users/mikevocalz/moyo-rive-panel/node_modules/react-native-webview/android/src/main/java/com/reactnativecommunity/webview/events/TopRenderProcessGoneEvent.kt:12:3 'constructor<T : Event<T>>(viewTag: Int): Event<T>' is deprecated. Use constructor with explicit surfaceId instead.
w: file:///Users/mikevocalz/moyo-rive-panel/node_modules/react-native-webview/android/src/main/java/com/reactnativecommunity/webview/events/TopRenderProcessGoneEvent.kt:23:16 This declaration overrides a deprecated member but is not marked as deprecated itself. Add the '@Deprecated' annotation or suppress the diagnostic.
w: file:///Users/mikevocalz/moyo-rive-panel/node_modules/react-native-webview/android/src/main/java/com/reactnativecommunity/webview/events/TopRenderProcessGoneEvent.kt:23:42 'interface RCTEventEmitter : JavaScriptModule' is deprecated. Use [RCTModernEventEmitter] instead.
w: file:///Users/mikevocalz/moyo-rive-panel/node_modules/react-native-webview/android/src/main/java/com/reactnativecommunity/webview/events/TopRenderProcessGoneEvent.kt:24:21 'fun receiveEvent(targetTag: Int, eventName: String, params: WritableMap?): Unit' is deprecated. Use [RCTModernEventEmitter.receiveEvent] instead.
w: file:///Users/mikevocalz/moyo-rive-panel/node_modules/react-native-webview/android/src/main/java/com/reactnativecommunity/webview/events/TopShouldStartLoadWithRequestEvent.kt:5:8 'interface RCTEventEmitter : JavaScriptModule' is deprecated. Use [RCTModernEventEmitter] instead.
w: file:///Users/mikevocalz/moyo-rive-panel/node_modules/react-native-webview/android/src/main/java/com/reactnativecommunity/webview/events/TopShouldStartLoadWithRequestEvent.kt:10:89 'constructor<T : Event<T>>(viewTag: Int): Event<T>' is deprecated. Use constructor with explicit surfaceId instead.
w: file:///Users/mikevocalz/moyo-rive-panel/node_modules/react-native-webview/android/src/main/java/com/reactnativecommunity/webview/events/TopShouldStartLoadWithRequestEvent.kt:27:16 This declaration overrides a deprecated member but is not marked as deprecated itself. Add the '@Deprecated' annotation or suppress the diagnostic.
w: file:///Users/mikevocalz/moyo-rive-panel/node_modules/react-native-webview/android/src/main/java/com/reactnativecommunity/webview/events/TopShouldStartLoadWithRequestEvent.kt:27:42 'interface RCTEventEmitter : JavaScriptModule' is deprecated. Use [RCTModernEventEmitter] instead.
w: file:///Users/mikevocalz/moyo-rive-panel/node_modules/react-native-webview/android/src/main/java/com/reactnativecommunity/webview/events/TopShouldStartLoadWithRequestEvent.kt:28:21 'fun receiveEvent(targetTag: Int, eventName: String, params: WritableMap?): Unit' is deprecated. Use [RCTModernEventEmitter.receiveEvent] instead.

> Task :react-native-webview:javaPreCompileDebug

> Task :react-native-webview:compileDebugJavaWithJavac
Note: Some input files use or override a deprecated API.
Note: Recompile with -Xlint:deprecation for details.

> Task :react-native-webview:bundleLibCompileToJarDebug
> Task :react_viro:generateQuestDebugResources
> Task :react_viro:packageQuestDebugResources
> Task :react_viro:parseQuestDebugLocalResources
> Task :react_viro:generateQuestDebugRFile
> Task :react_viro:javaPreCompileQuestDebug
> Task :react_viro:compileQuestDebugJavaWithJavac NO-SOURCE
> Task :react_viro:bundleLibCompileToJarQuestDebug
> Task :sentry_react-native:generateDebugBuildConfig
> Task :sentry_react-native:generateDebugResources
> Task :sentry_react-native:packageDebugResources
> Task :sentry_react-native:parseDebugLocalResources
> Task :sentry_react-native:generateDebugRFile
> Task :sentry_react-native:javaPreCompileDebug

> Task :sentry_react-native:compileDebugJavaWithJavac
Note: Some input files use or override a deprecated API.
Note: Recompile with -Xlint:deprecation for details.

> Task :sentry_react-native:bundleLibCompileToJarDebug
> Task :shopify_react-native-skia:generateDebugBuildConfig
> Task :shopify_react-native-skia:generateDebugResources
> Task :shopify_react-native-skia:packageDebugResources
> Task :shopify_react-native-skia:parseDebugLocalResources
> Task :shopify_react-native-skia:generateDebugRFile
> Task :shopify_react-native-skia:javaPreCompileDebug

> Task :shopify_react-native-skia:compileDebugJavaWithJavac
Note: Some input files use or override a deprecated API.
Note: Recompile with -Xlint:deprecation for details.
Note: Some input files use unchecked or unsafe operations.
Note: Recompile with -Xlint:unchecked for details.

> Task :shopify_react-native-skia:bundleLibCompileToJarDebug
> Task :viro_renderer:generateQuestDebugResources
> Task :viro_renderer:packageQuestDebugResources
> Task :viro_renderer:parseQuestDebugLocalResources
> Task :viro_renderer:generateQuestDebugRFile
> Task :viro_renderer:javaPreCompileQuestDebug
> Task :viro_renderer:compileQuestDebugJavaWithJavac NO-SOURCE
> Task :viro_renderer:bundleLibCompileToJarQuestDebug
> Task :app:javaPreCompileQuestDebug

> Task :react-native-screens:compileDebugKotlin
w: file:///Users/mikevocalz/moyo-rive-panel/apps/mobile/node_modules/react-native-screens/android/src/main/java/com/swmansion/rnscreens/RNScreensPackage.kt:70:9 The corresponding parameter in the supertype 'BaseReactPackage' is named 'name'. This may cause problems when calling this function with named arguments.
w: file:///Users/mikevocalz/moyo-rive-panel/apps/mobile/node_modules/react-native-screens/android/src/main/java/com/swmansion/rnscreens/RNScreensPackage.kt:71:9 The corresponding parameter in the supertype 'BaseReactPackage' is named 'reactContext'. This may cause problems when calling this function with named arguments.
w: file:///Users/mikevocalz/moyo-rive-panel/apps/mobile/node_modules/react-native-screens/android/src/main/java/com/swmansion/rnscreens/RNScreensPackage.kt:83:17 'constructor(name: String, className: String, canOverrideExistingModule: Boolean, needsEagerInit: Boolean, hasConstants: Boolean, isCxxModule: Boolean, isTurboModule: Boolean): ReactModuleInfo' is deprecated. This constructor is deprecated and will be removed in the future. Use ReactModuleInfo(String, String, boolean, boolean, boolean, boolean)].
w: file:///Users/mikevocalz/moyo-rive-panel/apps/mobile/node_modules/react-native-screens/android/src/main/java/com/swmansion/rnscreens/Screen.kt:54:77 Unchecked cast of '(CoordinatorLayout.Behavior<View!>?..CoordinatorLayout.Behavior<*>?)' to 'BottomSheetBehavior<Screen>'.
w: file:///Users/mikevocalz/moyo-rive-panel/apps/mobile/node_modules/react-native-screens/android/src/main/java/com/swmansion/rnscreens/Screen.kt:59:33 'fun getEventDispatcherForReactTag(context: ReactContext, reactTag: Int): EventDispatcher?' is deprecated. reactTag is no longer needed.
w: file:///Users/mikevocalz/moyo-rive-panel/apps/mobile/node_modules/react-native-screens/android/src/main/java/com/swmansion/rnscreens/Screen.kt:532:14 'fun getEventDispatcherForReactTag(context: ReactContext, reactTag: Int): EventDispatcher?' is deprecated. reactTag is no longer needed.
w: file:///Users/mikevocalz/moyo-rive-panel/apps/mobile/node_modules/react-native-screens/android/src/main/java/com/swmansion/rnscreens/ScreenContainer.kt:71:74 'static field HIDE_NOT_ALWAYS: Int' is deprecated. Deprecated in Java.
w: file:///Users/mikevocalz/moyo-rive-panel/apps/mobile/node_modules/react-native-screens/android/src/main/java/com/swmansion/rnscreens/ScreenContainer.kt:250:18 'fun getEventDispatcherForReactTag(context: ReactContext, reactTag: Int): EventDispatcher?' is deprecated. reactTag is no longer needed.
w: file:///Users/mikevocalz/moyo-rive-panel/apps/mobile/node_modules/react-native-screens/android/src/main/java/com/swmansion/rnscreens/ScreenContainer.kt:260:18 'fun getEventDispatcherForReactTag(context: ReactContext, reactTag: Int): EventDispatcher?' is deprecated. reactTag is no longer needed.
w: file:///Users/mikevocalz/moyo-rive-panel/apps/mobile/node_modules/react-native-screens/android/src/main/java/com/swmansion/rnscreens/ScreenFragment.kt:225:37 'fun getEventDispatcherForReactTag(context: ReactContext, reactTag: Int): EventDispatcher?' is deprecated. reactTag is no longer needed.
w: file:///Users/mikevocalz/moyo-rive-panel/apps/mobile/node_modules/react-native-screens/android/src/main/java/com/swmansion/rnscreens/ScreenFragment.kt:242:14 'fun getEventDispatcherForReactTag(context: ReactContext, reactTag: Int): EventDispatcher?' is deprecated. reactTag is no longer needed.
w: file:///Users/mikevocalz/moyo-rive-panel/apps/mobile/node_modules/react-native-screens/android/src/main/java/com/swmansion/rnscreens/ScreenFragment.kt:258:22 'fun getEventDispatcherForReactTag(context: ReactContext, reactTag: Int): EventDispatcher?' is deprecated. reactTag is no longer needed.
w: file:///Users/mikevocalz/moyo-rive-panel/apps/mobile/node_modules/react-native-screens/android/src/main/java/com/swmansion/rnscreens/ScreenFragment.kt:327:22 'fun getEventDispatcherForReactTag(context: ReactContext, reactTag: Int): EventDispatcher?' is deprecated. reactTag is no longer needed.
w: file:///Users/mikevocalz/moyo-rive-panel/apps/mobile/node_modules/react-native-screens/android/src/main/java/com/swmansion/rnscreens/ScreenModalFragment.kt:180:22 'fun getEventDispatcherForReactTag(context: ReactContext, reactTag: Int): EventDispatcher?' is deprecated. reactTag is no longer needed.
w: file:///Users/mikevocalz/moyo-rive-panel/apps/mobile/node_modules/react-native-screens/android/src/main/java/com/swmansion/rnscreens/ScreenStack.kt:120:14 'fun getEventDispatcherForReactTag(context: ReactContext, reactTag: Int): EventDispatcher?' is deprecated. reactTag is no longer needed.
w: file:///Users/mikevocalz/moyo-rive-panel/apps/mobile/node_modules/react-native-screens/android/src/main/java/com/swmansion/rnscreens/ScreenStackFragment.kt:179:18 'fun getEventDispatcherForReactTag(context: ReactContext, reactTag: Int): EventDispatcher?' is deprecated. reactTag is no longer needed.
w: file:///Users/mikevocalz/moyo-rive-panel/apps/mobile/node_modules/react-native-screens/android/src/main/java/com/swmansion/rnscreens/ScreenStackFragment.kt:236:31 'var targetElevation: Float' is deprecated. Deprecated in Java.
w: file:///Users/mikevocalz/moyo-rive-panel/apps/mobile/node_modules/react-native-screens/android/src/main/java/com/swmansion/rnscreens/ScreenStackFragment.kt:239:13 'fun setHasOptionsMenu(p0: Boolean): Unit' is deprecated. Deprecated in Java.
w: file:///Users/mikevocalz/moyo-rive-panel/apps/mobile/node_modules/react-native-screens/android/src/main/java/com/swmansion/rnscreens/ScreenStackFragment.kt:450:18 This declaration overrides a deprecated member but is not marked as deprecated itself. Add the '@Deprecated' annotation or suppress the diagnostic.
w: file:///Users/mikevocalz/moyo-rive-panel/apps/mobile/node_modules/react-native-screens/android/src/main/java/com/swmansion/rnscreens/ScreenStackFragment.kt:457:22 'fun onPrepareOptionsMenu(p0: Menu): Unit' is deprecated. Deprecated in Java.
w: file:///Users/mikevocalz/moyo-rive-panel/apps/mobile/node_modules/react-native-screens/android/src/main/java/com/swmansion/rnscreens/ScreenStackFragment.kt:460:18 This declaration overrides a deprecated member but is not marked as deprecated itself. Add the '@Deprecated' annotation or suppress the diagnostic.
w: file:///Users/mikevocalz/moyo-rive-panel/apps/mobile/node_modules/react-native-screens/android/src/main/java/com/swmansion/rnscreens/ScreenStackFragment.kt:465:22 'fun onCreateOptionsMenu(p0: Menu, p1: MenuInflater): Unit' is deprecated. Deprecated in Java.
w: file:///Users/mikevocalz/moyo-rive-panel/apps/mobile/node_modules/react-native-screens/android/src/main/java/com/swmansion/rnscreens/ScreenStackHeaderConfig.kt:199:14 'fun getEventDispatcherForReactTag(context: ReactContext, reactTag: Int): EventDispatcher?' is deprecated. reactTag is no longer needed.
w: file:///Users/mikevocalz/moyo-rive-panel/apps/mobile/node_modules/react-native-screens/android/src/main/java/com/swmansion/rnscreens/ScreenStackHeaderConfig.kt:209:14 'fun getEventDispatcherForReactTag(context: ReactContext, reactTag: Int): EventDispatcher?' is deprecated. reactTag is no longer needed.
w: file:///Users/mikevocalz/moyo-rive-panel/apps/mobile/node_modules/react-native-screens/android/src/main/java/com/swmansion/rnscreens/ScreenWindowTraits.kt:48:42 'fun replaceSystemWindowInsets(p0: Int, p1: Int, p2: Int, p3: Int): @NonNull() WindowInsetsCompat' is deprecated. Deprecated in Java.
w: file:///Users/mikevocalz/moyo-rive-panel/apps/mobile/node_modules/react-native-screens/android/src/main/java/com/swmansion/rnscreens/ScreenWindowTraits.kt:49:39 'val systemWindowInsetLeft: Int' is deprecated. Deprecated in Java.
w: file:///Users/mikevocalz/moyo-rive-panel/apps/mobile/node_modules/react-native-screens/android/src/main/java/com/swmansion/rnscreens/ScreenWindowTraits.kt:51:39 'val systemWindowInsetRight: Int' is deprecated. Deprecated in Java.
w: file:///Users/mikevocalz/moyo-rive-panel/apps/mobile/node_modules/react-native-screens/android/src/main/java/com/swmansion/rnscreens/ScreenWindowTraits.kt:52:39 'val systemWindowInsetBottom: Int' is deprecated. Deprecated in Java.
w: file:///Users/mikevocalz/moyo-rive-panel/apps/mobile/node_modules/react-native-screens/android/src/main/java/com/swmansion/rnscreens/ScreensModule.kt:100:14 'fun getEventDispatcherForReactTag(context: ReactContext, reactTag: Int): EventDispatcher?' is deprecated. reactTag is no longer needed.
w: file:///Users/mikevocalz/moyo-rive-panel/apps/mobile/node_modules/react-native-screens/android/src/main/java/com/swmansion/rnscreens/SearchBarView.kt:137:29 'fun getEventDispatcherForReactTag(context: ReactContext, reactTag: Int): EventDispatcher?' is deprecated. reactTag is no longer needed.
w: file:///Users/mikevocalz/moyo-rive-panel/apps/mobile/node_modules/react-native-screens/android/src/main/java/com/swmansion/rnscreens/bottomsheet/BottomSheetDialogRootView.kt:7:8 'object ReactFeatureFlags : Any' is deprecated. Use com.facebook.react.internal.featureflags.ReactNativeFeatureFlags instead.
w: file:///Users/mikevocalz/moyo-rive-panel/apps/mobile/node_modules/react-native-screens/android/src/main/java/com/swmansion/rnscreens/bottomsheet/BottomSheetDialogRootView.kt:25:13 'object ReactFeatureFlags : Any' is deprecated. Use com.facebook.react.internal.featureflags.ReactNativeFeatureFlags instead.
w: file:///Users/mikevocalz/moyo-rive-panel/apps/mobile/node_modules/react-native-screens/android/src/main/java/com/swmansion/rnscreens/bottomsheet/BottomSheetDialogRootView.kt:32:9 The corresponding parameter in the supertype 'ReactViewGroup' is named 'left'. This may cause problems when calling this function with named arguments.
w: file:///Users/mikevocalz/moyo-rive-panel/apps/mobile/node_modules/react-native-screens/android/src/main/java/com/swmansion/rnscreens/bottomsheet/BottomSheetDialogRootView.kt:33:9 The corresponding parameter in the supertype 'ReactViewGroup' is named 'top'. This may cause problems when calling this function with named arguments.
w: file:///Users/mikevocalz/moyo-rive-panel/apps/mobile/node_modules/react-native-screens/android/src/main/java/com/swmansion/rnscreens/bottomsheet/BottomSheetDialogRootView.kt:34:9 The corresponding parameter in the supertype 'ReactViewGroup' is named 'right'. This may cause problems when calling this function with named arguments.
w: file:///Users/mikevocalz/moyo-rive-panel/apps/mobile/node_modules/react-native-screens/android/src/main/java/com/swmansion/rnscreens/bottomsheet/BottomSheetDialogRootView.kt:35:9 The corresponding parameter in the supertype 'ReactViewGroup' is named 'bottom'. This may cause problems when calling this function with named arguments.
w: file:///Users/mikevocalz/moyo-rive-panel/apps/mobile/node_modules/react-native-screens/android/src/main/java/com/swmansion/rnscreens/bottomsheet/BottomSheetDialogRootView.kt:71:9 The corresponding parameter in the supertype 'RootView' is named 'childView'. This may cause problems when calling this function with named arguments.
w: file:///Users/mikevocalz/moyo-rive-panel/apps/mobile/node_modules/react-native-screens/android/src/main/java/com/swmansion/rnscreens/bottomsheet/BottomSheetDialogRootView.kt:72:9 The corresponding parameter in the supertype 'RootView' is named 'ev'. This may cause problems when calling this function with named arguments.
w: file:///Users/mikevocalz/moyo-rive-panel/apps/mobile/node_modules/react-native-screens/android/src/main/java/com/swmansion/rnscreens/bottomsheet/BottomSheetDialogRootView.kt:79:46 The corresponding parameter in the supertype 'RootView' is named 'ev'. This may cause problems when calling this function with named arguments.
w: file:///Users/mikevocalz/moyo-rive-panel/apps/mobile/node_modules/react-native-screens/android/src/main/java/com/swmansion/rnscreens/bottomsheet/BottomSheetDialogRootView.kt:83:9 The corresponding parameter in the supertype 'RootView' is named 'childView'. This may cause problems when calling this function with named arguments.
w: file:///Users/mikevocalz/moyo-rive-panel/apps/mobile/node_modules/react-native-screens/android/src/main/java/com/swmansion/rnscreens/bottomsheet/BottomSheetDialogRootView.kt:84:9 The corresponding parameter in the supertype 'RootView' is named 'ev'. This may cause problems when calling this function with named arguments.
w: file:///Users/mikevocalz/moyo-rive-panel/apps/mobile/node_modules/react-native-screens/android/src/main/java/com/swmansion/rnscreens/bottomsheet/BottomSheetDialogRootView.kt:95:34 The corresponding parameter in the supertype 'RootView' is named 't'. This may cause problems when calling this function with named arguments.
w: file:///Users/mikevocalz/moyo-rive-panel/apps/mobile/node_modules/react-native-screens/android/src/main/java/com/swmansion/rnscreens/bottomsheet/DimmingView.kt:64:9 The corresponding parameter in the supertype 'ReactCompoundView' is named 'touchX'. This may cause problems when calling this function with named arguments.
w: file:///Users/mikevocalz/moyo-rive-panel/apps/mobile/node_modules/react-native-screens/android/src/main/java/com/swmansion/rnscreens/bottomsheet/DimmingView.kt:65:9 The corresponding parameter in the supertype 'ReactCompoundView' is named 'touchY'. This may cause problems when calling this function with named arguments.
w: file:///Users/mikevocalz/moyo-rive-panel/apps/mobile/node_modules/react-native-screens/android/src/main/java/com/swmansion/rnscreens/bottomsheet/DimmingView.kt:69:9 The corresponding parameter in the supertype 'ReactCompoundViewGroup' is named 'touchX'. This may cause problems when calling this function with named arguments.
w: file:///Users/mikevocalz/moyo-rive-panel/apps/mobile/node_modules/react-native-screens/android/src/main/java/com/swmansion/rnscreens/bottomsheet/DimmingView.kt:70:9 The corresponding parameter in the supertype 'ReactCompoundViewGroup' is named 'touchY'. This may cause problems when calling this function with named arguments.
w: file:///Users/mikevocalz/moyo-rive-panel/apps/mobile/node_modules/react-native-screens/android/src/main/java/com/swmansion/rnscreens/gamma/common/event/BaseEventEmitter.kt:12:38 'fun getEventDispatcherForReactTag(context: ReactContext, reactTag: Int): EventDispatcher?' is deprecated. reactTag is no longer needed.
w: file:///Users/mikevocalz/moyo-rive-panel/apps/mobile/node_modules/react-native-screens/android/src/main/java/com/swmansion/rnscreens/gamma/modals/dimmingview/DimmingView.kt:64:9 The corresponding parameter in the supertype 'ReactCompoundView' is named 'touchX'. This may cause problems when calling this function with named arguments.
w: file:///Users/mikevocalz/moyo-rive-panel/apps/mobile/node_modules/react-native-screens/android/src/main/java/com/swmansion/rnscreens/gamma/modals/dimmingview/DimmingView.kt:65:9 The corresponding parameter in the supertype 'ReactCompoundView' is named 'touchY'. This may cause problems when calling this function with named arguments.
w: file:///Users/mikevocalz/moyo-rive-panel/apps/mobile/node_modules/react-native-screens/android/src/main/java/com/swmansion/rnscreens/gamma/modals/dimmingview/DimmingView.kt:69:9 The corresponding parameter in the supertype 'ReactCompoundViewGroup' is named 'touchX'. This may cause problems when calling this function with named arguments.
w: file:///Users/mikevocalz/moyo-rive-panel/apps/mobile/node_modules/react-native-screens/android/src/main/java/com/swmansion/rnscreens/gamma/modals/dimmingview/DimmingView.kt:70:9 The corresponding parameter in the supertype 'ReactCompoundViewGroup' is named 'touchY'. This may cause problems when calling this function with named arguments.
w: file:///Users/mikevocalz/moyo-rive-panel/apps/mobile/node_modules/react-native-screens/android/src/main/java/com/swmansion/rnscreens/gamma/modals/formsheet/FormSheetContentView.kt:11:8 'object ReactFeatureFlags : Any' is deprecated. Use com.facebook.react.internal.featureflags.ReactNativeFeatureFlags instead.
w: file:///Users/mikevocalz/moyo-rive-panel/apps/mobile/node_modules/react-native-screens/android/src/main/java/com/swmansion/rnscreens/gamma/modals/formsheet/FormSheetContentView.kt:39:33 'fun getEventDispatcher(context: ReactContext, uiManagerType: Int): EventDispatcher?' is deprecated. UIManagerType is no longer needed.
w: file:///Users/mikevocalz/moyo-rive-panel/apps/mobile/node_modules/react-native-screens/android/src/main/java/com/swmansion/rnscreens/gamma/modals/formsheet/FormSheetContentView.kt:44:13 'object ReactFeatureFlags : Any' is deprecated. Use com.facebook.react.internal.featureflags.ReactNativeFeatureFlags instead.
w: file:///Users/mikevocalz/moyo-rive-panel/apps/mobile/node_modules/react-native-screens/android/src/main/java/com/swmansion/rnscreens/gamma/modals/formsheet/FormSheetHostViewManager.kt:38:9 The corresponding parameter in the supertype 'ViewGroupManager' is named 'view'. This may cause problems when calling this function with named arguments.
w: file:///Users/mikevocalz/moyo-rive-panel/apps/mobile/node_modules/react-native-screens/android/src/main/java/com/swmansion/rnscreens/gamma/tabs/host/TabsHostViewManager.kt:44:9 The corresponding parameter in the supertype 'ViewGroupManager' is named 'view'. This may cause problems when calling this function with named arguments.
w: file:///Users/mikevocalz/moyo-rive-panel/apps/mobile/node_modules/react-native-screens/android/src/main/java/com/swmansion/rnscreens/safearea/SafeAreaView.kt:143:45 'fun consumeDisplayCutout(): @NonNull() WindowInsetsCompat' is deprecated. Deprecated in Java.

> Task :app:createQuestDebugUpdatesResources
» android: @expo-pico/core: xrMode 'pico-os5' expects newArchEnabled: true. PicoCorePackage relies on the New Architecture package registration shape. Set 'newArchEnabled: true' in app.config.{ts,js,json} (top-level).
» android: @expo-pico/core: xrMode 'pico-os5' is an immersive build but picoAppId is empty. Every PPS call (account, IAP, achievements, leaderboards, social) will fail at runtime with PICO error 100008 "appkey is empty". PICO_APP_ID env var is NOT set in this shell. Either: (a) export PICO_APP_ID=<your-app-id> from .env.local before prebuild, or (b) hardcode picoAppId in the plugin config (NOT recommended — secrets in source).
(node:99230) [MODULE_TYPELESS_PACKAGE_JSON] Warning: Module type of file:///Users/mikevocalz/moyo-rive-panel/packages/theme/index.ts is not specified and it doesn't parse as CommonJS.
Reparsing as ES module because module syntax was detected. This incurs a performance overhead.
To eliminate this warning, add "type": "module" to /Users/mikevocalz/moyo-rive-panel/packages/theme/package.json.
(Use `node --trace-warnings ...` to show where the warning was created)

> Task :react-native-screens:compileDebugJavaWithJavac
> Task :app:generateQuestDebugAssets UP-TO-DATE
> Task :board-texture:generateDebugAssets UP-TO-DATE
> Task :board-texture:mergeDebugAssets
> Task :expo:generateQuestDebugAssets UP-TO-DATE
> Task :expo:mergeQuestDebugAssets
> Task :expo-asset:generateDebugAssets UP-TO-DATE
> Task :expo-asset:mergeDebugAssets
> Task :expo-background-task:generateDebugAssets UP-TO-DATE
> Task :expo-background-task:mergeDebugAssets
> Task :expo-constants:generateDebugAssets UP-TO-DATE
> Task :expo-constants:mergeDebugAssets
> Task :expo-document-picker:generateDebugAssets UP-TO-DATE
> Task :expo-document-picker:mergeDebugAssets
> Task :expo-dom-webview:generateDebugAssets UP-TO-DATE
> Task :expo-dom-webview:mergeDebugAssets
> Task :expo-drag-drop-content-view:generateDebugAssets UP-TO-DATE
> Task :expo-drag-drop-content-view:mergeDebugAssets
> Task :expo-eas-client:generateDebugAssets UP-TO-DATE
> Task :expo-eas-client:mergeDebugAssets
> Task :expo-file-system:generateDebugAssets UP-TO-DATE
> Task :expo-file-system:mergeDebugAssets
> Task :expo-font:generateDebugAssets UP-TO-DATE
> Task :expo-font:mergeDebugAssets
> Task :expo-horizon-core:generateQuestDebugAssets UP-TO-DATE
> Task :expo-horizon-core:mergeQuestDebugAssets
> Task :expo-image:generateDebugAssets UP-TO-DATE
> Task :expo-image:mergeDebugAssets
> Task :expo-image-loader:generateDebugAssets UP-TO-DATE
> Task :expo-image-loader:mergeDebugAssets
> Task :expo-image-manipulator:generateDebugAssets UP-TO-DATE
> Task :expo-image-manipulator:mergeDebugAssets
> Task :expo-image-picker:generateDebugAssets UP-TO-DATE
> Task :expo-image-picker:mergeDebugAssets
> Task :expo-json-utils:generateDebugAssets UP-TO-DATE
> Task :expo-json-utils:mergeDebugAssets
> Task :expo-keep-awake:generateDebugAssets UP-TO-DATE
> Task :expo-keep-awake:mergeDebugAssets
> Task :expo-linking:generateDebugAssets UP-TO-DATE
> Task :expo-linking:mergeDebugAssets
> Task :expo-log-box:generateDebugAssets UP-TO-DATE
> Task :expo-log-box:mergeDebugAssets
> Task :expo-manifests:generateDebugAssets UP-TO-DATE
> Task :expo-manifests:mergeDebugAssets
> Task :expo-modules-core:generateDebugAssets UP-TO-DATE
> Task :expo-modules-core:mergeDebugAssets
> Task :expo-paste-input:generateDebugAssets UP-TO-DATE
> Task :expo-paste-input:mergeDebugAssets
> Task :expo-pico-core:generateMobileDebugAssets UP-TO-DATE
> Task :react-native-screens:bundleLibCompileToJarDebug
> Task :expo-pico-core:mergeMobileDebugAssets
> Task :expo-router:generateDebugAssets UP-TO-DATE
> Task :expo-router:mergeDebugAssets
> Task :expo-screen-capture:generateDebugAssets UP-TO-DATE
> Task :expo-screen-capture:mergeDebugAssets
> Task :expo-secure-store:generateDebugAssets UP-TO-DATE
> Task :expo-secure-store:mergeDebugAssets
> Task :expo-splash-screen:generateDebugAssets UP-TO-DATE
> Task :expo-splash-screen:mergeDebugAssets
> Task :expo-status-bar:generateDebugAssets UP-TO-DATE
> Task :expo-status-bar:mergeDebugAssets
> Task :expo-structured-headers:generateDebugAssets UP-TO-DATE
> Task :expo-structured-headers:mergeDebugAssets
> Task :expo-system-ui:generateDebugAssets UP-TO-DATE
> Task :expo-system-ui:mergeDebugAssets
> Task :expo-task-manager:generateDebugAssets UP-TO-DATE
> Task :expo-task-manager:mergeDebugAssets
> Task :expo-ui:generateDebugAssets UP-TO-DATE
> Task :expo-ui:mergeDebugAssets
> Task :expo-updates:generateDebugAssets UP-TO-DATE
> Task :expo-updates:mergeDebugAssets
> Task :expo-updates-interface:generateDebugAssets UP-TO-DATE
> Task :expo-updates-interface:mergeDebugAssets
> Task :nandorojo-galeria:generateDebugAssets UP-TO-DATE
> Task :nandorojo-galeria:mergeDebugAssets
> Task :nitro-canvas-in-Vision:generateDebugAssets UP-TO-DATE
> Task :nitro-canvas-in-Vision:mergeDebugAssets
> Task :react-native-audio-api:generateDebugAssets UP-TO-DATE
> Task :react-native-audio-api:mergeDebugAssets
> Task :react-native-enriched-html:generateDebugAssets UP-TO-DATE
> Task :react-native-enriched-html:mergeDebugAssets
> Task :react-native-executorch:generateDebugAssets UP-TO-DATE
> Task :react-native-executorch:mergeDebugAssets
> Task :react-native-gesture-handler:generateDebugAssets UP-TO-DATE
> Task :react-native-gesture-handler:mergeDebugAssets
> Task :react-native-keyboard-controller:generateDebugAssets UP-TO-DATE
> Task :react-native-keyboard-controller:mergeDebugAssets
> Task :react-native-masked-view_masked-view:generateDebugAssets UP-TO-DATE
> Task :react-native-masked-view_masked-view:mergeDebugAssets
> Task :react-native-mmkv:generateDebugAssets UP-TO-DATE
> Task :react-native-mmkv:mergeDebugAssets
> Task :react-native-nitro-fetch:generateDebugAssets UP-TO-DATE
> Task :react-native-nitro-fetch:mergeDebugAssets
> Task :react-native-nitro-image:generateDebugAssets UP-TO-DATE
> Task :react-native-nitro-image:mergeDebugAssets
> Task :react-native-nitro-modules:generateDebugAssets UP-TO-DATE
> Task :react-native-nitro-modules:mergeDebugAssets
> Task :react-native-pulsar:generateDebugAssets UP-TO-DATE
> Task :react-native-pulsar:mergeDebugAssets
> Task :react-native-reanimated:generateDebugAssets UP-TO-DATE
> Task :react-native-reanimated:mergeDebugAssets
> Task :react-native-safe-area-context:generateDebugAssets UP-TO-DATE
> Task :react-native-safe-area-context:mergeDebugAssets
> Task :react-native-screens:generateDebugAssets UP-TO-DATE
> Task :react-native-screens:mergeDebugAssets
> Task :react-native-svg:generateDebugAssets UP-TO-DATE
> Task :react-native-svg:mergeDebugAssets
> Task :react-native-vision-camera:generateDebugAssets UP-TO-DATE
> Task :react-native-vision-camera:mergeDebugAssets
> Task :react-native-webgpu:generateDebugAssets UP-TO-DATE
> Task :react-native-webgpu:mergeDebugAssets
> Task :react-native-webview:generateDebugAssets UP-TO-DATE
> Task :react-native-webview:mergeDebugAssets
> Task :react-native-worklets:generateDebugAssets UP-TO-DATE
> Task :react-native-worklets:mergeDebugAssets
> Task :react_viro:generateQuestDebugAssets UP-TO-DATE
> Task :react_viro:mergeQuestDebugAssets
> Task :sentry-react-native-expo:generateDebugAssets UP-TO-DATE
> Task :sentry-react-native-expo:mergeDebugAssets
> Task :sentry_react-native:generateDebugAssets UP-TO-DATE
> Task :sentry_react-native:mergeDebugAssets
> Task :shopify_react-native-skia:generateDebugAssets UP-TO-DATE
> Task :shopify_react-native-skia:mergeDebugAssets
> Task :unimodules-app-loader:generateDebugAssets UP-TO-DATE
> Task :unimodules-app-loader:mergeDebugAssets
> Task :viro_renderer:generateQuestDebugAssets UP-TO-DATE
> Task :viro_renderer:mergeQuestDebugAssets
> Task :app:mergeQuestDebugAssets
> Task :app:compressQuestDebugAssets

> Task :app:compileQuestDebugKotlin
w: file:///Users/mikevocalz/moyo-rive-panel/apps/mobile/android/app/src/main/java/com/moyolearn/app/MainActivity.kt:40:20 'constructor(activity: ReactActivity, mainComponentName: String, fabricEnabled: Boolean): DefaultReactActivityDelegate' is deprecated. Creating DefaultReactActivityDelegate with flags is deprecated.
w: file:///Users/mikevocalz/moyo-rive-panel/apps/mobile/android/app/src/main/java/com/moyolearn/app/VRActivity.kt:83:18 'constructor(activity: ReactActivity, mainComponentName: String, fabricEnabled: Boolean): DefaultReactActivityDelegate' is deprecated. Creating DefaultReactActivityDelegate with flags is deprecated.

> Task :app:generateQuestDebugGlobalSynthetics
> Task :app:compileQuestDebugJavaWithJavac
> Task :app:checkQuestDebugDuplicateClasses
> Task :app:desugarQuestDebugFileDependencies
> Task :nitro-canvas-in-Vision:bundleLibRuntimeToDirDebug
> Task :react-native-audio-api:bundleLibRuntimeToDirDebug
> Task :app:mergeExtDexQuestDebug
> Task :react-native-executorch:bundleLibRuntimeToDirDebug
> Task :react-native-enriched-html:bundleLibRuntimeToDirDebug
> Task :react-native-gesture-handler:bundleLibRuntimeToDirDebug
> Task :react-native-keyboard-controller:bundleLibRuntimeToDirDebug
> Task :react-native-mmkv:bundleLibRuntimeToDirDebug
> Task :react-native-nitro-fetch:bundleLibRuntimeToDirDebug
> Task :react-native-nitro-image:bundleLibRuntimeToDirDebug
> Task :react-native-vision-camera:bundleLibRuntimeToDirDebug
> Task :expo-pico-core:bundleLibRuntimeToDirMobileDebug
> Task :react-native-nitro-modules:bundleLibRuntimeToDirDebug
> Task :react-native-pulsar:bundleLibRuntimeToDirDebug
> Task :react-native-reanimated:bundleLibRuntimeToDirDebug
> Task :react-native-safe-area-context:bundleLibRuntimeToDirDebug
> Task :react-native-webview:bundleLibRuntimeToDirDebug
> Task :react-native-screens:bundleLibRuntimeToDirDebug
> Task :expo:bundleLibRuntimeToDirQuestDebug
> Task :nandorojo-galeria:bundleLibRuntimeToDirDebug
> Task :expo-drag-drop-content-view:bundleLibRuntimeToDirDebug
> Task :expo-paste-input:bundleLibRuntimeToDirDebug
> Task :react-native-worklets:bundleLibRuntimeToDirDebug
> Task :react-native-masked-view_masked-view:bundleLibRuntimeToDirDebug
> Task :sentry_react-native:bundleLibRuntimeToDirDebug
> Task :shopify_react-native-skia:bundleLibRuntimeToDirDebug
> Task :expo-modules-core:bundleLibRuntimeToDirDebug
> Task :react-native-svg:bundleLibRuntimeToDirDebug
> Task :react-native-webgpu:bundleLibRuntimeToDirDebug
> Task :expo-log-box:bundleLibRuntimeToDirDebug
> Task :expo-ui:bundleLibRuntimeToDirDebug
> Task :board-texture:bundleLibRuntimeToDirDebug
> Task :expo-asset:bundleLibRuntimeToDirDebug
> Task :expo-background-task:bundleLibRuntimeToDirDebug
> Task :expo-file-system:bundleLibRuntimeToDirDebug
> Task :expo-font:bundleLibRuntimeToDirDebug
> Task :expo-image:bundleLibRuntimeToDirDebug
> Task :expo-splash-screen:bundleLibRuntimeToDirDebug
> Task :expo-system-ui:bundleLibRuntimeToDirDebug
> Task :expo-updates:bundleLibRuntimeToDirDebug
> Task :expo-dom-webview:bundleLibRuntimeToDirDebug
> Task :expo-constants:bundleLibRuntimeToDirDebug
> Task :expo-document-picker:bundleLibRuntimeToDirDebug
> Task :expo-eas-client:bundleLibRuntimeToDirDebug
> Task :expo-horizon-core:bundleLibRuntimeToDirQuestDebug
> Task :expo-image-loader:bundleLibRuntimeToDirDebug
> Task :expo-image-manipulator:bundleLibRuntimeToDirDebug
> Task :expo-manifests:bundleLibRuntimeToDirDebug
> Task :expo-image-picker:bundleLibRuntimeToDirDebug
> Task :expo-json-utils:bundleLibRuntimeToDirDebug
> Task :expo-keep-awake:bundleLibRuntimeToDirDebug
> Task :expo-linking:bundleLibRuntimeToDirDebug
> Task :expo-router:bundleLibRuntimeToDirDebug
> Task :expo-screen-capture:bundleLibRuntimeToDirDebug
> Task :expo-secure-store:bundleLibRuntimeToDirDebug
> Task :expo-status-bar:bundleLibRuntimeToDirDebug
> Task :expo-structured-headers:bundleLibRuntimeToDirDebug
> Task :expo-task-manager:bundleLibRuntimeToDirDebug
> Task :expo-updates-interface:bundleLibRuntimeToDirDebug
> Task :unimodules-app-loader:bundleLibRuntimeToDirDebug
> Task :react_viro:bundleLibRuntimeToDirQuestDebug
> Task :viro_renderer:bundleLibRuntimeToDirQuestDebug
> Task :sentry-react-native-expo:bundleLibRuntimeToDirDebug
> Task :board-texture:writeDebugAarMetadata
> Task :expo:writeQuestDebugAarMetadata
> Task :expo-asset:writeDebugAarMetadata
> Task :expo-background-task:writeDebugAarMetadata
> Task :expo-constants:writeDebugAarMetadata
> Task :expo-document-picker:writeDebugAarMetadata
> Task :expo-dom-webview:writeDebugAarMetadata
> Task :expo-drag-drop-content-view:writeDebugAarMetadata
> Task :expo-eas-client:writeDebugAarMetadata
> Task :expo-file-system:writeDebugAarMetadata
> Task :expo-font:writeDebugAarMetadata
> Task :expo-horizon-core:writeQuestDebugAarMetadata
> Task :expo-image:writeDebugAarMetadata
> Task :expo-image-loader:writeDebugAarMetadata
> Task :expo-image-manipulator:writeDebugAarMetadata
> Task :expo-image-picker:writeDebugAarMetadata
> Task :expo-json-utils:writeDebugAarMetadata
> Task :expo-keep-awake:writeDebugAarMetadata
> Task :expo-linking:writeDebugAarMetadata
> Task :expo-log-box:writeDebugAarMetadata
> Task :expo-manifests:writeDebugAarMetadata
> Task :expo-modules-core:writeDebugAarMetadata
> Task :expo-paste-input:writeDebugAarMetadata
> Task :expo-pico-core:writeMobileDebugAarMetadata
> Task :expo-router:writeDebugAarMetadata
> Task :expo-screen-capture:writeDebugAarMetadata
> Task :expo-secure-store:writeDebugAarMetadata
> Task :expo-splash-screen:writeDebugAarMetadata
> Task :expo-status-bar:writeDebugAarMetadata
> Task :expo-structured-headers:writeDebugAarMetadata
> Task :expo-system-ui:writeDebugAarMetadata
> Task :expo-task-manager:writeDebugAarMetadata
> Task :expo-ui:writeDebugAarMetadata
> Task :expo-updates:writeDebugAarMetadata
> Task :expo-updates-interface:writeDebugAarMetadata
> Task :nandorojo-galeria:writeDebugAarMetadata
> Task :nitro-canvas-in-Vision:writeDebugAarMetadata
> Task :react-native-audio-api:writeDebugAarMetadata
> Task :react-native-enriched-html:writeDebugAarMetadata
> Task :react-native-executorch:writeDebugAarMetadata
> Task :react-native-gesture-handler:writeDebugAarMetadata
> Task :react-native-keyboard-controller:writeDebugAarMetadata
> Task :react-native-masked-view_masked-view:writeDebugAarMetadata
> Task :react-native-mmkv:writeDebugAarMetadata
> Task :react-native-nitro-fetch:writeDebugAarMetadata
> Task :react-native-nitro-image:writeDebugAarMetadata
> Task :react-native-nitro-modules:writeDebugAarMetadata
> Task :react-native-pulsar:writeDebugAarMetadata
> Task :react-native-reanimated:writeDebugAarMetadata
> Task :react-native-safe-area-context:writeDebugAarMetadata
> Task :react-native-screens:writeDebugAarMetadata
> Task :react-native-svg:writeDebugAarMetadata
> Task :react-native-vision-camera:writeDebugAarMetadata
> Task :react-native-webgpu:writeDebugAarMetadata
> Task :react-native-webview:writeDebugAarMetadata
> Task :react-native-worklets:writeDebugAarMetadata
> Task :react_viro:writeQuestDebugAarMetadata
> Task :sentry-react-native-expo:writeDebugAarMetadata
> Task :sentry_react-native:writeDebugAarMetadata
> Task :shopify_react-native-skia:writeDebugAarMetadata
> Task :unimodules-app-loader:writeDebugAarMetadata
> Task :viro_renderer:writeQuestDebugAarMetadata
> Task :app:mergeLibDexQuestDebug
> Task :app:mapQuestDebugSourceSetPaths
> Task :app:compileQuestDebugNavigationResources
> Task :app:checkQuestDebugAarMetadata
> Task :app:createQuestDebugCompatibleScreenManifests
> Task :app:extractDeepLinksQuestDebug
> Task :board-texture:extractDeepLinksDebug
> Task :board-texture:processDebugManifest
> Task :expo:extractDeepLinksQuestDebug
> Task :expo:processQuestDebugManifest
> Task :expo-asset:extractDeepLinksDebug
> Task :expo-asset:processDebugManifest
> Task :expo-background-task:extractDeepLinksDebug
> Task :expo-background-task:processDebugManifest
> Task :expo-constants:extractDeepLinksDebug
> Task :expo-constants:processDebugManifest
> Task :expo-document-picker:extractDeepLinksDebug
> Task :expo-document-picker:processDebugManifest
> Task :expo-dom-webview:extractDeepLinksDebug
> Task :expo-dom-webview:processDebugManifest
> Task :expo-drag-drop-content-view:extractDeepLinksDebug
> Task :expo-drag-drop-content-view:processDebugManifest
> Task :expo-eas-client:extractDeepLinksDebug
> Task :expo-eas-client:processDebugManifest
> Task :expo-file-system:extractDeepLinksDebug

> Task :expo-file-system:processDebugManifest
/Users/mikevocalz/moyo-rive-panel/node_modules/expo-file-system/android/src/main/AndroidManifest.xml:6:9-8:20 Warning:
	provider#expo.modules.filesystem.FileSystemFileProvider@android:authorities was tagged at AndroidManifest.xml:6 to replace other declarations but no other declaration present

> Task :expo-font:extractDeepLinksDebug
> Task :expo-font:processDebugManifest
> Task :expo-horizon-core:extractDeepLinksQuestDebug
> Task :expo-horizon-core:processQuestDebugManifest
> Task :expo-image:extractDeepLinksDebug
> Task :expo-image:processDebugManifest
> Task :expo-image-loader:extractDeepLinksDebug
> Task :expo-image-loader:processDebugManifest
> Task :expo-image-manipulator:extractDeepLinksDebug
> Task :expo-image-manipulator:processDebugManifest
> Task :expo-image-picker:extractDeepLinksDebug

> Task :expo-image-picker:processDebugManifest
/Users/mikevocalz/moyo-rive-panel/node_modules/expo-image-picker/android/src/main/AndroidManifest.xml:26:5-29:42 Warning:
	activity#com.canhub.cropper.CropImageActivity@android:exported was tagged at AndroidManifest.xml:26 to replace other declarations but no other declaration present
/Users/mikevocalz/moyo-rive-panel/node_modules/expo-image-picker/android/src/main/AndroidManifest.xml:30:5-34:42 Warning:
	activity#expo.modules.imagepicker.ExpoCropImageActivity@android:exported was tagged at AndroidManifest.xml:30 to replace other declarations but no other declaration present

> Task :expo-json-utils:extractDeepLinksDebug
> Task :expo-json-utils:processDebugManifest
> Task :expo-keep-awake:extractDeepLinksDebug
> Task :expo-keep-awake:processDebugManifest
> Task :expo-linking:extractDeepLinksDebug
> Task :expo-linking:processDebugManifest
> Task :expo-log-box:extractDeepLinksDebug
> Task :app:mergeQuestDebugResources
> Task :expo-manifests:extractDeepLinksDebug
> Task :expo-log-box:processDebugManifest
> Task :expo-modules-core:extractDeepLinksDebug
> Task :expo-manifests:processDebugManifest
> Task :expo-paste-input:extractDeepLinksDebug

> Task :expo-modules-core:processDebugManifest
/Users/mikevocalz/moyo-rive-panel/node_modules/expo-modules-core/android/src/main/AndroidManifest.xml:8:9-11:45 Warning:
	meta-data#com.facebook.soloader.enabled@android:value was tagged at AndroidManifest.xml:8 to replace other declarations but no other declaration present

> Task :expo-pico-core:extractDeepLinksMobileDebug
> Task :expo-paste-input:processDebugManifest
> Task :expo-router:extractDeepLinksDebug
> Task :expo-pico-core:processMobileDebugManifest
> Task :expo-screen-capture:extractDeepLinksDebug
> Task :expo-router:processDebugManifest
> Task :expo-secure-store:extractDeepLinksDebug
> Task :expo-screen-capture:processDebugManifest
> Task :expo-splash-screen:extractDeepLinksDebug
> Task :expo-secure-store:processDebugManifest
> Task :expo-status-bar:extractDeepLinksDebug
> Task :expo-splash-screen:processDebugManifest
> Task :expo-structured-headers:extractDeepLinksDebug
> Task :expo-status-bar:processDebugManifest
> Task :expo-system-ui:extractDeepLinksDebug
> Task :expo-structured-headers:processDebugManifest
> Task :expo-task-manager:extractDeepLinksDebug
> Task :expo-system-ui:processDebugManifest
> Task :expo-ui:extractDeepLinksDebug
> Task :expo-task-manager:processDebugManifest
> Task :expo-updates:extractDeepLinksDebug
> Task :expo-ui:processDebugManifest
> Task :expo-updates-interface:extractDeepLinksDebug
> Task :expo-updates:processDebugManifest
> Task :nandorojo-galeria:extractDeepLinksDebug
> Task :expo-updates-interface:processDebugManifest
> Task :nitro-canvas-in-Vision:extractDeepLinksDebug
> Task :nandorojo-galeria:processDebugManifest
> Task :react-native-audio-api:extractDeepLinksDebug
> Task :nitro-canvas-in-Vision:processDebugManifest
> Task :react-native-enriched-html:extractDeepLinksDebug
> Task :react-native-audio-api:processDebugManifest
> Task :react-native-executorch:extractDeepLinksDebug
> Task :react-native-enriched-html:processDebugManifest
> Task :react-native-gesture-handler:extractDeepLinksDebug
> Task :react-native-executorch:processDebugManifest
> Task :react-native-keyboard-controller:extractDeepLinksDebug
> Task :react-native-gesture-handler:processDebugManifest
> Task :react-native-masked-view_masked-view:extractDeepLinksDebug

> Task :react-native-keyboard-controller:processDebugManifest
package="com.reactnativekeyboardcontroller" found in source AndroidManifest.xml: /Users/mikevocalz/moyo-rive-panel/node_modules/react-native-keyboard-controller/android/src/main/AndroidManifest.xml.
Setting the namespace via the package attribute in the source AndroidManifest.xml is no longer supported, and the value is ignored.
Recommendation: remove package="com.reactnativekeyboardcontroller" from the source AndroidManifest.xml: /Users/mikevocalz/moyo-rive-panel/node_modules/react-native-keyboard-controller/android/src/main/AndroidManifest.xml.

> Task :react-native-mmkv:extractDeepLinksDebug
> Task :react-native-masked-view_masked-view:processDebugManifest
> Task :react-native-nitro-fetch:extractDeepLinksDebug
> Task :react-native-mmkv:processDebugManifest
> Task :react-native-nitro-image:extractDeepLinksDebug
> Task :react-native-nitro-fetch:processDebugManifest
> Task :react-native-nitro-modules:extractDeepLinksDebug
> Task :react-native-nitro-image:processDebugManifest
> Task :react-native-pulsar:extractDeepLinksDebug
> Task :react-native-nitro-modules:processDebugManifest
> Task :react-native-reanimated:extractDeepLinksDebug
> Task :react-native-pulsar:processDebugManifest
> Task :react-native-safe-area-context:extractDeepLinksDebug
> Task :react-native-reanimated:processDebugManifest
> Task :react-native-screens:extractDeepLinksDebug

> Task :react-native-safe-area-context:processDebugManifest
package="com.th3rdwave.safeareacontext" found in source AndroidManifest.xml: /Users/mikevocalz/moyo-rive-panel/node_modules/react-native-safe-area-context/android/src/main/AndroidManifest.xml.
Setting the namespace via the package attribute in the source AndroidManifest.xml is no longer supported, and the value is ignored.
Recommendation: remove package="com.th3rdwave.safeareacontext" from the source AndroidManifest.xml: /Users/mikevocalz/moyo-rive-panel/node_modules/react-native-safe-area-context/android/src/main/AndroidManifest.xml.

> Task :react-native-svg:extractDeepLinksDebug
> Task :react-native-screens:processDebugManifest
> Task :react-native-vision-camera:extractDeepLinksDebug
> Task :react-native-svg:processDebugManifest
> Task :react-native-webgpu:extractDeepLinksDebug
> Task :react-native-vision-camera:processDebugManifest
> Task :react-native-webview:extractDeepLinksDebug

> Task :react-native-webgpu:processDebugManifest
package="com.webgpu" found in source AndroidManifest.xml: /Users/mikevocalz/moyo-rive-panel/node_modules/react-native-webgpu/android/src/main/AndroidManifest.xml.
Setting the namespace via the package attribute in the source AndroidManifest.xml is no longer supported, and the value is ignored.
Recommendation: remove package="com.webgpu" from the source AndroidManifest.xml: /Users/mikevocalz/moyo-rive-panel/node_modules/react-native-webgpu/android/src/main/AndroidManifest.xml.

> Task :react-native-worklets:extractDeepLinksDebug
> Task :react-native-webview:processDebugManifest
> Task :react_viro:extractDeepLinksQuestDebug
> Task :react-native-worklets:processDebugManifest
> Task :sentry-react-native-expo:extractDeepLinksDebug
> Task :react_viro:processQuestDebugManifest
> Task :sentry_react-native:extractDeepLinksDebug
> Task :sentry-react-native-expo:processDebugManifest
> Task :shopify_react-native-skia:extractDeepLinksDebug

> Task :sentry_react-native:processDebugManifest
package="io.sentry.react" found in source AndroidManifest.xml: /Users/mikevocalz/moyo-rive-panel/node_modules/@sentry/react-native/android/src/main/AndroidManifest.xml.
Setting the namespace via the package attribute in the source AndroidManifest.xml is no longer supported, and the value is ignored.
Recommendation: remove package="io.sentry.react" from the source AndroidManifest.xml: /Users/mikevocalz/moyo-rive-panel/node_modules/@sentry/react-native/android/src/main/AndroidManifest.xml.

> Task :unimodules-app-loader:extractDeepLinksDebug

> Task :shopify_react-native-skia:processDebugManifest
package="com.shopify.reactnative.skia" found in source AndroidManifest.xml: /Users/mikevocalz/moyo-rive-panel/node_modules/@shopify/react-native-skia/android/src/main/AndroidManifest.xml.
Setting the namespace via the package attribute in the source AndroidManifest.xml is no longer supported, and the value is ignored.
Recommendation: remove package="com.shopify.reactnative.skia" from the source AndroidManifest.xml: /Users/mikevocalz/moyo-rive-panel/node_modules/@shopify/react-native-skia/android/src/main/AndroidManifest.xml.

> Task :viro_renderer:extractDeepLinksQuestDebug
> Task :unimodules-app-loader:processDebugManifest
> Task :viro_renderer:processQuestDebugManifest
> Task :board-texture:mapDebugSourceSetPaths

> Task :app:processQuestDebugMainManifest
/Users/mikevocalz/moyo-rive-panel/apps/mobile/android/app/src/debug/AndroidManifest.xml Warning:
	uses-permission#android.permission.ACCEPT_HANDOVER was tagged at AndroidManifest.xml:0 to remove other declarations but no other declaration present
/Users/mikevocalz/moyo-rive-panel/apps/mobile/android/app/src/debug/AndroidManifest.xml Warning:
	uses-permission#android.permission.ACCESS_BACKGROUND_LOCATION was tagged at AndroidManifest.xml:0 to remove other declarations but no other declaration present
/Users/mikevocalz/moyo-rive-panel/apps/mobile/android/app/src/debug/AndroidManifest.xml Warning:
	uses-permission#android.permission.ACCESS_CHECKIN_PROPERTIES was tagged at AndroidManifest.xml:0 to remove other declarations but no other declaration present
/Users/mikevocalz/moyo-rive-panel/apps/mobile/android/app/src/debug/AndroidManifest.xml Warning:
	uses-permission#android.permission.ACCESS_LOCATION_EXTRA_COMMANDS was tagged at AndroidManifest.xml:0 to remove other declarations but no other declaration present
/Users/mikevocalz/moyo-rive-panel/apps/mobile/android/app/src/debug/AndroidManifest.xml Warning:
	uses-permission#android.permission.ACCESS_NOTIFICATION_POLICY was tagged at AndroidManifest.xml:0 to remove other declarations but no other declaration present
/Users/mikevocalz/moyo-rive-panel/apps/mobile/android/app/src/debug/AndroidManifest.xml Warning:
	uses-permission#android.permission.ACCOUNT_MANAGER was tagged at AndroidManifest.xml:0 to remove other declarations but no other declaration present
/Users/mikevocalz/moyo-rive-panel/apps/mobile/android/app/src/debug/AndroidManifest.xml Warning:
	uses-permission#android.permission.ACTIVITY_RECOGNITION was tagged at AndroidManifest.xml:0 to remove other declarations but no other declaration present
/Users/mikevocalz/moyo-rive-panel/apps/mobile/android/app/src/debug/AndroidManifest.xml Warning:
	uses-permission#android.permission.ADD_VOICEMAIL was tagged at AndroidManifest.xml:0 to remove other declarations but no other declaration present
/Users/mikevocalz/moyo-rive-panel/apps/mobile/android/app/src/debug/AndroidManifest.xml Warning:
	uses-permission#android.permission.ANSWER_PHONE_CALLS was tagged at AndroidManifest.xml:0 to remove other declarations but no other declaration present
/Users/mikevocalz/moyo-rive-panel/apps/mobile/android/app/src/debug/AndroidManifest.xml Warning:
	uses-permission#android.permission.BIND_ACCESSIBILITY_SERVICE was tagged at AndroidManifest.xml:0 to remove other declarations but no other declaration present
/Users/mikevocalz/moyo-rive-panel/apps/mobile/android/app/src/debug/AndroidManifest.xml Warning:
	uses-permission#android.permission.BIND_APPWIDGET was tagged at AndroidManifest.xml:0 to remove other declarations but no other declaration present
/Users/mikevocalz/moyo-rive-panel/apps/mobile/android/app/src/debug/AndroidManifest.xml Warning:
	uses-permission#android.permission.BIND_AUTOFILL_SERVICE was tagged at AndroidManifest.xml:0 to remove other declarations but no other declaration present
/Users/mikevocalz/moyo-rive-panel/apps/mobile/android/app/src/debug/AndroidManifest.xml Warning:
	uses-permission#android.permission.BIND_CALL_REDIRECTION_SERVICE was tagged at AndroidManifest.xml:0 to remove other declarations but no other declaration present
/Users/mikevocalz/moyo-rive-panel/apps/mobile/android/app/src/debug/AndroidManifest.xml Warning:
	uses-permission#android.permission.BIND_CARRIER_MESSAGING_CLIENT_SERVICE was tagged at AndroidManifest.xml:0 to remove other declarations but no other declaration present
/Users/mikevocalz/moyo-rive-panel/apps/mobile/android/app/src/debug/AndroidManifest.xml Warning:
	uses-permission#android.permission.BIND_CARRIER_MESSAGING_SERVICE was tagged at AndroidManifest.xml:0 to remove other declarations but no other declaration present
/Users/mikevocalz/moyo-rive-panel/apps/mobile/android/app/src/debug/AndroidManifest.xml Warning:
	uses-permission#android.permission.BIND_CARRIER_SERVICES was tagged at AndroidManifest.xml:0 to remove other declarations but no other declaration present
/Users/mikevocalz/moyo-rive-panel/apps/mobile/android/app/src/debug/AndroidManifest.xml Warning:
	uses-permission#android.permission.BIND_CHOOSER_TARGET_SERVICE was tagged at AndroidManifest.xml:0 to remove other declarations but no other declaration present
/Users/mikevocalz/moyo-rive-panel/apps/mobile/android/app/src/debug/AndroidManifest.xml Warning:
	uses-permission#android.permission.BIND_CONDITION_PROVIDER_SERVICE was tagged at AndroidManifest.xml:0 to remove other declarations but no other declaration present
/Users/mikevocalz/moyo-rive-panel/apps/mobile/android/app/src/debug/AndroidManifest.xml Warning:
	uses-permission#android.permission.BIND_CONTROLS was tagged at AndroidManifest.xml:0 to remove other declarations but no other declaration present
/Users/mikevocalz/moyo-rive-panel/apps/mobile/android/app/src/debug/AndroidManifest.xml Warning:
	uses-permission#android.permission.BIND_DEVICE_ADMIN was tagged at AndroidManifest.xml:0 to remove other declarations but no other declaration present
/Users/mikevocalz/moyo-rive-panel/apps/mobile/android/app/src/debug/AndroidManifest.xml Warning:
	uses-permission#android.permission.BIND_DREAM_SERVICE was tagged at AndroidManifest.xml:0 to remove other declarations but no other declaration present
/Users/mikevocalz/moyo-rive-panel/apps/mobile/android/app/src/debug/AndroidManifest.xml Warning:
	uses-permission#android.permission.BIND_INCALL_SERVICE was tagged at AndroidManifest.xml:0 to remove other declarations but no other declaration present
/Users/mikevocalz/moyo-rive-panel/apps/mobile/android/app/src/debug/AndroidManifest.xml Warning:
	uses-permission#android.permission.BIND_INPUT_METHOD was tagged at AndroidManifest.xml:0 to remove other declarations but no other declaration present
/Users/mikevocalz/moyo-rive-panel/apps/mobile/android/app/src/debug/AndroidManifest.xml Warning:
	uses-permission#android.permission.BIND_MIDI_DEVICE_SERVICE was tagged at AndroidManifest.xml:0 to remove other declarations but no other declaration present
/Users/mikevocalz/moyo-rive-panel/apps/mobile/android/app/src/debug/AndroidManifest.xml Warning:
	uses-permission#android.permission.BIND_NFC_SERVICE was tagged at AndroidManifest.xml:0 to remove other declarations but no other declaration present
/Users/mikevocalz/moyo-rive-panel/apps/mobile/android/app/src/debug/AndroidManifest.xml Warning:
	uses-permission#android.permission.BIND_NOTIFICATION_LISTENER_SERVICE was tagged at AndroidManifest.xml:0 to remove other declarations but no other declaration present
/Users/mikevocalz/moyo-rive-panel/apps/mobile/android/app/src/debug/AndroidManifest.xml Warning:
	uses-permission#android.permission.BIND_PRINT_SERVICE was tagged at AndroidManifest.xml:0 to remove other declarations but no other declaration present
/Users/mikevocalz/moyo-rive-panel/apps/mobile/android/app/src/debug/AndroidManifest.xml Warning:
	uses-permission#android.permission.BIND_QUICK_ACCESS_WALLET_SERVICE was tagged at AndroidManifest.xml:0 to remove other declarations but no other declaration present
/Users/mikevocalz/moyo-rive-panel/apps/mobile/android/app/src/debug/AndroidManifest.xml Warning:
	uses-permission#android.permission.BIND_QUICK_SETTINGS_TILE was tagged at AndroidManifest.xml:0 to remove other declarations but no other declaration present
/Users/mikevocalz/moyo-rive-panel/apps/mobile/android/app/src/debug/AndroidManifest.xml Warning:
	uses-permission#android.permission.BIND_REMOTEVIEWS was tagged at AndroidManifest.xml:0 to remove other declarations but no other declaration present
/Users/mikevocalz/moyo-rive-panel/apps/mobile/android/app/src/debug/AndroidManifest.xml Warning:
	uses-permission#android.permission.BIND_SCREENING_SERVICE was tagged at AndroidManifest.xml:0 to remove other declarations but no other declaration present
/Users/mikevocalz/moyo-rive-panel/apps/mobile/android/app/src/debug/AndroidManifest.xml Warning:
	uses-permission#android.permission.BIND_TELECOM_CONNECTION_SERVICE was tagged at AndroidManifest.xml:0 to remove other declarations but no other declaration present
/Users/mikevocalz/moyo-rive-panel/apps/mobile/android/app/src/debug/AndroidManifest.xml Warning:
	uses-permission#android.permission.BIND_TEXT_SERVICE was tagged at AndroidManifest.xml:0 to remove other declarations but no other declaration present
/Users/mikevocalz/moyo-rive-panel/apps/mobile/android/app/src/debug/AndroidManifest.xml Warning:
	uses-permission#android.permission.BIND_TV_INPUT was tagged at AndroidManifest.xml:0 to remove other declarations but no other declaration present
/Users/mikevocalz/moyo-rive-panel/apps/mobile/android/app/src/debug/AndroidManifest.xml Warning:
	uses-permission#android.permission.BIND_VISUAL_VOICEMAIL_SERVICE was tagged at AndroidManifest.xml:0 to remove other declarations but no other declaration present
/Users/mikevocalz/moyo-rive-panel/apps/mobile/android/app/src/debug/AndroidManifest.xml Warning:
	uses-permission#android.permission.BIND_VOICE_INTERACTION was tagged at AndroidManifest.xml:0 to remove other declarations but no other declaration present
/Users/mikevocalz/moyo-rive-panel/apps/mobile/android/app/src/debug/AndroidManifest.xml Warning:
	uses-permission#android.permission.BIND_VR_LISTENER_SERVICE was tagged at AndroidManifest.xml:0 to remove other declarations but no other declaration present
/Users/mikevocalz/moyo-rive-panel/apps/mobile/android/app/src/debug/AndroidManifest.xml Warning:
	uses-permission#android.permission.BIND_WALLPAPER was tagged at AndroidManifest.xml:0 to remove other declarations but no other declaration present
/Users/mikevocalz/moyo-rive-panel/apps/mobile/android/app/src/debug/AndroidManifest.xml Warning:
	uses-permission#android.permission.BLUETOOTH_PRIVILEGED was tagged at AndroidManifest.xml:0 to remove other declarations but no other declaration present
/Users/mikevocalz/moyo-rive-panel/apps/mobile/android/app/src/debug/AndroidManifest.xml Warning:
	uses-permission#android.permission.BODY_SENSORS was tagged at AndroidManifest.xml:0 to remove other declarations but no other declaration present
/Users/mikevocalz/moyo-rive-panel/apps/mobile/android/app/src/debug/AndroidManifest.xml Warning:
	uses-permission#android.permission.BROADCAST_PACKAGE_REMOVED was tagged at AndroidManifest.xml:0 to remove other declarations but no other declaration present
/Users/mikevocalz/moyo-rive-panel/apps/mobile/android/app/src/debug/AndroidManifest.xml Warning:
	uses-permission#android.permission.BROADCAST_SMS was tagged at AndroidManifest.xml:0 to remove other declarations but no other declaration present
/Users/mikevocalz/moyo-rive-panel/apps/mobile/android/app/src/debug/AndroidManifest.xml Warning:
	uses-permission#android.permission.BROADCAST_WAP_PUSH was tagged at AndroidManifest.xml:0 to remove other declarations but no other declaration present
/Users/mikevocalz/moyo-rive-panel/apps/mobile/android/app/src/debug/AndroidManifest.xml Warning:
	uses-permission#android.permission.CALL_PHONE was tagged at AndroidManifest.xml:0 to remove other declarations but no other declaration present
/Users/mikevocalz/moyo-rive-panel/apps/mobile/android/app/src/debug/AndroidManifest.xml Warning:
	uses-permission#android.permission.CALL_PRIVILEGED was tagged at AndroidManifest.xml:0 to remove other declarations but no other declaration present
/Users/mikevocalz/moyo-rive-panel/apps/mobile/android/app/src/debug/AndroidManifest.xml Warning:
	uses-permission#android.permission.CAPTURE_AUDIO_OUTPUT was tagged at AndroidManifest.xml:0 to remove other declarations but no other declaration present
/Users/mikevocalz/moyo-rive-panel/apps/mobile/android/app/src/debug/AndroidManifest.xml Warning:
	uses-permission#android.permission.CHANGE_COMPONENT_ENABLED_STATE was tagged at AndroidManifest.xml:0 to remove other declarations but no other declaration present
/Users/mikevocalz/moyo-rive-panel/apps/mobile/android/app/src/debug/AndroidManifest.xml Warning:
	uses-permission#android.permission.CHANGE_CONFIGURATION was tagged at AndroidManifest.xml:0 to remove other declarations but no other declaration present
/Users/mikevocalz/moyo-rive-panel/apps/mobile/android/app/src/debug/AndroidManifest.xml Warning:
	uses-permission#android.permission.CLEAR_APP_CACHE was tagged at AndroidManifest.xml:0 to remove other declarations but no other declaration present
/Users/mikevocalz/moyo-rive-panel/apps/mobile/android/app/src/debug/AndroidManifest.xml Warning:
	uses-permission#android.permission.CONTROL_LOCATION_UPDATES was tagged at AndroidManifest.xml:0 to remove other declarations but no other declaration present
/Users/mikevocalz/moyo-rive-panel/apps/mobile/android/app/src/debug/AndroidManifest.xml Warning:
	uses-permission#android.permission.DELETE_CACHE_FILES was tagged at AndroidManifest.xml:0 to remove other declarations but no other declaration present
/Users/mikevocalz/moyo-rive-panel/apps/mobile/android/app/src/debug/AndroidManifest.xml Warning:
	uses-permission#android.permission.DELETE_PACKAGES was tagged at AndroidManifest.xml:0 to remove other declarations but no other declaration present
/Users/mikevocalz/moyo-rive-panel/apps/mobile/android/app/src/debug/AndroidManifest.xml Warning:
	uses-permission#android.permission.DIAGNOSTIC was tagged at AndroidManifest.xml:0 to remove other declarations but no other declaration present
/Users/mikevocalz/moyo-rive-panel/apps/mobile/android/app/src/debug/AndroidManifest.xml Warning:
	uses-permission#android.permission.DUMP was tagged at AndroidManifest.xml:0 to remove other declarations but no other declaration present
/Users/mikevocalz/moyo-rive-panel/apps/mobile/android/app/src/debug/AndroidManifest.xml Warning:
	uses-permission#android.permission.FACTORY_TEST was tagged at AndroidManifest.xml:0 to remove other declarations but no other declaration present
/Users/mikevocalz/moyo-rive-panel/apps/mobile/android/app/src/debug/AndroidManifest.xml Warning:
	uses-permission#android.permission.GET_ACCOUNTS was tagged at AndroidManifest.xml:0 to remove other declarations but no other declaration present
/Users/mikevocalz/moyo-rive-panel/apps/mobile/android/app/src/debug/AndroidManifest.xml Warning:
	uses-permission#android.permission.GET_ACCOUNTS_PRIVILEGED was tagged at AndroidManifest.xml:0 to remove other declarations but no other declaration present
/Users/mikevocalz/moyo-rive-panel/apps/mobile/android/app/src/debug/AndroidManifest.xml Warning:
	uses-permission#android.permission.INSTALL_LOCATION_PROVIDER was tagged at AndroidManifest.xml:0 to remove other declarations but no other declaration present
/Users/mikevocalz/moyo-rive-panel/apps/mobile/android/app/src/debug/AndroidManifest.xml Warning:
	uses-permission#android.permission.INSTALL_PACKAGES was tagged at AndroidManifest.xml:0 to remove other declarations but no other declaration present
/Users/mikevocalz/moyo-rive-panel/apps/mobile/android/app/src/debug/AndroidManifest.xml Warning:
	uses-permission#android.permission.INSTANT_APP_FOREGROUND_SERVICE was tagged at AndroidManifest.xml:0 to remove other declarations but no other declaration present
/Users/mikevocalz/moyo-rive-panel/apps/mobile/android/app/src/debug/AndroidManifest.xml Warning:
	uses-permission#android.permission.LOADER_USAGE_STATS was tagged at AndroidManifest.xml:0 to remove other declarations but no other declaration present
/Users/mikevocalz/moyo-rive-panel/apps/mobile/android/app/src/debug/AndroidManifest.xml Warning:
	uses-permission#android.permission.LOCATION_HARDWARE was tagged at AndroidManifest.xml:0 to remove other declarations but no other declaration present
/Users/mikevocalz/moyo-rive-panel/apps/mobile/android/app/src/debug/AndroidManifest.xml Warning:
	uses-permission#android.permission.MANAGE_DOCUMENTS was tagged at AndroidManifest.xml:0 to remove other declarations but no other declaration present
/Users/mikevocalz/moyo-rive-panel/apps/mobile/android/app/src/debug/AndroidManifest.xml Warning:
	uses-permission#android.permission.MANAGE_MEDIA was tagged at AndroidManifest.xml:0 to remove other declarations but no other declaration present
/Users/mikevocalz/moyo-rive-panel/apps/mobile/android/app/src/debug/AndroidManifest.xml Warning:
	uses-permission#android.permission.MANAGE_ONGOING_CALLS was tagged at AndroidManifest.xml:0 to remove other declarations but no other declaration present
/Users/mikevocalz/moyo-rive-panel/apps/mobile/android/app/src/debug/AndroidManifest.xml Warning:
	uses-permission#android.permission.MASTER_CLEAR was tagged at AndroidManifest.xml:0 to remove other declarations but no other declaration present
/Users/mikevocalz/moyo-rive-panel/apps/mobile/android/app/src/debug/AndroidManifest.xml Warning:
	uses-permission#android.permission.MEDIA_CONTENT_CONTROL was tagged at AndroidManifest.xml:0 to remove other declarations but no other declaration present
/Users/mikevocalz/moyo-rive-panel/apps/mobile/android/app/src/debug/AndroidManifest.xml Warning:
	uses-permission#android.permission.MODIFY_PHONE_STATE was tagged at AndroidManifest.xml:0 to remove other declarations but no other declaration present
/Users/mikevocalz/moyo-rive-panel/apps/mobile/android/app/src/debug/AndroidManifest.xml Warning:
	uses-permission#android.permission.MOUNT_FORMAT_FILESYSTEMS was tagged at AndroidManifest.xml:0 to remove other declarations but no other declaration present
/Users/mikevocalz/moyo-rive-panel/apps/mobile/android/app/src/debug/AndroidManifest.xml Warning:
	uses-permission#android.permission.MOUNT_UNMOUNT_FILESYSTEMS was tagged at AndroidManifest.xml:0 to remove other declarations but no other declaration present
/Users/mikevocalz/moyo-rive-panel/apps/mobile/android/app/src/debug/AndroidManifest.xml Warning:
	uses-permission#android.permission.PACKAGE_USAGE_STATS was tagged at AndroidManifest.xml:0 to remove other declarations but no other declaration present
/Users/mikevocalz/moyo-rive-panel/apps/mobile/android/app/src/debug/AndroidManifest.xml Warning:
	uses-permission#android.permission.PROCESS_OUTGOING_CALLS was tagged at AndroidManifest.xml:0 to remove other declarations but no other declaration present
/Users/mikevocalz/moyo-rive-panel/apps/mobile/android/app/src/debug/AndroidManifest.xml Warning:
	uses-permission#android.permission.QUERY_ALL_PACKAGES was tagged at AndroidManifest.xml:0 to remove other declarations but no other declaration present
/Users/mikevocalz/moyo-rive-panel/apps/mobile/android/app/src/debug/AndroidManifest.xml Warning:
	uses-permission#android.permission.READ_CALENDAR was tagged at AndroidManifest.xml:0 to remove other declarations but no other declaration present
/Users/mikevocalz/moyo-rive-panel/apps/mobile/android/app/src/debug/AndroidManifest.xml Warning:
	uses-permission#android.permission.READ_CALL_LOG was tagged at AndroidManifest.xml:0 to remove other declarations but no other declaration present
/Users/mikevocalz/moyo-rive-panel/apps/mobile/android/app/src/debug/AndroidManifest.xml Warning:
	uses-permission#android.permission.READ_CONTACTS was tagged at AndroidManifest.xml:0 to remove other declarations but no other declaration present
/Users/mikevocalz/moyo-rive-panel/apps/mobile/android/app/src/debug/AndroidManifest.xml Warning:
	uses-permission#android.permission.READ_INPUT_STATE was tagged at AndroidManifest.xml:0 to remove other declarations but no other declaration present
/Users/mikevocalz/moyo-rive-panel/apps/mobile/android/app/src/debug/AndroidManifest.xml Warning:
	uses-permission#android.permission.READ_LOGS was tagged at AndroidManifest.xml:0 to remove other declarations but no other declaration present
/Users/mikevocalz/moyo-rive-panel/apps/mobile/android/app/src/debug/AndroidManifest.xml Warning:
	uses-permission#android.permission.READ_PHONE_NUMBERS was tagged at AndroidManifest.xml:0 to remove other declarations but no other declaration present
/Users/mikevocalz/moyo-rive-panel/apps/mobile/android/app/src/debug/AndroidManifest.xml Warning:
	uses-permission#android.permission.READ_PHONE_STATE was tagged at AndroidManifest.xml:0 to remove other declarations but no other declaration present
/Users/mikevocalz/moyo-rive-panel/apps/mobile/android/app/src/debug/AndroidManifest.xml Warning:
	uses-permission#android.permission.READ_PRECISE_PHONE_STATE was tagged at AndroidManifest.xml:0 to remove other declarations but no other declaration present
/Users/mikevocalz/moyo-rive-panel/apps/mobile/android/app/src/debug/AndroidManifest.xml Warning:
	uses-permission#android.permission.READ_SMS was tagged at AndroidManifest.xml:0 to remove other declarations but no other declaration present
/Users/mikevocalz/moyo-rive-panel/apps/mobile/android/app/src/debug/AndroidManifest.xml Warning:
	uses-permission#android.permission.READ_VOICEMAIL was tagged at AndroidManifest.xml:0 to remove other declarations but no other declaration present
/Users/mikevocalz/moyo-rive-panel/apps/mobile/android/app/src/debug/AndroidManifest.xml Warning:
	uses-permission#android.permission.REBOOT was tagged at AndroidManifest.xml:0 to remove other declarations but no other declaration present
/Users/mikevocalz/moyo-rive-panel/apps/mobile/android/app/src/debug/AndroidManifest.xml Warning:
	uses-permission#android.permission.RECEIVE_MMS was tagged at AndroidManifest.xml:0 to remove other declarations but no other declaration present
/Users/mikevocalz/moyo-rive-panel/apps/mobile/android/app/src/debug/AndroidManifest.xml Warning:
	uses-permission#android.permission.RECEIVE_SMS was tagged at AndroidManifest.xml:0 to remove other declarations but no other declaration present
/Users/mikevocalz/moyo-rive-panel/apps/mobile/android/app/src/debug/AndroidManifest.xml Warning:
	uses-permission#android.permission.RECEIVE_WAP_PUSH was tagged at AndroidManifest.xml:0 to remove other declarations but no other declaration present
/Users/mikevocalz/moyo-rive-panel/apps/mobile/android/app/src/debug/AndroidManifest.xml Warning:
	uses-permission#android.permission.REQUEST_DELETE_PACKAGES was tagged at AndroidManifest.xml:0 to remove other declarations but no other declaration present
/Users/mikevocalz/moyo-rive-panel/apps/mobile/android/app/src/debug/AndroidManifest.xml Warning:
	uses-permission#android.permission.REQUEST_INSTALL_PACKAGES was tagged at AndroidManifest.xml:0 to remove other declarations but no other declaration present
/Users/mikevocalz/moyo-rive-panel/apps/mobile/android/app/src/debug/AndroidManifest.xml Warning:
	uses-permission#android.permission.SEND_RESPOND_VIA_MESSAGE was tagged at AndroidManifest.xml:0 to remove other declarations but no other declaration present
/Users/mikevocalz/moyo-rive-panel/apps/mobile/android/app/src/debug/AndroidManifest.xml Warning:
	uses-permission#android.permission.SEND_SMS was tagged at AndroidManifest.xml:0 to remove other declarations but no other declaration present
/Users/mikevocalz/moyo-rive-panel/apps/mobile/android/app/src/debug/AndroidManifest.xml Warning:
	uses-permission#android.permission.SET_ALWAYS_FINISH was tagged at AndroidManifest.xml:0 to remove other declarations but no other declaration present
/Users/mikevocalz/moyo-rive-panel/apps/mobile/android/app/src/debug/AndroidManifest.xml Warning:
	uses-permission#android.permission.SET_ANIMATION_SCALE was tagged at AndroidManifest.xml:0 to remove other declarations but no other declaration present
/Users/mikevocalz/moyo-rive-panel/apps/mobile/android/app/src/debug/AndroidManifest.xml Warning:
	uses-permission#android.permission.SET_DEBUG_APP was tagged at AndroidManifest.xml:0 to remove other declarations but no other declaration present
/Users/mikevocalz/moyo-rive-panel/apps/mobile/android/app/src/debug/AndroidManifest.xml Warning:
	uses-permission#android.permission.SET_PROCESS_LIMIT was tagged at AndroidManifest.xml:0 to remove other declarations but no other declaration present
/Users/mikevocalz/moyo-rive-panel/apps/mobile/android/app/src/debug/AndroidManifest.xml Warning:
	uses-permission#android.permission.SET_TIME was tagged at AndroidManifest.xml:0 to remove other declarations but no other declaration present
/Users/mikevocalz/moyo-rive-panel/apps/mobile/android/app/src/debug/AndroidManifest.xml Warning:
	uses-permission#android.permission.SET_TIME_ZONE was tagged at AndroidManifest.xml:0 to remove other declarations but no other declaration present
/Users/mikevocalz/moyo-rive-panel/apps/mobile/android/app/src/debug/AndroidManifest.xml Warning:
	uses-permission#android.permission.SIGNAL_PERSISTENT_PROCESSES was tagged at AndroidManifest.xml:0 to remove other declarations but no other declaration present
/Users/mikevocalz/moyo-rive-panel/apps/mobile/android/app/src/debug/AndroidManifest.xml Warning:
	uses-permission#android.permission.SMS_FINANCIAL_TRANSACTIONS was tagged at AndroidManifest.xml:0 to remove other declarations but no other declaration present
/Users/mikevocalz/moyo-rive-panel/apps/mobile/android/app/src/debug/AndroidManifest.xml Warning:
	uses-permission#android.permission.START_FOREGROUND_SERVICES_FROM_BACKGROUND was tagged at AndroidManifest.xml:0 to remove other declarations but no other declaration present
/Users/mikevocalz/moyo-rive-panel/apps/mobile/android/app/src/debug/AndroidManifest.xml Warning:
	uses-permission#android.permission.START_VIEW_PERMISSION_USAGE was tagged at AndroidManifest.xml:0 to remove other declarations but no other declaration present
/Users/mikevocalz/moyo-rive-panel/apps/mobile/android/app/src/debug/AndroidManifest.xml Warning:
	uses-permission#android.permission.STATUS_BAR was tagged at AndroidManifest.xml:0 to remove other declarations but no other declaration present
/Users/mikevocalz/moyo-rive-panel/apps/mobile/android/app/src/debug/AndroidManifest.xml Warning:
	uses-permission#android.permission.UNINSTALL_SHORTCUT was tagged at AndroidManifest.xml:0 to remove other declarations but no other declaration present
/Users/mikevocalz/moyo-rive-panel/apps/mobile/android/app/src/debug/AndroidManifest.xml Warning:
	uses-permission#android.permission.UPDATE_DEVICE_STATS was tagged at AndroidManifest.xml:0 to remove other declarations but no other declaration present
/Users/mikevocalz/moyo-rive-panel/apps/mobile/android/app/src/debug/AndroidManifest.xml Warning:
	uses-permission#android.permission.USB_CAMERA was tagged at AndroidManifest.xml:0 to remove other declarations but no other declaration present
/Users/mikevocalz/moyo-rive-panel/apps/mobile/android/app/src/debug/AndroidManifest.xml Warning:
	uses-permission#android.permission.USE_ICC_AUTH_WITH_DEVICE_IDENTIFIER was tagged at AndroidManifest.xml:0 to remove other declarations but no other declaration present
/Users/mikevocalz/moyo-rive-panel/apps/mobile/android/app/src/debug/AndroidManifest.xml Warning:
	uses-permission#android.permission.USE_SIP was tagged at AndroidManifest.xml:0 to remove other declarations but no other declaration present
/Users/mikevocalz/moyo-rive-panel/apps/mobile/android/app/src/debug/AndroidManifest.xml Warning:
	uses-permission#android.permission.UWB_RANGING was tagged at AndroidManifest.xml:0 to remove other declarations but no other declaration present
/Users/mikevocalz/moyo-rive-panel/apps/mobile/android/app/src/debug/AndroidManifest.xml Warning:
	uses-permission#android.permission.WRITE_APN_SETTINGS was tagged at AndroidManifest.xml:0 to remove other declarations but no other declaration present
/Users/mikevocalz/moyo-rive-panel/apps/mobile/android/app/src/debug/AndroidManifest.xml Warning:
	uses-permission#android.permission.WRITE_CALENDAR was tagged at AndroidManifest.xml:0 to remove other declarations but no other declaration present
/Users/mikevocalz/moyo-rive-panel/apps/mobile/android/app/src/debug/AndroidManifest.xml Warning:
	uses-permission#android.permission.WRITE_CALL_LOG was tagged at AndroidManifest.xml:0 to remove other declarations but no other declaration present
/Users/mikevocalz/moyo-rive-panel/apps/mobile/android/app/src/debug/AndroidManifest.xml Warning:
	uses-permission#android.permission.WRITE_CONTACTS was tagged at AndroidManifest.xml:0 to remove other declarations but no other declaration present
/Users/mikevocalz/moyo-rive-panel/apps/mobile/android/app/src/debug/AndroidManifest.xml Warning:
	uses-permission#android.permission.WRITE_GSERVICES was tagged at AndroidManifest.xml:0 to remove other declarations but no other declaration present
/Users/mikevocalz/moyo-rive-panel/apps/mobile/android/app/src/debug/AndroidManifest.xml Warning:
	uses-permission#android.permission.WRITE_SECURE_SETTINGS was tagged at AndroidManifest.xml:0 to remove other declarations but no other declaration present
/Users/mikevocalz/moyo-rive-panel/apps/mobile/android/app/src/debug/AndroidManifest.xml Warning:
	uses-permission#android.permission.WRITE_SETTINGS was tagged at AndroidManifest.xml:0 to remove other declarations but no other declaration present
/Users/mikevocalz/moyo-rive-panel/apps/mobile/android/app/src/debug/AndroidManifest.xml Warning:
	uses-permission#android.permission.WRITE_VOICEMAIL was tagged at AndroidManifest.xml:0 to remove other declarations but no other declaration present
/Users/mikevocalz/moyo-rive-panel/apps/mobile/android/app/src/debug/AndroidManifest.xml Warning:
	uses-feature#android.hardware.camera.autofocus@tools:required was tagged at AndroidManifest.xml:0 to replace other declarations but no other declaration present
/Users/mikevocalz/moyo-rive-panel/apps/mobile/android/app/src/debug/AndroidManifest.xml:6:5-162 Warning:
	application@android:usesCleartextTraffic was tagged at AndroidManifest.xml:6 to replace other declarations but no other declaration present
/Users/mikevocalz/moyo-rive-panel/apps/mobile/android/app/src/debug/AndroidManifest.xml Warning:
	provider#expo.modules.filesystem.FileSystemFileProvider@android:authorities was tagged at AndroidManifest.xml:0 to replace other declarations but no other declaration present
/Users/mikevocalz/moyo-rive-panel/apps/mobile/android/app/src/debug/AndroidManifest.xml Warning:
	activity#expo.modules.imagepicker.ExpoCropImageActivity@android:exported was tagged at AndroidManifest.xml:0 to replace other declarations but no other declaration present
/Users/mikevocalz/moyo-rive-panel/apps/mobile/android/app/src/debug/AndroidManifest.xml Warning:
	meta-data#app.rive.runtime.kotlin.RiveInitializer was tagged at AndroidManifest.xml:0 to remove other declarations but no other declaration present

> Task :app:expoQuestDebugOverrideMaxSdkConflicts
[33m---------- Expo Max Sdk Override Plugin ----------[0m
[32m>>> No 'android:maxSdkVersion' conflicts found[0m
[33m--------------------------------------------------[0m

> Task :app:processQuestDebugManifest
> Task :board-texture:compileDebugLibraryResources
> Task :app:processQuestDebugManifestForPackage
> Task :expo:mapQuestDebugSourceSetPaths
> Task :expo:compileQuestDebugLibraryResources
> Task :expo-asset:mapDebugSourceSetPaths
> Task :expo-asset:compileDebugLibraryResources
> Task :expo-background-task:mapDebugSourceSetPaths
> Task :expo-background-task:compileDebugLibraryResources
> Task :expo-constants:mapDebugSourceSetPaths
> Task :expo-constants:compileDebugLibraryResources
> Task :expo-document-picker:mapDebugSourceSetPaths
> Task :expo-document-picker:compileDebugLibraryResources
> Task :expo-dom-webview:mapDebugSourceSetPaths
> Task :expo-dom-webview:compileDebugLibraryResources
> Task :expo-drag-drop-content-view:mapDebugSourceSetPaths
> Task :expo-drag-drop-content-view:compileDebugLibraryResources
> Task :expo-eas-client:mapDebugSourceSetPaths
> Task :expo-eas-client:compileDebugLibraryResources
> Task :expo-file-system:mapDebugSourceSetPaths
> Task :expo-font:mapDebugSourceSetPaths
> Task :expo-file-system:compileDebugLibraryResources
> Task :expo-font:compileDebugLibraryResources
> Task :expo-horizon-core:mapQuestDebugSourceSetPaths
> Task :expo-horizon-core:compileQuestDebugLibraryResources
> Task :expo-image:mapDebugSourceSetPaths
> Task :expo-image:compileDebugLibraryResources
> Task :expo-image-loader:mapDebugSourceSetPaths
> Task :expo-image-loader:compileDebugLibraryResources
> Task :expo-image-manipulator:mapDebugSourceSetPaths
> Task :expo-image-manipulator:compileDebugLibraryResources
> Task :expo-image-picker:mapDebugSourceSetPaths
> Task :expo-json-utils:mapDebugSourceSetPaths
> Task :expo-image-picker:compileDebugLibraryResources
> Task :expo-json-utils:compileDebugLibraryResources
> Task :expo-keep-awake:mapDebugSourceSetPaths
> Task :expo-keep-awake:compileDebugLibraryResources
> Task :expo-linking:mapDebugSourceSetPaths
> Task :expo-linking:compileDebugLibraryResources
> Task :expo-log-box:mapDebugSourceSetPaths
> Task :expo-log-box:compileDebugLibraryResources
> Task :expo-manifests:mapDebugSourceSetPaths
> Task :expo-manifests:compileDebugLibraryResources
> Task :expo-modules-core:mapDebugSourceSetPaths
> Task :expo-modules-core:compileDebugLibraryResources
> Task :expo-paste-input:mapDebugSourceSetPaths
> Task :expo-paste-input:compileDebugLibraryResources
> Task :expo-pico-core:mapMobileDebugSourceSetPaths
> Task :expo-pico-core:compileMobileDebugLibraryResources
> Task :expo-router:mapDebugSourceSetPaths
> Task :expo-router:compileDebugLibraryResources
> Task :expo-screen-capture:mapDebugSourceSetPaths
> Task :expo-screen-capture:compileDebugLibraryResources
> Task :expo-secure-store:mapDebugSourceSetPaths
> Task :expo-splash-screen:mapDebugSourceSetPaths
> Task :expo-secure-store:compileDebugLibraryResources
> Task :expo-splash-screen:compileDebugLibraryResources
> Task :expo-status-bar:mapDebugSourceSetPaths
> Task :expo-status-bar:compileDebugLibraryResources
> Task :expo-structured-headers:mapDebugSourceSetPaths
> Task :expo-structured-headers:compileDebugLibraryResources
> Task :expo-system-ui:mapDebugSourceSetPaths
> Task :expo-system-ui:compileDebugLibraryResources
> Task :expo-task-manager:mapDebugSourceSetPaths
> Task :expo-task-manager:compileDebugLibraryResources
> Task :expo-ui:mapDebugSourceSetPaths
> Task :expo-ui:compileDebugLibraryResources
> Task :expo-updates:mapDebugSourceSetPaths
> Task :expo-updates:compileDebugLibraryResources
> Task :expo-updates-interface:mapDebugSourceSetPaths
> Task :expo-updates-interface:compileDebugLibraryResources
> Task :nandorojo-galeria:mapDebugSourceSetPaths
> Task :nandorojo-galeria:compileDebugLibraryResources
> Task :nitro-canvas-in-Vision:mapDebugSourceSetPaths
> Task :nitro-canvas-in-Vision:compileDebugLibraryResources
> Task :react-native-audio-api:mapDebugSourceSetPaths
> Task :react-native-enriched-html:mapDebugSourceSetPaths
> Task :react-native-enriched-html:compileDebugLibraryResources
> Task :react-native-audio-api:compileDebugLibraryResources
> Task :react-native-executorch:mapDebugSourceSetPaths
> Task :react-native-executorch:compileDebugLibraryResources
> Task :react-native-gesture-handler:mapDebugSourceSetPaths
> Task :react-native-gesture-handler:compileDebugLibraryResources
> Task :react-native-keyboard-controller:mapDebugSourceSetPaths
> Task :react-native-keyboard-controller:compileDebugLibraryResources
> Task :react-native-masked-view_masked-view:mapDebugSourceSetPaths
> Task :react-native-masked-view_masked-view:compileDebugLibraryResources
> Task :react-native-mmkv:mapDebugSourceSetPaths
> Task :react-native-mmkv:compileDebugLibraryResources
> Task :react-native-nitro-fetch:mapDebugSourceSetPaths
> Task :react-native-nitro-fetch:compileDebugLibraryResources
> Task :react-native-nitro-image:mapDebugSourceSetPaths
> Task :react-native-nitro-image:compileDebugLibraryResources
> Task :react-native-nitro-modules:mapDebugSourceSetPaths
> Task :react-native-nitro-modules:compileDebugLibraryResources
> Task :react-native-pulsar:mapDebugSourceSetPaths
> Task :react-native-pulsar:compileDebugLibraryResources
> Task :react-native-reanimated:mapDebugSourceSetPaths
> Task :react-native-reanimated:compileDebugLibraryResources
> Task :react-native-safe-area-context:mapDebugSourceSetPaths
> Task :react-native-safe-area-context:compileDebugLibraryResources
> Task :react-native-screens:mapDebugSourceSetPaths
> Task :react-native-svg:mapDebugSourceSetPaths
> Task :react-native-svg:compileDebugLibraryResources
> Task :react-native-vision-camera:mapDebugSourceSetPaths
> Task :react-native-vision-camera:compileDebugLibraryResources
> Task :react-native-webgpu:mapDebugSourceSetPaths
> Task :react-native-screens:compileDebugLibraryResources
> Task :react-native-webgpu:compileDebugLibraryResources
> Task :react-native-webview:mapDebugSourceSetPaths
> Task :react-native-webview:compileDebugLibraryResources
> Task :react-native-worklets:mapDebugSourceSetPaths
> Task :react-native-worklets:compileDebugLibraryResources
> Task :react_viro:mapQuestDebugSourceSetPaths
> Task :react_viro:compileQuestDebugLibraryResources
> Task :sentry-react-native-expo:mapDebugSourceSetPaths
> Task :sentry-react-native-expo:compileDebugLibraryResources
> Task :sentry_react-native:mapDebugSourceSetPaths
> Task :sentry_react-native:compileDebugLibraryResources
> Task :shopify_react-native-skia:mapDebugSourceSetPaths
> Task :shopify_react-native-skia:compileDebugLibraryResources
> Task :unimodules-app-loader:mapDebugSourceSetPaths
> Task :unimodules-app-loader:compileDebugLibraryResources
> Task :viro_renderer:mapQuestDebugSourceSetPaths
> Task :viro_renderer:compileQuestDebugLibraryResources
> Task :app:processQuestDebugJavaRes
> Task :board-texture:processDebugJavaRes
> Task :expo:processQuestDebugJavaRes
> Task :expo-asset:processDebugJavaRes
> Task :expo-background-task:processDebugJavaRes
> Task :expo-constants:processDebugJavaRes
> Task :expo-document-picker:processDebugJavaRes
> Task :expo-dom-webview:processDebugJavaRes
> Task :expo-drag-drop-content-view:processDebugJavaRes
> Task :expo-eas-client:processDebugJavaRes
> Task :expo-file-system:processDebugJavaRes
> Task :expo-font:processDebugJavaRes
> Task :expo-horizon-core:processQuestDebugJavaRes
> Task :expo-image:processDebugJavaRes
> Task :expo-image-loader:processDebugJavaRes
> Task :expo-image-manipulator:processDebugJavaRes
> Task :expo-image-picker:processDebugJavaRes
> Task :expo-json-utils:processDebugJavaRes
> Task :expo-keep-awake:processDebugJavaRes
> Task :expo-linking:processDebugJavaRes
> Task :expo-log-box:processDebugJavaRes
> Task :expo-manifests:processDebugJavaRes
> Task :expo-modules-core:processDebugJavaRes
> Task :expo-paste-input:processDebugJavaRes
> Task :expo-pico-core:processMobileDebugJavaRes
> Task :expo-router:processDebugJavaRes
> Task :expo-screen-capture:processDebugJavaRes
> Task :expo-secure-store:processDebugJavaRes
> Task :expo-splash-screen:processDebugJavaRes
> Task :expo-status-bar:processDebugJavaRes
> Task :expo-structured-headers:processDebugJavaRes NO-SOURCE
> Task :expo-system-ui:processDebugJavaRes
> Task :expo-task-manager:processDebugJavaRes
> Task :expo-ui:processDebugJavaRes
> Task :expo-updates:processDebugJavaRes
> Task :expo-updates-interface:processDebugJavaRes
> Task :nandorojo-galeria:processDebugJavaRes
> Task :nitro-canvas-in-Vision:processDebugJavaRes
> Task :react-native-audio-api:processDebugJavaRes
> Task :react-native-enriched-html:processDebugJavaRes
> Task :react-native-executorch:processDebugJavaRes
> Task :react-native-gesture-handler:processDebugJavaRes
> Task :react-native-keyboard-controller:processDebugJavaRes
> Task :react-native-masked-view_masked-view:processDebugJavaRes NO-SOURCE
> Task :react-native-mmkv:processDebugJavaRes
> Task :react-native-nitro-fetch:processDebugJavaRes
> Task :react-native-nitro-image:processDebugJavaRes
> Task :react-native-nitro-modules:processDebugJavaRes
> Task :react-native-pulsar:processDebugJavaRes
> Task :react-native-reanimated:processDebugJavaRes
> Task :react-native-safe-area-context:processDebugJavaRes
> Task :react-native-screens:processDebugJavaRes
> Task :react-native-svg:processDebugJavaRes NO-SOURCE
> Task :react-native-vision-camera:processDebugJavaRes
> Task :react-native-webgpu:processDebugJavaRes NO-SOURCE
> Task :react-native-webview:processDebugJavaRes
> Task :react-native-worklets:processDebugJavaRes
> Task :react_viro:processQuestDebugJavaRes NO-SOURCE
> Task :sentry-react-native-expo:processDebugJavaRes NO-SOURCE
> Task :sentry_react-native:processDebugJavaRes NO-SOURCE
> Task :shopify_react-native-skia:processDebugJavaRes NO-SOURCE
> Task :unimodules-app-loader:processDebugJavaRes NO-SOURCE
> Task :viro_renderer:processQuestDebugJavaRes NO-SOURCE
> Task :app:processQuestDebugResources
> Task :app:dexBuilderQuestDebug
> Task :app:mergeQuestDebugJavaResource
> Task :react-native-executorch:configureCMakeDebug[arm64-v8a]
> Task :react-native-executorch:generateJsonModelDebug
> Task :react-native-executorch:prefabDebugConfigurePackage
> Task :app:mergeProjectDexQuestDebug
> Task :react-native-nitro-modules:configureCMakeDebug[arm64-v8a]
> Task :react-native-nitro-modules:buildCMakeDebug[arm64-v8a]
> Task :react-native-nitro-modules:externalNativeBuildDebug
> Task :react-native-nitro-modules:generateJsonModelDebug
> Task :react-native-nitro-modules:prefabDebugConfigurePackage
> Task :react-native-nitro-image:configureCMakeDebug[arm64-v8a]
> Task :react-native-nitro-modules:prefabDebugPackage
> Task :react-native-nitro-image:buildCMakeDebug[arm64-v8a]
> Task :react-native-nitro-modules:mergeDebugJniLibFolders
> Task :react-native-nitro-image:generateJsonModelDebug
> Task :react-native-nitro-modules:mergeDebugNativeLibs
> Task :react-native-worklets:configureCMakeDebug[arm64-v8a]
> Task :react-native-nitro-modules:copyDebugJniLibsProjectOnly
> Task :react-native-worklets:buildCMakeDebug[arm64-v8a][worklets]
> Task :react-native-nitro-image:externalNativeBuildDebug
> Task :react-native-nitro-image:prefabDebugConfigurePackage
> Task :react-native-worklets:externalNativeBuildDebug
> Task :react-native-worklets:generateJsonModelDebug
> Task :react-native-worklets:prefabDebugConfigurePackage
> Task :react-native-reanimated:configureCMakeDebug[arm64-v8a]
> Task :react-native-reanimated:generateJsonModelDebug
> Task :react-native-reanimated:prefabDebugConfigurePackage
> Task :react-native-nitro-image:mergeDebugJniLibFolders
> Task :react-native-nitro-image:prefabDebugPackage
> Task :react-native-nitro-image:mergeDebugNativeLibs
> Task :react-native-vision-camera:configureCMakeDebug[arm64-v8a]
> Task :react-native-nitro-image:copyDebugJniLibsProjectOnly

> Task :react-native-vision-camera:buildCMakeDebug[arm64-v8a]
C/C++: ninja: Entering directory `/Users/mikevocalz/moyo-rive-panel/node_modules/react-native-vision-camera/android/.cxx/Debug/2m1d304r/arm64-v8a'
C/C++: /Users/mikevocalz/moyo-rive-panel/node_modules/react-native-vision-camera/nitrogen/generated/shared/c++/HybridTapToFocusGestureControllerSpec.cpp:17:41: warning: unused parameter 'prototype' [-Wunused-parameter]
C/C++:    17 |     registerHybrids(this, [](Prototype& prototype) {
C/C++:       |                                         ^
C/C++: 1 warning generated.
C/C++: /Users/mikevocalz/moyo-rive-panel/node_modules/react-native-vision-camera/nitrogen/generated/shared/c++/HybridZoomGestureControllerSpec.cpp:17:41: warning: unused parameter 'prototype' [-Wunused-parameter]
C/C++:    17 |     registerHybrids(this, [](Prototype& prototype) {
C/C++:       |                                         ^
C/C++: 1 warning generated.
C/C++: /Users/mikevocalz/moyo-rive-panel/node_modules/react-native-vision-camera/nitrogen/generated/shared/c++/HybridCameraPreviewOutputSpec.cpp:17:41: warning: unused parameter 'prototype' [-Wunused-parameter]
C/C++:    17 |     registerHybrids(this, [](Prototype& prototype) {
C/C++:       |                                         ^
C/C++: 1 warning generated.

> Task :react-native-vision-camera:externalNativeBuildDebug
> Task :react-native-vision-camera:generateJsonModelDebug
> Task :react-native-vision-camera:prefabDebugConfigurePackage
> Task :shopify_react-native-skia:extractAARHeaders
> Task :shopify_react-native-skia:extractJNIFiles
> Task :shopify_react-native-skia:configureCMakeDebug[arm64-v8a]
> Task :shopify_react-native-skia:generateJsonModelDebug
> Task :shopify_react-native-skia:prefabDebugConfigurePackage
> Task :app:configureCMakeDebug[arm64-v8a]-3
> Task :react-native-executorch:buildCMakeDebug[arm64-v8a]
> Task :react-native-executorch:externalNativeBuildDebug
> Task :react-native-executorch:prefabDebugPackage
> Task :react-native-worklets:prefabDebugPackage
> Task :react-native-reanimated:buildCMakeDebug[arm64-v8a][reanimated]
> Task :react-native-worklets:mergeDebugJniLibFolders
> Task :react-native-worklets:mergeDebugNativeLibs
> Task :react-native-vision-camera:prefabDebugPackage
> Task :react-native-worklets:copyDebugJniLibsProjectOnly
> Task :shopify_react-native-skia:buildCMakeDebug[arm64-v8a]
> Task :react-native-reanimated:externalNativeBuildDebug
> Task :react-native-reanimated:prefabDebugPackage
> Task :shopify_react-native-skia:externalNativeBuildDebug
> Task :shopify_react-native-skia:prefabDebugPackage
> Task :app:buildCMakeDebug[arm64-v8a]-3
> Task :app:mergeQuestDebugJniLibFolders
> Task :board-texture:mergeDebugJniLibFolders
> Task :board-texture:mergeDebugNativeLibs NO-SOURCE
> Task :board-texture:copyDebugJniLibsProjectOnly
> Task :expo:mergeQuestDebugJniLibFolders
> Task :expo:mergeQuestDebugNativeLibs NO-SOURCE
> Task :expo:copyQuestDebugJniLibsProjectOnly
> Task :expo-asset:mergeDebugJniLibFolders
> Task :expo-asset:mergeDebugNativeLibs NO-SOURCE
> Task :expo-asset:copyDebugJniLibsProjectOnly
> Task :expo-background-task:mergeDebugJniLibFolders
> Task :expo-background-task:mergeDebugNativeLibs NO-SOURCE
> Task :expo-background-task:copyDebugJniLibsProjectOnly
> Task :expo-constants:mergeDebugJniLibFolders
> Task :expo-constants:mergeDebugNativeLibs NO-SOURCE
> Task :expo-constants:copyDebugJniLibsProjectOnly
> Task :expo-document-picker:mergeDebugJniLibFolders
> Task :expo-document-picker:mergeDebugNativeLibs NO-SOURCE
> Task :expo-document-picker:copyDebugJniLibsProjectOnly
> Task :expo-dom-webview:mergeDebugJniLibFolders
> Task :expo-dom-webview:mergeDebugNativeLibs NO-SOURCE
> Task :expo-dom-webview:copyDebugJniLibsProjectOnly
> Task :expo-drag-drop-content-view:mergeDebugJniLibFolders
> Task :expo-drag-drop-content-view:mergeDebugNativeLibs NO-SOURCE
> Task :expo-drag-drop-content-view:copyDebugJniLibsProjectOnly
> Task :expo-eas-client:mergeDebugJniLibFolders
> Task :expo-eas-client:mergeDebugNativeLibs NO-SOURCE
> Task :expo-eas-client:copyDebugJniLibsProjectOnly
> Task :expo-file-system:mergeDebugJniLibFolders
> Task :expo-file-system:mergeDebugNativeLibs NO-SOURCE
> Task :expo-file-system:copyDebugJniLibsProjectOnly
> Task :expo-font:mergeDebugJniLibFolders
> Task :expo-font:mergeDebugNativeLibs NO-SOURCE
> Task :expo-font:copyDebugJniLibsProjectOnly
> Task :expo-horizon-core:mergeQuestDebugJniLibFolders
> Task :expo-horizon-core:mergeQuestDebugNativeLibs NO-SOURCE
> Task :expo-horizon-core:copyQuestDebugJniLibsProjectOnly
> Task :expo-image:mergeDebugJniLibFolders
> Task :expo-image:mergeDebugNativeLibs NO-SOURCE
> Task :expo-image:copyDebugJniLibsProjectOnly
> Task :expo-image-loader:mergeDebugJniLibFolders
> Task :expo-image-loader:mergeDebugNativeLibs NO-SOURCE
> Task :expo-image-loader:copyDebugJniLibsProjectOnly
> Task :expo-image-manipulator:mergeDebugJniLibFolders
> Task :expo-image-manipulator:mergeDebugNativeLibs NO-SOURCE
> Task :expo-image-manipulator:copyDebugJniLibsProjectOnly
> Task :expo-image-picker:mergeDebugJniLibFolders
> Task :expo-image-picker:mergeDebugNativeLibs NO-SOURCE
> Task :expo-image-picker:copyDebugJniLibsProjectOnly
> Task :expo-json-utils:mergeDebugJniLibFolders
> Task :expo-json-utils:mergeDebugNativeLibs NO-SOURCE
> Task :expo-json-utils:copyDebugJniLibsProjectOnly
> Task :expo-keep-awake:mergeDebugJniLibFolders
> Task :expo-keep-awake:mergeDebugNativeLibs NO-SOURCE
> Task :expo-keep-awake:copyDebugJniLibsProjectOnly
> Task :expo-linking:mergeDebugJniLibFolders
> Task :expo-linking:mergeDebugNativeLibs NO-SOURCE
> Task :expo-linking:copyDebugJniLibsProjectOnly
> Task :expo-log-box:mergeDebugJniLibFolders
> Task :expo-log-box:mergeDebugNativeLibs NO-SOURCE
> Task :expo-log-box:copyDebugJniLibsProjectOnly
> Task :expo-manifests:mergeDebugJniLibFolders
> Task :expo-manifests:mergeDebugNativeLibs NO-SOURCE
> Task :expo-manifests:copyDebugJniLibsProjectOnly
> Task :expo-modules-core:unpackExpoModulesV2Cpp
> Task :expo-modules-core:configureCMakeDebug[arm64-v8a]
> Task :expo-modules-core:buildCMakeDebug[arm64-v8a]
> Task :expo-modules-core:mergeDebugJniLibFolders
> Task :expo-paste-input:mergeDebugJniLibFolders
> Task :expo-paste-input:mergeDebugNativeLibs NO-SOURCE
> Task :expo-paste-input:copyDebugJniLibsProjectOnly
> Task :expo-pico-core:configureCMakeDebug[arm64-v8a]
> Task :expo-modules-core:mergeDebugNativeLibs
> Task :expo-pico-core:buildCMakeDebug[arm64-v8a]
> Task :expo-pico-core:mergeMobileDebugJniLibFolders
> Task :expo-modules-core:copyDebugJniLibsProjectOnly
> Task :expo-router:mergeDebugJniLibFolders
> Task :expo-router:mergeDebugNativeLibs NO-SOURCE
> Task :expo-router:copyDebugJniLibsProjectOnly
> Task :expo-screen-capture:mergeDebugJniLibFolders
> Task :expo-screen-capture:mergeDebugNativeLibs NO-SOURCE
> Task :expo-screen-capture:copyDebugJniLibsProjectOnly
> Task :expo-secure-store:mergeDebugJniLibFolders
> Task :expo-secure-store:mergeDebugNativeLibs NO-SOURCE
> Task :expo-secure-store:copyDebugJniLibsProjectOnly
> Task :expo-splash-screen:mergeDebugJniLibFolders
> Task :expo-splash-screen:mergeDebugNativeLibs NO-SOURCE
> Task :expo-splash-screen:copyDebugJniLibsProjectOnly
> Task :expo-status-bar:mergeDebugJniLibFolders
> Task :expo-status-bar:mergeDebugNativeLibs NO-SOURCE
> Task :expo-status-bar:copyDebugJniLibsProjectOnly
> Task :expo-structured-headers:mergeDebugJniLibFolders
> Task :expo-structured-headers:mergeDebugNativeLibs NO-SOURCE
> Task :expo-structured-headers:copyDebugJniLibsProjectOnly
> Task :expo-system-ui:mergeDebugJniLibFolders
> Task :expo-system-ui:mergeDebugNativeLibs NO-SOURCE
> Task :expo-system-ui:copyDebugJniLibsProjectOnly
> Task :expo-task-manager:mergeDebugJniLibFolders
> Task :expo-task-manager:mergeDebugNativeLibs NO-SOURCE
> Task :expo-task-manager:copyDebugJniLibsProjectOnly
> Task :expo-ui:mergeDebugJniLibFolders
> Task :expo-ui:mergeDebugNativeLibs NO-SOURCE
> Task :expo-ui:copyDebugJniLibsProjectOnly
> Task :expo-updates:configureCMakeDebug[arm64-v8a]
> Task :expo-pico-core:mergeMobileDebugNativeLibs
> Task :expo-updates:buildCMakeDebug[arm64-v8a]
> Task :expo-updates:mergeDebugJniLibFolders
> Task :expo-updates:mergeDebugNativeLibs
> Task :expo-updates:copyDebugJniLibsProjectOnly
> Task :expo-updates-interface:mergeDebugJniLibFolders
> Task :expo-updates-interface:mergeDebugNativeLibs NO-SOURCE
> Task :expo-updates-interface:copyDebugJniLibsProjectOnly
> Task :nandorojo-galeria:mergeDebugJniLibFolders
> Task :nandorojo-galeria:mergeDebugNativeLibs NO-SOURCE
> Task :nandorojo-galeria:copyDebugJniLibsProjectOnly
> Task :expo-pico-core:copyMobileDebugJniLibsProjectOnly
> Task :nitro-canvas-in-Vision:configureCMakeDebug[arm64-v8a]
> Task :nitro-canvas-in-Vision:buildCMakeDebug[arm64-v8a]
> Task :nitro-canvas-in-Vision:mergeDebugJniLibFolders
> Task :react-native-audio-api:configureCMakeDebug[arm64-v8a]
> Task :nitro-canvas-in-Vision:mergeDebugNativeLibs
> Task :react-native-audio-api:buildCMakeDebug[arm64-v8a]
> Task :nitro-canvas-in-Vision:copyDebugJniLibsProjectOnly
> Task :react-native-audio-api:mergeDebugJniLibFolders
> Task :react-native-enriched-html:mergeDebugJniLibFolders
> Task :react-native-enriched-html:mergeDebugNativeLibs NO-SOURCE
> Task :react-native-enriched-html:copyDebugJniLibsProjectOnly
> Task :react-native-executorch:mergeDebugJniLibFolders
> Task :react-native-audio-api:mergeDebugNativeLibs
> Task :react-native-audio-api:copyDebugJniLibsProjectOnly
> Task :react-native-gesture-handler:configureCMakeDebug[arm64-v8a]
> Task :react-native-executorch:mergeDebugNativeLibs
> Task :react-native-gesture-handler:buildCMakeDebug[arm64-v8a]
> Task :react-native-gesture-handler:mergeDebugJniLibFolders
> Task :react-native-gesture-handler:mergeDebugNativeLibs
> Task :react-native-gesture-handler:copyDebugJniLibsProjectOnly
> Task :react-native-keyboard-controller:mergeDebugJniLibFolders
> Task :react-native-keyboard-controller:mergeDebugNativeLibs NO-SOURCE
> Task :react-native-keyboard-controller:copyDebugJniLibsProjectOnly
> Task :react-native-masked-view_masked-view:mergeDebugJniLibFolders
> Task :react-native-masked-view_masked-view:mergeDebugNativeLibs NO-SOURCE
> Task :react-native-masked-view_masked-view:copyDebugJniLibsProjectOnly
> Task :react-native-mmkv:configureCMakeDebug[arm64-v8a]
> Task :react-native-executorch:copyDebugJniLibsProjectOnly
> Task :react-native-mmkv:buildCMakeDebug[arm64-v8a]
> Task :react-native-mmkv:mergeDebugJniLibFolders
> Task :react-native-mmkv:mergeDebugNativeLibs
> Task :react-native-nitro-fetch:configureCMakeDebug[arm64-v8a]
> Task :react-native-mmkv:copyDebugJniLibsProjectOnly
> Task :react-native-nitro-fetch:buildCMakeDebug[arm64-v8a]
> Task :react-native-nitro-fetch:mergeDebugJniLibFolders
> Task :react-native-pulsar:mergeDebugJniLibFolders
> Task :react-native-pulsar:mergeDebugNativeLibs NO-SOURCE
> Task :react-native-pulsar:copyDebugJniLibsProjectOnly
> Task :react-native-reanimated:mergeDebugJniLibFolders
> Task :react-native-nitro-fetch:mergeDebugNativeLibs
> Task :react-native-nitro-fetch:copyDebugJniLibsProjectOnly
> Task :react-native-safe-area-context:mergeDebugJniLibFolders
> Task :react-native-safe-area-context:mergeDebugNativeLibs NO-SOURCE
> Task :react-native-safe-area-context:copyDebugJniLibsProjectOnly
> Task :react-native-screens:configureCMakeDebug[arm64-v8a]
> Task :react-native-reanimated:mergeDebugNativeLibs
> Task :react-native-screens:buildCMakeDebug[arm64-v8a]
> Task :react-native-screens:mergeDebugJniLibFolders
> Task :react-native-screens:mergeDebugNativeLibs
> Task :react-native-screens:copyDebugJniLibsProjectOnly
> Task :react-native-svg:mergeDebugJniLibFolders
> Task :react-native-svg:mergeDebugNativeLibs NO-SOURCE
> Task :react-native-svg:copyDebugJniLibsProjectOnly
> Task :react-native-vision-camera:mergeDebugJniLibFolders
> Task :react-native-reanimated:copyDebugJniLibsProjectOnly
> Task :react-native-webgpu:configureCMakeDebug[arm64-v8a]
> Task :react-native-vision-camera:mergeDebugNativeLibs
> Task :react-native-webgpu:buildCMakeDebug[arm64-v8a]
> Task :react-native-webgpu:mergeDebugJniLibFolders
> Task :react-native-vision-camera:copyDebugJniLibsProjectOnly
> Task :react-native-webview:mergeDebugJniLibFolders
> Task :react-native-webview:mergeDebugNativeLibs NO-SOURCE
> Task :react-native-webview:copyDebugJniLibsProjectOnly
> Task :react_viro:mergeQuestDebugJniLibFolders
> Task :react_viro:mergeQuestDebugNativeLibs NO-SOURCE
> Task :react_viro:copyQuestDebugJniLibsProjectOnly
> Task :sentry-react-native-expo:mergeDebugJniLibFolders
> Task :sentry-react-native-expo:mergeDebugNativeLibs NO-SOURCE
> Task :sentry-react-native-expo:copyDebugJniLibsProjectOnly
> Task :sentry_react-native:configureCMakeDebug[arm64-v8a]
> Task :sentry_react-native:buildCMakeDebug[arm64-v8a]
> Task :sentry_react-native:mergeDebugJniLibFolders
> Task :react-native-webgpu:mergeDebugNativeLibs
> Task :sentry_react-native:mergeDebugNativeLibs
> Task :react-native-webgpu:copyDebugJniLibsProjectOnly
> Task :sentry_react-native:copyDebugJniLibsProjectOnly
> Task :shopify_react-native-skia:mergeDebugJniLibFolders
> Task :unimodules-app-loader:mergeDebugJniLibFolders
> Task :unimodules-app-loader:mergeDebugNativeLibs NO-SOURCE
> Task :unimodules-app-loader:copyDebugJniLibsProjectOnly
> Task :viro_renderer:mergeQuestDebugJniLibFolders
> Task :viro_renderer:mergeQuestDebugNativeLibs NO-SOURCE
> Task :viro_renderer:copyQuestDebugJniLibsProjectOnly
> Task :app:validateSigningQuestDebug
> Task :app:writeQuestDebugAppMetadata
> Task :app:writeQuestDebugSigningConfigVersions
> Task :shopify_react-native-skia:mergeDebugNativeLibs
> Task :shopify_react-native-skia:copyDebugJniLibsProjectOnly
> Task :app:mergeQuestDebugNativeLibs
> Task :app:stripQuestDebugDebugSymbols
> Task :app:packageQuestDebug
> Task :app:createQuestDebugApkListingFileRedirect
> Task :app:assembleQuestDebug

[Incubating] Problems report is available at: file:///Users/mikevocalz/moyo-rive-panel/apps/mobile/android/build/reports/problems/problems-report.html

Deprecated Gradle features were used in this build, making it incompatible with Gradle 10.

You can use '--warning-mode all' to show the individual deprecation warnings and determine if they come from your own scripts or plugins.

For more on this, please refer to https://docs.gradle.org/9.4.1/userguide/command_line_interface.html#sec:command_line_warnings in the Gradle documentation.

BUILD SUCCESSFUL in 5m 57s
1379 actionable tasks: 1347 executed, 32 up-to-date
