> Task :expo-gradle-plugin:expo-autolinking-plugin-shared:checkKotlinGradlePluginConfigurationErrors SKIPPED
> Task :gradle-plugin:settings-plugin:checkKotlinGradlePluginConfigurationErrors SKIPPED
> Task :gradle-plugin:shared:checkKotlinGradlePluginConfigurationErrors SKIPPED
> Task :expo-gradle-plugin:expo-autolinking-plugin-shared:compileKotlin UP-TO-DATE
> Task :gradle-plugin:shared:compileKotlin UP-TO-DATE
> Task :gradle-plugin:shared:compileJava NO-SOURCE
> Task :expo-gradle-plugin:expo-autolinking-plugin-shared:compileJava NO-SOURCE
> Task :gradle-plugin:shared:processResources NO-SOURCE
> Task :gradle-plugin:shared:classes UP-TO-DATE
> Task :expo-gradle-plugin:expo-autolinking-plugin-shared:processResources NO-SOURCE
> Task :expo-gradle-plugin:expo-autolinking-plugin-shared:classes UP-TO-DATE
> Task :gradle-plugin:shared:jar UP-TO-DATE
> Task :expo-gradle-plugin:expo-autolinking-plugin-shared:jar UP-TO-DATE
> Task :expo-gradle-plugin:expo-autolinking-settings-plugin:checkKotlinGradlePluginConfigurationErrors SKIPPED
> Task :gradle-plugin:settings-plugin:compileKotlin UP-TO-DATE
> Task :gradle-plugin:settings-plugin:compileJava NO-SOURCE
> Task :gradle-plugin:settings-plugin:pluginDescriptors UP-TO-DATE
> Task :gradle-plugin:settings-plugin:processResources UP-TO-DATE
> Task :gradle-plugin:settings-plugin:classes UP-TO-DATE
> Task :gradle-plugin:settings-plugin:jar UP-TO-DATE
> Task :expo-gradle-plugin:expo-autolinking-settings-plugin:compileKotlin UP-TO-DATE
> Task :expo-gradle-plugin:expo-autolinking-settings-plugin:compileJava NO-SOURCE
> Task :expo-gradle-plugin:expo-autolinking-settings-plugin:pluginDescriptors UP-TO-DATE
> Task :expo-gradle-plugin:expo-autolinking-settings-plugin:processResources UP-TO-DATE
> Task :expo-gradle-plugin:expo-autolinking-settings-plugin:classes UP-TO-DATE
> Task :expo-gradle-plugin:expo-autolinking-settings-plugin:jar UP-TO-DATE
> Task :gradle-plugin:react-native-gradle-plugin:checkKotlinGradlePluginConfigurationErrors SKIPPED
> Task :expo-module-gradle-plugin:checkKotlinGradlePluginConfigurationErrors SKIPPED
> Task :expo-module-gradle-plugin:pluginDescriptors UP-TO-DATE
> Task :expo-module-gradle-plugin:processResources UP-TO-DATE
> Task :expo-updates-gradle-plugin:checkKotlinGradlePluginConfigurationErrors SKIPPED
> Task :expo-updates-gradle-plugin:pluginDescriptors UP-TO-DATE
> Task :expo-updates-gradle-plugin:processResources UP-TO-DATE
> Task :expo-gradle-plugin:expo-autolinking-plugin:checkKotlinGradlePluginConfigurationErrors SKIPPED
> Task :gradle-plugin:react-native-gradle-plugin:compileKotlin UP-TO-DATE
> Task :gradle-plugin:react-native-gradle-plugin:compileJava NO-SOURCE
> Task :gradle-plugin:react-native-gradle-plugin:pluginDescriptors UP-TO-DATE
> Task :gradle-plugin:react-native-gradle-plugin:processResources UP-TO-DATE
> Task :gradle-plugin:react-native-gradle-plugin:classes UP-TO-DATE
> Task :gradle-plugin:react-native-gradle-plugin:jar UP-TO-DATE
> Task :expo-gradle-plugin:expo-autolinking-plugin:compileKotlin UP-TO-DATE
> Task :expo-gradle-plugin:expo-autolinking-plugin:compileJava NO-SOURCE
> Task :expo-gradle-plugin:expo-autolinking-plugin:pluginDescriptors UP-TO-DATE
> Task :expo-gradle-plugin:expo-autolinking-plugin:processResources UP-TO-DATE
> Task :expo-gradle-plugin:expo-autolinking-plugin:classes UP-TO-DATE
> Task :expo-gradle-plugin:expo-autolinking-plugin:jar UP-TO-DATE
> Task :expo-gradle-plugin:expo-max-sdk-override-plugin:checkKotlinGradlePluginConfigurationErrors SKIPPED
> Task :expo-gradle-plugin:expo-max-sdk-override-plugin:compileKotlin UP-TO-DATE
> Task :expo-module-gradle-plugin:compileKotlin UP-TO-DATE
> Task :expo-gradle-plugin:expo-max-sdk-override-plugin:compileJava NO-SOURCE
> Task :expo-module-gradle-plugin:compileJava NO-SOURCE
> Task :expo-module-gradle-plugin:classes UP-TO-DATE
> Task :expo-gradle-plugin:expo-max-sdk-override-plugin:pluginDescriptors UP-TO-DATE
> Task :expo-gradle-plugin:expo-max-sdk-override-plugin:processResources UP-TO-DATE
> Task :expo-gradle-plugin:expo-max-sdk-override-plugin:classes UP-TO-DATE
> Task :expo-module-gradle-plugin:jar UP-TO-DATE
> Task :expo-gradle-plugin:expo-max-sdk-override-plugin:jar UP-TO-DATE
> Task :expo-updates-gradle-plugin:compileKotlin UP-TO-DATE
> Task :expo-updates-gradle-plugin:compileJava NO-SOURCE
> Task :expo-updates-gradle-plugin:classes UP-TO-DATE
> Task :expo-updates-gradle-plugin:jar UP-TO-DATE

> Configure project :app
WARNING: The option setting 'android.builtInKotlin=false' is deprecated.
The current default is 'true'.
It will be removed in version 10.0 of the Android Gradle plugin.
WARNING: The option setting 'android.newDsl=false' is deprecated.
The current default is 'true'.
It will be removed in version 10.0 of the Android Gradle plugin.
 ℹ️  [33mApplying gradle plugin[0m '[32mexpo-max-sdk-override-plugin[0m'
  [expo-max-sdk-override-plugin] This plugin will find all permissions declared with `android:maxSdkVersion`. If there exists a declaration with the `android:maxSdkVersion` annotation and another one without, the plugin will remove the annotation from the final merged manifest. In order to see a log with the changes run a clean build of the app.
WARNING: API 'applicationVariants' is obsolete and has been replaced with 'AndroidComponentsExtension'.
It will be removed in version 10.0 of the Android Gradle plugin.
The legacy variant API is disabled by default in AGP 9.0, but can be re-enabled by adding 
    android.newDsl=false
to this project's gradle.properties file.
For more information, see http://developer.android.com/build/r/new-dsl.

To determine what is calling applicationVariants, use -Pandroid.debug.obsoleteApi=true on the command line to display more information.
WARNING: API 'testVariants' is obsolete and has been replaced with 'AndroidComponentsExtension'.
It will be removed in version 10.0 of the Android Gradle plugin.
The legacy variant API is disabled by default in AGP 9.0, but can be re-enabled by adding 
    android.newDsl=false
to this project's gradle.properties file.
For more information, see http://developer.android.com/build/r/new-dsl.

To determine what is calling testVariants, use -Pandroid.debug.obsoleteApi=true on the command line to display more information.
WARNING: API 'unitTestVariants' is obsolete and has been replaced with 'AndroidComponentsExtension'.
It will be removed in version 10.0 of the Android Gradle plugin.
The legacy variant API is disabled by default in AGP 9.0, but can be re-enabled by adding 
    android.newDsl=false
to this project's gradle.properties file.
For more information, see http://developer.android.com/build/r/new-dsl.

To determine what is calling unitTestVariants, use -Pandroid.debug.obsoleteApi=true on the command line to display more information.
 ℹ️  [33mApplying gradle plugin[0m '[32mexpo-updates-gradle-plugin[0m'

> Configure project :
[32m[ExpoRootProject][0m Using the following versions:
  - buildTools:  [32m37.0.0[0m
  - minSdk:      [32m26[0m
  - compileSdk:  [32m37[0m
  - targetSdk:   [32m34[0m
  - ndk:         [32m27.1.12297006[0m
  - kotlin:      [32m2.2.0[0m
  - ksp:         [32m2.2.0-2.0.2[0m

> Configure project :board-texture
WARNING: API 'libraryVariants' is obsolete and has been replaced with 'AndroidComponentsExtension'.
It will be removed in version 10.0 of the Android Gradle plugin.
The legacy variant API is disabled by default in AGP 9.0, but can be re-enabled by adding 
    android.newDsl=false
to this project's gradle.properties file.
For more information, see http://developer.android.com/build/r/new-dsl.

To determine what is calling libraryVariants, use -Pandroid.debug.obsoleteApi=true on the command line to display more information.

> Configure project :expo-image
ksp-2.2.0-2.0.2 is too old for kotlin-2.2.10. Please upgrade ksp or downgrade kotlin-gradle-plugin to 2.2.0.
ksp-2.2.0-2.0.2 is too old for kotlin-2.2.10. Please upgrade ksp or downgrade kotlin-gradle-plugin to 2.2.0.
ksp-2.2.0-2.0.2 is too old for kotlin-2.2.10. Please upgrade ksp or downgrade kotlin-gradle-plugin to 2.2.0.
ksp-2.2.0-2.0.2 is too old for kotlin-2.2.10. Please upgrade ksp or downgrade kotlin-gradle-plugin to 2.2.0.
ksp-2.2.0-2.0.2 is too old for kotlin-2.2.10. Please upgrade ksp or downgrade kotlin-gradle-plugin to 2.2.0.
ksp-2.2.0-2.0.2 is too old for kotlin-2.2.10. Please upgrade ksp or downgrade kotlin-gradle-plugin to 2.2.0.
ksp-2.2.0-2.0.2 is too old for kotlin-2.2.10. Please upgrade ksp or downgrade kotlin-gradle-plugin to 2.2.0.
ksp-2.2.0-2.0.2 is too old for kotlin-2.2.10. Please upgrade ksp or downgrade kotlin-gradle-plugin to 2.2.0.

> Configure project :expo-modules-core
[expo-modules-core] Ignoring prebuilt libs: built for v58.0.1, package is v58.0.3 - building from source
Linking react-native-worklets native libs into expo-modules-core build tasks
task ':react-native-worklets:mergeDebugNativeLibs'
task ':react-native-worklets:mergeReleaseNativeLibs'

> Configure project :expo-updates
ksp-2.2.0-2.0.2 is too old for kotlin-2.2.10. Please upgrade ksp or downgrade kotlin-gradle-plugin to 2.2.0.
ksp-2.2.0-2.0.2 is too old for kotlin-2.2.10. Please upgrade ksp or downgrade kotlin-gradle-plugin to 2.2.0.
ksp-2.2.0-2.0.2 is too old for kotlin-2.2.10. Please upgrade ksp or downgrade kotlin-gradle-plugin to 2.2.0.
ksp-2.2.0-2.0.2 is too old for kotlin-2.2.10. Please upgrade ksp or downgrade kotlin-gradle-plugin to 2.2.0.
ksp-2.2.0-2.0.2 is too old for kotlin-2.2.10. Please upgrade ksp or downgrade kotlin-gradle-plugin to 2.2.0.
ksp-2.2.0-2.0.2 is too old for kotlin-2.2.10. Please upgrade ksp or downgrade kotlin-gradle-plugin to 2.2.0.
ksp-2.2.0-2.0.2 is too old for kotlin-2.2.10. Please upgrade ksp or downgrade kotlin-gradle-plugin to 2.2.0.
ksp-2.2.0-2.0.2 is too old for kotlin-2.2.10. Please upgrade ksp or downgrade kotlin-gradle-plugin to 2.2.0.

> Configure project :expo

Using expo modules
  - [32mexpo-dom-webview[0m (58.0.0)
  - [32mexpo-log-box[0m (58.0.3)
  - [32mexpo-ui[0m (58.0.3)
  - [32mnandorojo-galeria[0m (0.1.0)
  - [32msentry-react-native-expo[0m (unspecified)
  - [32mboard-texture[0m (0.1.0)
  - [32mexpo-asset[0m (58.0.3)
  - [32mexpo-background-task[0m (58.0.3)
  - [32mexpo-constants[0m (58.0.3)
  - [32mexpo-document-picker[0m (57.0.1)
  - [32mexpo-drag-drop-content-view[0m (0.1.0)
  - [32mexpo-eas-client[0m (58.0.0)
  - [32mexpo-file-system[0m (58.0.0)
  - [32mexpo-font[0m (58.0.1)
  - [32mexpo-horizon-core[0m (unspecified)
  - [32mexpo-image[0m (58.0.2)
  - [32mexpo-image-loader[0m (57.0.1)
  - [32mexpo-image-manipulator[0m (57.0.9)
  - [32mexpo-image-picker[0m (57.0.12)
  - [32mexpo-json-utils[0m (58.0.0)
  - [32mexpo-keep-awake[0m (58.0.0)
  - [32mexpo-linking[0m (58.0.3)
  - [32mexpo-manifests[0m (58.0.0)
  - [32mexpo-modules-core[0m (58.0.3)
  - [32mexpo-paste-input[0m (0.7.6)
  - [32mexpo-router[0m (58.0.4)
  - [32mexpo-screen-capture[0m (58.0.0)
  - [32mexpo-secure-store[0m (58.0.0)
  - [32mexpo-splash-screen[0m (58.0.0)
  - [32mexpo-status-bar[0m (58.0.0)
  - [32mexpo-structured-headers[0m (58.0.0)
  - [32mexpo-system-ui[0m (58.0.1)
  - [32mexpo-task-manager[0m (58.0.4)
  - [32mexpo-updates[0m (58.0.5)
  - [32mexpo-updates-interface[0m (58.0.0)
  - [32munimodules-app-loader[0m (58.0.0)


> Configure project :expo-pico-core
[NitroModules] 🔥 ExpoPicoCore is boosted by nitro!

> Configure project :nitro-canvas-in-Vision
[NitroModules] 🔥 NitroCanvasInVision is boosted by nitro!

> Configure project :react-native-mmkv
[NitroModules] 🔥 NitroMmkv is boosted by nitro!

> Configure project :react-native-nitro-fetch
[NitroModules] 🔥 nitrofetch is boosted by nitro!

> Configure project :react-native-nitro-image
[NitroModules] 🔥 NitroImage is boosted by nitro!

> Configure project :react-native-nitro-modules
[NitroModules] 🔥 Your app is boosted by nitro modules!

> Configure project :react-native-pulsar
Using published Pulsar Android artifact com.swmansion:pulsar:1.3.0

> Configure project :react-native-vision-camera
[NitroModules] 🔥 VisionCamera is boosted by nitro!

> Configure project :shopify_react-native-skia
react-native-skia: SK_GRAPHITE: false
react-native-skia: Skia libs: /Users/mikevocalz/moyo-rive-panel/node_modules/react-native-skia-android/libs
react-native-skia: node_modules/ found at: /Users/mikevocalz/moyo-rive-panel/node_modules
react-native-skia: RN Version: 88 / 0.88.0-rc.2
react-native-skia: isSourceBuild: false
react-native-skia: PrebuiltDir: /Users/mikevocalz/moyo-rive-panel/node_modules/@shopify/react-native-skia/android/build/react-native-0*/jni
react-native-skia: buildType: debug
react-native-skia: buildDir: /Users/mikevocalz/moyo-rive-panel/node_modules/@shopify/react-native-skia/android/build
react-native-skia: node_modules: /Users/mikevocalz/moyo-rive-panel/node_modules
react-native-skia: Enable Prefab: true
react-native-skia: aar state post 70, do nothing

> Task :app:generateAutolinkingNewArchitectureFiles UP-TO-DATE
> Task :app:generateAutolinkingPackageList UP-TO-DATE
> Task :app:generateCodegenSchemaFromJavaScript SKIPPED
> Task :app:generateCodegenArtifactsFromSchema SKIPPED
> Task :app:generateReactNativeEntryPoint UP-TO-DATE
> Task :app:stageMoyoCppRuntime UP-TO-DATE
> Task :board-texture:preBuild UP-TO-DATE
> Task :expo:generateInlineModules
> Task :expo:generatePackagesList UP-TO-DATE
> Task :expo:preBuild
> Task :expo-asset:preBuild UP-TO-DATE
> Task :expo-background-task:preBuild UP-TO-DATE

> Task :expo-constants:createExpoConfig
The NODE_ENV environment variable is required but was not specified. Ensure the project is bundled with Expo CLI or NODE_ENV is set. Using only .env.local and .env
» android: @expo-pico/core: xrMode 'pico-os5' expects newArchEnabled: true. PicoCorePackage relies on the New Architecture package registration shape. Set 'newArchEnabled: true' in app.config.{ts,js,json} (top-level).
» android: @expo-pico/core: xrMode 'pico-os5' is an immersive build but picoAppId is empty. Every PPS call (account, IAP, achievements, leaderboards, social) will fail at runtime with PICO error 100008 "appkey is empty". PICO_APP_ID env var is NOT set in this shell. Either: (a) export PICO_APP_ID=<your-app-id> from .env.local before prebuild, or (b) hardcode picoAppId in the plugin config (NOT recommended — secrets in source).
(node:20520) [MODULE_TYPELESS_PACKAGE_JSON] Warning: Module type of file:///Users/mikevocalz/moyo-rive-panel/packages/theme/index.ts is not specified and it doesn't parse as CommonJS.
Reparsing as ES module because module syntax was detected. This incurs a performance overhead.
To eliminate this warning, add "type": "module" to /Users/mikevocalz/moyo-rive-panel/packages/theme/package.json.
(Use `node --trace-warnings ...` to show where the warning was created)

> Task :expo-constants:preBuild
> Task :expo-document-picker:preBuild UP-TO-DATE
> Task :expo-dom-webview:preBuild UP-TO-DATE
> Task :expo-drag-drop-content-view:preBuild UP-TO-DATE
> Task :expo-eas-client:preBuild UP-TO-DATE
> Task :expo-file-system:preBuild UP-TO-DATE
> Task :expo-font:preBuild UP-TO-DATE
> Task :expo-horizon-core:preBuild UP-TO-DATE
> Task :expo-image:preBuild UP-TO-DATE
> Task :expo-image-loader:preBuild UP-TO-DATE
> Task :expo-image-manipulator:preBuild UP-TO-DATE
> Task :expo-image-picker:preBuild UP-TO-DATE
> Task :expo-json-utils:preBuild UP-TO-DATE
> Task :expo-keep-awake:preBuild UP-TO-DATE
> Task :expo-linking:preBuild UP-TO-DATE
> Task :expo-log-box:preBuild UP-TO-DATE
> Task :expo-manifests:preBuild UP-TO-DATE
> Task :expo-modules-core:preBuild UP-TO-DATE
> Task :expo-paste-input:preBuild UP-TO-DATE
> Task :expo-pico-core:preBuild UP-TO-DATE
> Task :expo-router:preBuild UP-TO-DATE
> Task :expo-screen-capture:preBuild UP-TO-DATE
> Task :expo-secure-store:preBuild UP-TO-DATE
> Task :expo-splash-screen:preBuild UP-TO-DATE
> Task :expo-status-bar:preBuild UP-TO-DATE
> Task :expo-structured-headers:preBuild UP-TO-DATE
> Task :expo-system-ui:preBuild UP-TO-DATE
> Task :expo-task-manager:preBuild UP-TO-DATE
> Task :expo-ui:preBuild UP-TO-DATE
> Task :expo-updates:preBuild UP-TO-DATE
> Task :expo-updates-interface:preBuild UP-TO-DATE
> Task :nandorojo-galeria:preBuild UP-TO-DATE
> Task :nitro-canvas-in-Vision:preBuild UP-TO-DATE
> Task :react-native-audio-api:assertMinimalReactNativeVersionTask SKIPPED
> Task :react-native-audio-api:downloadPrebuiltBinaries
> Task :react-native-audio-api:generateCodegenSchemaFromJavaScript UP-TO-DATE
> Task :react-native-audio-api:generateCodegenArtifactsFromSchema UP-TO-DATE
> Task :react-native-audio-api:preBuild
> Task :react-native-enriched-html:generateCodegenSchemaFromJavaScript SKIPPED
> Task :react-native-enriched-html:generateCodegenArtifactsFromSchema SKIPPED
> Task :react-native-enriched-html:preBuild UP-TO-DATE
> Task :react-native-executorch:generateCodegenSchemaFromJavaScript UP-TO-DATE
> Task :react-native-executorch:generateCodegenArtifactsFromSchema UP-TO-DATE
> Task :react-native-executorch:preBuild UP-TO-DATE
> Task :react-native-gesture-handler:generateCodegenSchemaFromJavaScript UP-TO-DATE
> Task :react-native-gesture-handler:generateCodegenArtifactsFromSchema UP-TO-DATE
> Task :react-native-gesture-handler:preBuild UP-TO-DATE
> Task :react-native-keyboard-controller:generateCodegenSchemaFromJavaScript UP-TO-DATE
> Task :react-native-keyboard-controller:generateCodegenArtifactsFromSchema UP-TO-DATE
> Task :react-native-keyboard-controller:preBuild UP-TO-DATE
> Task :react-native-masked-view_masked-view:preBuild UP-TO-DATE
> Task :react-native-mmkv:generateCodegenSchemaFromJavaScript UP-TO-DATE
> Task :react-native-mmkv:generateCodegenArtifactsFromSchema UP-TO-DATE
> Task :react-native-mmkv:preBuild UP-TO-DATE
> Task :react-native-nitro-fetch:preBuild UP-TO-DATE
> Task :react-native-nitro-image:generateCodegenSchemaFromJavaScript UP-TO-DATE
> Task :react-native-nitro-image:generateCodegenArtifactsFromSchema UP-TO-DATE
> Task :react-native-nitro-image:prepareHeaders UP-TO-DATE
> Task :react-native-nitro-image:preBuild UP-TO-DATE
> Task :react-native-nitro-modules:generateCodegenSchemaFromJavaScript UP-TO-DATE
> Task :react-native-nitro-modules:generateCodegenArtifactsFromSchema UP-TO-DATE
> Task :react-native-nitro-modules:prepareHeaders UP-TO-DATE
> Task :react-native-nitro-modules:preBuild UP-TO-DATE
> Task :react-native-pulsar:generateCodegenSchemaFromJavaScript UP-TO-DATE
> Task :react-native-pulsar:generateCodegenArtifactsFromSchema UP-TO-DATE
> Task :react-native-pulsar:preBuild UP-TO-DATE
> Task :react-native-reanimated:assertMinimalReactNativeVersionTask
> Task :react-native-reanimated:assertWorkletsVersionTask
> Task :react-native-reanimated:generateCodegenSchemaFromJavaScript UP-TO-DATE
> Task :react-native-reanimated:generateCodegenArtifactsFromSchema UP-TO-DATE
> Task :react-native-reanimated:prepareReanimatedHeadersForPrefabs UP-TO-DATE
> Task :react-native-reanimated:preBuild
> Task :react-native-safe-area-context:generateCodegenSchemaFromJavaScript UP-TO-DATE
> Task :react-native-safe-area-context:generateCodegenArtifactsFromSchema UP-TO-DATE
> Task :react-native-safe-area-context:preBuild UP-TO-DATE
> Task :react-native-screens:generateCodegenSchemaFromJavaScript UP-TO-DATE
> Task :react-native-screens:generateCodegenArtifactsFromSchema UP-TO-DATE
> Task :react-native-screens:preBuild UP-TO-DATE
> Task :react-native-svg:generateCodegenSchemaFromJavaScript UP-TO-DATE
> Task :react-native-svg:generateCodegenArtifactsFromSchema UP-TO-DATE
> Task :react-native-svg:preBuild UP-TO-DATE
> Task :react-native-vision-camera:generateCodegenSchemaFromJavaScript UP-TO-DATE
> Task :react-native-vision-camera:generateCodegenArtifactsFromSchema UP-TO-DATE
> Task :react-native-vision-camera:prepareHeaders UP-TO-DATE
> Task :react-native-vision-camera:preBuild UP-TO-DATE
> Task :react-native-webgpu:generateCodegenSchemaFromJavaScript UP-TO-DATE
> Task :react-native-webgpu:generateCodegenArtifactsFromSchema UP-TO-DATE
> Task :react-native-webgpu:preBuild UP-TO-DATE
> Task :react-native-webview:generateCodegenSchemaFromJavaScript UP-TO-DATE
> Task :react-native-webview:generateCodegenArtifactsFromSchema UP-TO-DATE
> Task :react-native-webview:preBuild UP-TO-DATE
> Task :react-native-worklets:assertMinimalReactNativeVersionTask
> Task :react-native-worklets:generateCodegenSchemaFromJavaScript UP-TO-DATE
> Task :react-native-worklets:generateCodegenArtifactsFromSchema UP-TO-DATE
> Task :react-native-worklets:prepareWorkletsHeadersForPrefabs UP-TO-DATE
> Task :react-native-worklets:preBuild
> Task :react_viro:preBuild UP-TO-DATE
> Task :sentry-react-native-expo:preBuild UP-TO-DATE
> Task :sentry_react-native:generateCodegenSchemaFromJavaScript UP-TO-DATE
> Task :sentry_react-native:generateCodegenArtifactsFromSchema UP-TO-DATE
> Task :sentry_react-native:preBuild UP-TO-DATE
> Task :shopify_react-native-skia:generateCodegenSchemaFromJavaScript UP-TO-DATE
> Task :shopify_react-native-skia:generateCodegenArtifactsFromSchema UP-TO-DATE
> Task :shopify_react-native-skia:prepareHeaders UP-TO-DATE
> Task :shopify_react-native-skia:preBuild UP-TO-DATE
> Task :unimodules-app-loader:preBuild UP-TO-DATE
> Task :viro_renderer:preBuild UP-TO-DATE
> Task :app:preBuild
> Task :app:preQuestDebugBuild
> Task :app:mergeQuestDebugNativeDebugMetadata NO-SOURCE
> Task :app:checkKotlinGradlePluginConfigurationErrors SKIPPED
> Task :app:generateQuestDebugBuildConfig UP-TO-DATE
> Task :app:generateQuestDebugResValues UP-TO-DATE
> Task :app:generateQuestDebugResources UP-TO-DATE
> Task :app:packageQuestDebugResources UP-TO-DATE
> Task :board-texture:preDebugBuild UP-TO-DATE
> Task :board-texture:processDebugNavigationResources UP-TO-DATE
> Task :expo:preQuestDebugBuild
> Task :expo:processQuestDebugNavigationResources UP-TO-DATE
> Task :expo-asset:preDebugBuild UP-TO-DATE
> Task :expo-asset:processDebugNavigationResources UP-TO-DATE
> Task :expo-background-task:preDebugBuild UP-TO-DATE
> Task :expo-background-task:processDebugNavigationResources UP-TO-DATE
> Task :expo-constants:preDebugBuild
> Task :expo-constants:processDebugNavigationResources UP-TO-DATE
> Task :expo-document-picker:preDebugBuild UP-TO-DATE
> Task :expo-document-picker:processDebugNavigationResources UP-TO-DATE
> Task :expo-dom-webview:preDebugBuild UP-TO-DATE
> Task :expo-dom-webview:processDebugNavigationResources UP-TO-DATE
> Task :expo-drag-drop-content-view:preDebugBuild UP-TO-DATE
> Task :expo-drag-drop-content-view:processDebugNavigationResources UP-TO-DATE
> Task :expo-eas-client:preDebugBuild UP-TO-DATE
> Task :expo-eas-client:processDebugNavigationResources UP-TO-DATE
> Task :expo-file-system:preDebugBuild UP-TO-DATE
> Task :expo-file-system:processDebugNavigationResources UP-TO-DATE
> Task :expo-font:preDebugBuild UP-TO-DATE
> Task :expo-font:processDebugNavigationResources UP-TO-DATE
> Task :expo-horizon-core:preQuestDebugBuild UP-TO-DATE
> Task :expo-horizon-core:processQuestDebugNavigationResources UP-TO-DATE
> Task :expo-image:preDebugBuild UP-TO-DATE
> Task :expo-image:processDebugNavigationResources UP-TO-DATE
> Task :expo-image-loader:preDebugBuild UP-TO-DATE
> Task :expo-image-loader:processDebugNavigationResources UP-TO-DATE
> Task :expo-image-manipulator:preDebugBuild UP-TO-DATE
> Task :expo-image-manipulator:processDebugNavigationResources UP-TO-DATE
> Task :expo-image-picker:preDebugBuild UP-TO-DATE
> Task :expo-image-picker:processDebugNavigationResources UP-TO-DATE
> Task :expo-json-utils:preDebugBuild UP-TO-DATE
> Task :expo-json-utils:processDebugNavigationResources UP-TO-DATE
> Task :expo-keep-awake:preDebugBuild UP-TO-DATE
> Task :expo-keep-awake:processDebugNavigationResources UP-TO-DATE
> Task :expo-linking:preDebugBuild UP-TO-DATE
> Task :expo-linking:processDebugNavigationResources UP-TO-DATE
> Task :expo-log-box:preDebugBuild UP-TO-DATE
> Task :expo-log-box:processDebugNavigationResources UP-TO-DATE
> Task :expo-manifests:preDebugBuild UP-TO-DATE
> Task :expo-manifests:processDebugNavigationResources UP-TO-DATE
> Task :expo-modules-core:preDebugBuild UP-TO-DATE
> Task :expo-modules-core:processDebugNavigationResources UP-TO-DATE
> Task :expo-paste-input:preDebugBuild UP-TO-DATE
> Task :expo-paste-input:processDebugNavigationResources UP-TO-DATE
> Task :expo-pico-core:preMobileDebugBuild UP-TO-DATE
> Task :expo-pico-core:processMobileDebugNavigationResources UP-TO-DATE
> Task :expo-router:preDebugBuild UP-TO-DATE
> Task :expo-router:processDebugNavigationResources UP-TO-DATE
> Task :expo-screen-capture:preDebugBuild UP-TO-DATE
> Task :expo-screen-capture:processDebugNavigationResources UP-TO-DATE
> Task :expo-secure-store:preDebugBuild UP-TO-DATE
> Task :expo-secure-store:processDebugNavigationResources UP-TO-DATE
> Task :expo-splash-screen:preDebugBuild UP-TO-DATE
> Task :expo-splash-screen:processDebugNavigationResources UP-TO-DATE
> Task :expo-status-bar:preDebugBuild UP-TO-DATE
> Task :expo-status-bar:processDebugNavigationResources UP-TO-DATE
> Task :expo-structured-headers:preDebugBuild UP-TO-DATE
> Task :expo-structured-headers:processDebugNavigationResources UP-TO-DATE
> Task :expo-system-ui:preDebugBuild UP-TO-DATE
> Task :expo-system-ui:processDebugNavigationResources UP-TO-DATE
> Task :expo-task-manager:preDebugBuild UP-TO-DATE
> Task :expo-task-manager:processDebugNavigationResources UP-TO-DATE
> Task :expo-ui:preDebugBuild UP-TO-DATE
> Task :expo-ui:processDebugNavigationResources UP-TO-DATE
> Task :expo-updates:preDebugBuild UP-TO-DATE
> Task :expo-updates:processDebugNavigationResources UP-TO-DATE
> Task :expo-updates-interface:preDebugBuild UP-TO-DATE
> Task :expo-updates-interface:processDebugNavigationResources UP-TO-DATE
> Task :nandorojo-galeria:preDebugBuild UP-TO-DATE
> Task :nandorojo-galeria:processDebugNavigationResources UP-TO-DATE
> Task :nitro-canvas-in-Vision:preDebugBuild UP-TO-DATE
> Task :nitro-canvas-in-Vision:processDebugNavigationResources UP-TO-DATE
> Task :react-native-audio-api:preDebugBuild
> Task :react-native-audio-api:processDebugNavigationResources UP-TO-DATE
> Task :react-native-enriched-html:preDebugBuild UP-TO-DATE
> Task :react-native-enriched-html:processDebugNavigationResources UP-TO-DATE
> Task :react-native-executorch:preDebugBuild UP-TO-DATE
> Task :react-native-executorch:processDebugNavigationResources UP-TO-DATE
> Task :react-native-gesture-handler:preDebugBuild UP-TO-DATE
> Task :react-native-gesture-handler:processDebugNavigationResources UP-TO-DATE
> Task :react-native-keyboard-controller:preDebugBuild UP-TO-DATE
> Task :react-native-keyboard-controller:processDebugNavigationResources UP-TO-DATE
> Task :react-native-masked-view_masked-view:preDebugBuild UP-TO-DATE
> Task :react-native-masked-view_masked-view:processDebugNavigationResources UP-TO-DATE
> Task :react-native-mmkv:preDebugBuild UP-TO-DATE
> Task :react-native-mmkv:processDebugNavigationResources UP-TO-DATE
> Task :react-native-nitro-fetch:preDebugBuild UP-TO-DATE
> Task :react-native-nitro-fetch:processDebugNavigationResources UP-TO-DATE
> Task :react-native-nitro-image:preDebugBuild UP-TO-DATE
> Task :react-native-nitro-image:processDebugNavigationResources UP-TO-DATE
> Task :react-native-nitro-modules:preDebugBuild UP-TO-DATE
> Task :react-native-nitro-modules:processDebugNavigationResources UP-TO-DATE
> Task :react-native-pulsar:preDebugBuild UP-TO-DATE
> Task :react-native-pulsar:processDebugNavigationResources UP-TO-DATE
> Task :react-native-reanimated:preDebugBuild
> Task :react-native-reanimated:processDebugNavigationResources UP-TO-DATE
> Task :react-native-safe-area-context:preDebugBuild UP-TO-DATE
> Task :react-native-safe-area-context:processDebugNavigationResources UP-TO-DATE
> Task :react-native-screens:preDebugBuild UP-TO-DATE
> Task :react-native-screens:processDebugNavigationResources UP-TO-DATE
> Task :react-native-svg:preDebugBuild UP-TO-DATE
> Task :react-native-svg:processDebugNavigationResources UP-TO-DATE
> Task :react-native-vision-camera:preDebugBuild UP-TO-DATE
> Task :react-native-vision-camera:processDebugNavigationResources UP-TO-DATE
> Task :react-native-webgpu:preDebugBuild UP-TO-DATE
> Task :react-native-webgpu:processDebugNavigationResources UP-TO-DATE
> Task :react-native-webview:preDebugBuild UP-TO-DATE
> Task :react-native-webview:processDebugNavigationResources UP-TO-DATE
> Task :react-native-worklets:preDebugBuild
> Task :react-native-worklets:processDebugNavigationResources UP-TO-DATE
> Task :react_viro:preQuestDebugBuild UP-TO-DATE
> Task :react_viro:processQuestDebugNavigationResources
> Task :sentry-react-native-expo:preDebugBuild UP-TO-DATE
> Task :sentry-react-native-expo:processDebugNavigationResources UP-TO-DATE
> Task :sentry_react-native:preDebugBuild UP-TO-DATE
> Task :sentry_react-native:processDebugNavigationResources UP-TO-DATE
> Task :shopify_react-native-skia:preDebugBuild UP-TO-DATE
> Task :shopify_react-native-skia:processDebugNavigationResources UP-TO-DATE
> Task :unimodules-app-loader:preDebugBuild UP-TO-DATE
> Task :unimodules-app-loader:processDebugNavigationResources UP-TO-DATE
> Task :viro_renderer:preQuestDebugBuild UP-TO-DATE
> Task :viro_renderer:processQuestDebugNavigationResources
> Task :app:processQuestDebugNavigationResources UP-TO-DATE
> Task :app:parseQuestDebugLocalResources UP-TO-DATE
> Task :app:generateQuestDebugRFile UP-TO-DATE
> Task :board-texture:checkKotlinGradlePluginConfigurationErrors SKIPPED
> Task :board-texture:generateDebugResources UP-TO-DATE
> Task :board-texture:packageDebugResources UP-TO-DATE
> Task :board-texture:parseDebugLocalResources UP-TO-DATE
> Task :board-texture:generateDebugRFile UP-TO-DATE
> Task :expo-modules-core:checkKotlinGradlePluginConfigurationErrors SKIPPED
> Task :expo-modules-core:generateDebugBuildConfig UP-TO-DATE
> Task :expo-modules-core:generateDebugResources UP-TO-DATE
> Task :expo-modules-core:packageDebugResources UP-TO-DATE
> Task :expo-modules-core:parseDebugLocalResources UP-TO-DATE
> Task :expo-modules-core:generateDebugRFile UP-TO-DATE
> Task :react-native-worklets:checkKotlinGradlePluginConfigurationErrors SKIPPED
> Task :react-native-worklets:generateDebugBuildConfig UP-TO-DATE
> Task :react-native-worklets:generateDebugResources UP-TO-DATE
> Task :react-native-worklets:packageDebugResources UP-TO-DATE
> Task :react-native-worklets:parseDebugLocalResources UP-TO-DATE
> Task :react-native-worklets:generateDebugRFile UP-TO-DATE
> Task :react-native-worklets:compileDebugKotlin UP-TO-DATE
> Task :react-native-worklets:javaPreCompileDebug UP-TO-DATE
> Task :react-native-worklets:compileDebugJavaWithJavac UP-TO-DATE
> Task :react-native-worklets:bundleLibCompileToJarDebug UP-TO-DATE
> Task :expo-modules-core:compileDebugKotlin UP-TO-DATE
> Task :expo-modules-core:javaPreCompileDebug UP-TO-DATE
> Task :expo-modules-core:compileDebugJavaWithJavac UP-TO-DATE
> Task :expo-modules-core:bundleLibCompileToJarDebug UP-TO-DATE
> Task :react_viro:prePicoDebugBuild UP-TO-DATE
> Task :react_viro:generatePicoDebugResources
> Task :react_viro:packagePicoDebugResources
> Task :react_viro:processPicoDebugNavigationResources
> Task :react_viro:javaPreCompilePicoDebug
> Task :viro_renderer:prePicoDebugBuild UP-TO-DATE
> Task :react_viro:parsePicoDebugLocalResources
> Task :viro_renderer:generatePicoDebugResources
> Task :react_viro:generatePicoDebugRFile
> Task :viro_renderer:packagePicoDebugResources
> Task :react_viro:compilePicoDebugJavaWithJavac NO-SOURCE
> Task :viro_renderer:processPicoDebugNavigationResources
> Task :react_viro:bundleLibCompileToJarPicoDebug
> Task :viro_renderer:javaPreCompilePicoDebug
> Task :board-texture:javaPreCompileDebug UP-TO-DATE
> Task :expo:checkKotlinGradlePluginConfigurationErrors SKIPPED
> Task :expo:generateQuestDebugResources UP-TO-DATE
> Task :viro_renderer:parsePicoDebugLocalResources
> Task :expo:packageQuestDebugResources UP-TO-DATE
> Task :expo:parseQuestDebugLocalResources UP-TO-DATE
> Task :expo:generateQuestDebugRFile UP-TO-DATE
> Task :expo-asset:checkKotlinGradlePluginConfigurationErrors SKIPPED
> Task :expo-asset:generateDebugResources UP-TO-DATE
> Task :expo-asset:packageDebugResources UP-TO-DATE
> Task :viro_renderer:generatePicoDebugRFile
> Task :viro_renderer:compilePicoDebugJavaWithJavac NO-SOURCE
> Task :expo-asset:parseDebugLocalResources UP-TO-DATE
> Task :viro_renderer:bundleLibCompileToJarPicoDebug
> Task :expo-asset:generateDebugRFile UP-TO-DATE
> Task :board-texture:compileDebugKotlin UP-TO-DATE
> Task :board-texture:compileDebugJavaWithJavac NO-SOURCE
> Task :board-texture:bundleLibCompileToJarDebug UP-TO-DATE
> Task :expo-asset:compileDebugKotlin UP-TO-DATE
> Task :expo-asset:javaPreCompileDebug UP-TO-DATE
> Task :expo-asset:compileDebugJavaWithJavac NO-SOURCE
> Task :expo-asset:bundleLibCompileToJarDebug UP-TO-DATE
> Task :expo-background-task:checkKotlinGradlePluginConfigurationErrors SKIPPED
> Task :expo-background-task:generateDebugResources UP-TO-DATE
> Task :expo-background-task:packageDebugResources UP-TO-DATE
> Task :expo-background-task:parseDebugLocalResources UP-TO-DATE
> Task :expo-background-task:generateDebugRFile UP-TO-DATE
> Task :expo-background-task:compileDebugKotlin UP-TO-DATE
> Task :expo-background-task:javaPreCompileDebug UP-TO-DATE
> Task :expo-background-task:compileDebugJavaWithJavac NO-SOURCE
> Task :expo-background-task:bundleLibCompileToJarDebug UP-TO-DATE
> Task :expo-constants:checkKotlinGradlePluginConfigurationErrors SKIPPED
> Task :expo-constants:generateDebugResources UP-TO-DATE
> Task :expo-constants:packageDebugResources UP-TO-DATE
> Task :expo-constants:parseDebugLocalResources UP-TO-DATE
> Task :expo-constants:generateDebugRFile UP-TO-DATE
> Task :expo-constants:compileDebugKotlin UP-TO-DATE
> Task :expo-constants:javaPreCompileDebug UP-TO-DATE
> Task :expo-constants:compileDebugJavaWithJavac NO-SOURCE
> Task :expo-constants:bundleLibCompileToJarDebug UP-TO-DATE
> Task :expo-document-picker:checkKotlinGradlePluginConfigurationErrors SKIPPED
> Task :expo-document-picker:generateDebugResources UP-TO-DATE
> Task :expo-document-picker:packageDebugResources UP-TO-DATE
> Task :expo-document-picker:parseDebugLocalResources UP-TO-DATE
> Task :expo-document-picker:generateDebugRFile UP-TO-DATE
> Task :expo-document-picker:compileDebugKotlin UP-TO-DATE
> Task :expo-document-picker:javaPreCompileDebug UP-TO-DATE
> Task :expo-document-picker:compileDebugJavaWithJavac NO-SOURCE
> Task :expo-document-picker:bundleLibCompileToJarDebug UP-TO-DATE
> Task :expo-dom-webview:checkKotlinGradlePluginConfigurationErrors SKIPPED
> Task :expo-dom-webview:generateDebugResources UP-TO-DATE
> Task :expo-dom-webview:packageDebugResources UP-TO-DATE
> Task :expo-dom-webview:parseDebugLocalResources UP-TO-DATE
> Task :expo-dom-webview:generateDebugRFile UP-TO-DATE
> Task :expo-dom-webview:compileDebugKotlin UP-TO-DATE
> Task :expo-dom-webview:javaPreCompileDebug UP-TO-DATE
> Task :expo-dom-webview:compileDebugJavaWithJavac NO-SOURCE
> Task :expo-dom-webview:bundleLibCompileToJarDebug UP-TO-DATE
> Task :expo-drag-drop-content-view:checkKotlinGradlePluginConfigurationErrors SKIPPED
> Task :expo-drag-drop-content-view:generateDebugResources UP-TO-DATE
> Task :expo-drag-drop-content-view:packageDebugResources UP-TO-DATE
> Task :expo-drag-drop-content-view:parseDebugLocalResources UP-TO-DATE
> Task :expo-drag-drop-content-view:generateDebugRFile UP-TO-DATE
> Task :expo-drag-drop-content-view:compileDebugKotlin UP-TO-DATE
> Task :expo-drag-drop-content-view:javaPreCompileDebug UP-TO-DATE
> Task :expo-drag-drop-content-view:compileDebugJavaWithJavac NO-SOURCE
> Task :expo-drag-drop-content-view:bundleLibCompileToJarDebug UP-TO-DATE
> Task :expo-eas-client:checkKotlinGradlePluginConfigurationErrors SKIPPED
> Task :expo-eas-client:generateDebugResources UP-TO-DATE
> Task :expo-eas-client:packageDebugResources UP-TO-DATE
> Task :expo-eas-client:parseDebugLocalResources UP-TO-DATE
> Task :expo-eas-client:generateDebugRFile UP-TO-DATE
> Task :expo-eas-client:compileDebugKotlin UP-TO-DATE
> Task :expo-eas-client:javaPreCompileDebug UP-TO-DATE
> Task :expo-eas-client:compileDebugJavaWithJavac NO-SOURCE
> Task :expo-eas-client:bundleLibCompileToJarDebug UP-TO-DATE
> Task :expo-file-system:checkKotlinGradlePluginConfigurationErrors SKIPPED
> Task :expo-file-system:generateDebugResources UP-TO-DATE
> Task :expo-file-system:packageDebugResources UP-TO-DATE
> Task :expo-file-system:parseDebugLocalResources UP-TO-DATE
> Task :expo-file-system:generateDebugRFile UP-TO-DATE
> Task :expo-file-system:compileDebugKotlin UP-TO-DATE
> Task :expo-file-system:javaPreCompileDebug UP-TO-DATE
> Task :expo-file-system:compileDebugJavaWithJavac NO-SOURCE
> Task :expo-file-system:bundleLibCompileToJarDebug UP-TO-DATE
> Task :expo-font:checkKotlinGradlePluginConfigurationErrors SKIPPED
> Task :expo-font:generateDebugResources UP-TO-DATE
> Task :expo-font:packageDebugResources UP-TO-DATE
> Task :expo-font:parseDebugLocalResources UP-TO-DATE
> Task :expo-font:generateDebugRFile UP-TO-DATE
> Task :expo-font:compileDebugKotlin UP-TO-DATE
> Task :expo-font:javaPreCompileDebug UP-TO-DATE
> Task :expo-font:compileDebugJavaWithJavac NO-SOURCE
> Task :expo-font:bundleLibCompileToJarDebug UP-TO-DATE
> Task :expo-horizon-core:checkKotlinGradlePluginConfigurationErrors SKIPPED
> Task :expo-horizon-core:generateQuestDebugBuildConfig UP-TO-DATE
> Task :expo-horizon-core:generateQuestDebugResources UP-TO-DATE
> Task :expo-horizon-core:packageQuestDebugResources UP-TO-DATE
> Task :expo-horizon-core:parseQuestDebugLocalResources UP-TO-DATE
> Task :expo-horizon-core:generateQuestDebugRFile UP-TO-DATE
> Task :expo-horizon-core:compileQuestDebugKotlin UP-TO-DATE
> Task :expo-horizon-core:javaPreCompileQuestDebug UP-TO-DATE
> Task :expo-horizon-core:compileQuestDebugJavaWithJavac UP-TO-DATE
> Task :expo-horizon-core:bundleLibCompileToJarQuestDebug UP-TO-DATE
> Task :expo-image:checkKotlinGradlePluginConfigurationErrors SKIPPED
> Task :expo-image:generateDebugBuildConfig UP-TO-DATE
> Task :expo-image:generateDebugResources UP-TO-DATE
> Task :expo-image:packageDebugResources UP-TO-DATE
> Task :expo-image:parseDebugLocalResources UP-TO-DATE
> Task :expo-image:generateDebugRFile UP-TO-DATE
> Task :expo-image:kspDebugKotlin UP-TO-DATE
> Task :expo-image:compileDebugKotlin UP-TO-DATE
> Task :expo-image:javaPreCompileDebug UP-TO-DATE
> Task :expo-image:compileDebugJavaWithJavac UP-TO-DATE
> Task :expo-image:bundleLibCompileToJarDebug UP-TO-DATE
> Task :expo-image-loader:checkKotlinGradlePluginConfigurationErrors SKIPPED
> Task :expo-image-loader:generateDebugResources UP-TO-DATE
> Task :expo-image-loader:packageDebugResources UP-TO-DATE
> Task :expo-image-loader:parseDebugLocalResources UP-TO-DATE
> Task :expo-image-loader:generateDebugRFile UP-TO-DATE
> Task :expo-image-loader:compileDebugKotlin UP-TO-DATE
> Task :expo-image-loader:javaPreCompileDebug UP-TO-DATE
> Task :expo-image-loader:compileDebugJavaWithJavac UP-TO-DATE
> Task :expo-image-loader:bundleLibCompileToJarDebug UP-TO-DATE
> Task :expo-image-manipulator:checkKotlinGradlePluginConfigurationErrors SKIPPED
> Task :expo-image-manipulator:generateDebugResources UP-TO-DATE
> Task :expo-image-manipulator:packageDebugResources UP-TO-DATE
> Task :expo-image-manipulator:parseDebugLocalResources UP-TO-DATE
> Task :expo-image-manipulator:generateDebugRFile UP-TO-DATE
> Task :expo-image-manipulator:compileDebugKotlin UP-TO-DATE
> Task :expo-image-manipulator:javaPreCompileDebug UP-TO-DATE
> Task :expo-image-manipulator:compileDebugJavaWithJavac NO-SOURCE
> Task :expo-image-manipulator:bundleLibCompileToJarDebug UP-TO-DATE
> Task :expo-image-picker:checkKotlinGradlePluginConfigurationErrors SKIPPED
> Task :expo-image-picker:generateDebugResources UP-TO-DATE
> Task :expo-image-picker:packageDebugResources UP-TO-DATE
> Task :expo-image-picker:parseDebugLocalResources UP-TO-DATE
> Task :expo-image-picker:generateDebugRFile UP-TO-DATE
> Task :expo-image-picker:compileDebugKotlin UP-TO-DATE
> Task :expo-image-picker:javaPreCompileDebug UP-TO-DATE
> Task :expo-image-picker:compileDebugJavaWithJavac NO-SOURCE
> Task :expo-image-picker:bundleLibCompileToJarDebug UP-TO-DATE
> Task :expo-json-utils:checkKotlinGradlePluginConfigurationErrors SKIPPED
> Task :expo-json-utils:generateDebugResources UP-TO-DATE
> Task :expo-json-utils:packageDebugResources UP-TO-DATE
> Task :expo-json-utils:parseDebugLocalResources UP-TO-DATE
> Task :expo-json-utils:generateDebugRFile UP-TO-DATE
> Task :expo-json-utils:compileDebugKotlin UP-TO-DATE
> Task :expo-json-utils:javaPreCompileDebug UP-TO-DATE
> Task :expo-json-utils:compileDebugJavaWithJavac NO-SOURCE
> Task :expo-json-utils:bundleLibCompileToJarDebug UP-TO-DATE
> Task :expo-keep-awake:checkKotlinGradlePluginConfigurationErrors SKIPPED
> Task :expo-keep-awake:generateDebugResources UP-TO-DATE
> Task :expo-keep-awake:packageDebugResources UP-TO-DATE
> Task :expo-keep-awake:parseDebugLocalResources UP-TO-DATE
> Task :expo-keep-awake:generateDebugRFile UP-TO-DATE
> Task :expo-keep-awake:compileDebugKotlin UP-TO-DATE
> Task :expo-keep-awake:javaPreCompileDebug UP-TO-DATE
> Task :expo-keep-awake:compileDebugJavaWithJavac NO-SOURCE
> Task :expo-keep-awake:bundleLibCompileToJarDebug UP-TO-DATE
> Task :expo-linking:checkKotlinGradlePluginConfigurationErrors SKIPPED
> Task :expo-linking:generateDebugResources UP-TO-DATE
> Task :expo-linking:packageDebugResources UP-TO-DATE
> Task :expo-linking:parseDebugLocalResources UP-TO-DATE
> Task :expo-linking:generateDebugRFile UP-TO-DATE
> Task :expo-linking:compileDebugKotlin UP-TO-DATE
> Task :expo-linking:javaPreCompileDebug UP-TO-DATE
> Task :expo-linking:compileDebugJavaWithJavac NO-SOURCE
> Task :expo-linking:bundleLibCompileToJarDebug UP-TO-DATE
> Task :expo-log-box:checkKotlinGradlePluginConfigurationErrors SKIPPED
> Task :expo-log-box:generateDebugBuildConfig UP-TO-DATE
> Task :expo-log-box:generateDebugResources UP-TO-DATE
> Task :expo-log-box:packageDebugResources UP-TO-DATE
> Task :expo-log-box:parseDebugLocalResources UP-TO-DATE
> Task :expo-log-box:generateDebugRFile UP-TO-DATE
> Task :expo-log-box:compileDebugKotlin UP-TO-DATE
> Task :expo-log-box:javaPreCompileDebug UP-TO-DATE
> Task :expo-log-box:compileDebugJavaWithJavac UP-TO-DATE
> Task :expo-log-box:bundleLibCompileToJarDebug UP-TO-DATE
> Task :expo-manifests:checkKotlinGradlePluginConfigurationErrors SKIPPED
> Task :expo-manifests:generateDebugResources UP-TO-DATE
> Task :expo-manifests:packageDebugResources UP-TO-DATE
> Task :expo-manifests:parseDebugLocalResources UP-TO-DATE
> Task :expo-manifests:generateDebugRFile UP-TO-DATE
> Task :expo-manifests:compileDebugKotlin UP-TO-DATE
> Task :expo-manifests:javaPreCompileDebug UP-TO-DATE
> Task :expo-manifests:compileDebugJavaWithJavac NO-SOURCE
> Task :expo-manifests:bundleLibCompileToJarDebug UP-TO-DATE
> Task :expo-paste-input:checkKotlinGradlePluginConfigurationErrors SKIPPED
> Task :expo-paste-input:generateDebugResources UP-TO-DATE
> Task :expo-paste-input:packageDebugResources UP-TO-DATE
> Task :expo-paste-input:parseDebugLocalResources UP-TO-DATE
> Task :expo-paste-input:generateDebugRFile UP-TO-DATE
> Task :expo-paste-input:compileDebugKotlin UP-TO-DATE
> Task :expo-paste-input:javaPreCompileDebug UP-TO-DATE
> Task :expo-paste-input:compileDebugJavaWithJavac NO-SOURCE
> Task :expo-paste-input:bundleLibCompileToJarDebug UP-TO-DATE
> Task :expo-router:checkKotlinGradlePluginConfigurationErrors SKIPPED
> Task :expo-router:generateDebugResources UP-TO-DATE
> Task :expo-router:packageDebugResources UP-TO-DATE
> Task :expo-router:parseDebugLocalResources UP-TO-DATE
> Task :expo-router:generateDebugRFile UP-TO-DATE
> Task :expo-router:compileDebugKotlin UP-TO-DATE
> Task :expo-router:javaPreCompileDebug UP-TO-DATE
> Task :expo-router:compileDebugJavaWithJavac NO-SOURCE
> Task :expo-router:bundleLibCompileToJarDebug UP-TO-DATE
> Task :expo-screen-capture:checkKotlinGradlePluginConfigurationErrors SKIPPED
> Task :expo-screen-capture:generateDebugResources UP-TO-DATE
> Task :expo-screen-capture:packageDebugResources UP-TO-DATE
> Task :expo-screen-capture:parseDebugLocalResources UP-TO-DATE
> Task :expo-screen-capture:generateDebugRFile UP-TO-DATE
> Task :expo-screen-capture:compileDebugKotlin UP-TO-DATE
> Task :expo-screen-capture:javaPreCompileDebug UP-TO-DATE
> Task :expo-screen-capture:compileDebugJavaWithJavac NO-SOURCE
> Task :expo-screen-capture:bundleLibCompileToJarDebug UP-TO-DATE
> Task :expo-secure-store:checkKotlinGradlePluginConfigurationErrors SKIPPED
> Task :expo-secure-store:generateDebugResources UP-TO-DATE
> Task :expo-secure-store:packageDebugResources UP-TO-DATE
> Task :expo-secure-store:parseDebugLocalResources UP-TO-DATE
> Task :expo-secure-store:generateDebugRFile UP-TO-DATE
> Task :expo-secure-store:compileDebugKotlin UP-TO-DATE
> Task :expo-secure-store:javaPreCompileDebug UP-TO-DATE
> Task :expo-secure-store:compileDebugJavaWithJavac NO-SOURCE
> Task :expo-secure-store:bundleLibCompileToJarDebug UP-TO-DATE
> Task :expo-splash-screen:checkKotlinGradlePluginConfigurationErrors SKIPPED
> Task :expo-splash-screen:generateDebugResources UP-TO-DATE
> Task :expo-splash-screen:packageDebugResources UP-TO-DATE
> Task :expo-splash-screen:parseDebugLocalResources UP-TO-DATE
> Task :expo-splash-screen:generateDebugRFile UP-TO-DATE
> Task :expo-splash-screen:compileDebugKotlin UP-TO-DATE
> Task :expo-splash-screen:javaPreCompileDebug UP-TO-DATE
> Task :expo-splash-screen:compileDebugJavaWithJavac NO-SOURCE
> Task :expo-splash-screen:bundleLibCompileToJarDebug UP-TO-DATE
> Task :expo-status-bar:checkKotlinGradlePluginConfigurationErrors SKIPPED
> Task :expo-status-bar:generateDebugResources UP-TO-DATE
> Task :expo-status-bar:packageDebugResources UP-TO-DATE
> Task :expo-status-bar:parseDebugLocalResources UP-TO-DATE
> Task :expo-status-bar:generateDebugRFile UP-TO-DATE
> Task :expo-status-bar:compileDebugKotlin UP-TO-DATE
> Task :expo-status-bar:javaPreCompileDebug UP-TO-DATE
> Task :expo-status-bar:compileDebugJavaWithJavac NO-SOURCE
> Task :expo-status-bar:bundleLibCompileToJarDebug UP-TO-DATE
> Task :expo-structured-headers:checkKotlinGradlePluginConfigurationErrors SKIPPED
> Task :expo-structured-headers:generateDebugResources UP-TO-DATE
> Task :expo-structured-headers:packageDebugResources UP-TO-DATE
> Task :expo-structured-headers:parseDebugLocalResources UP-TO-DATE
> Task :expo-structured-headers:generateDebugRFile UP-TO-DATE
> Task :expo-structured-headers:compileDebugKotlin NO-SOURCE
> Task :expo-structured-headers:javaPreCompileDebug UP-TO-DATE
> Task :expo-structured-headers:compileDebugJavaWithJavac UP-TO-DATE
> Task :expo-structured-headers:bundleLibCompileToJarDebug UP-TO-DATE
> Task :expo-system-ui:checkKotlinGradlePluginConfigurationErrors SKIPPED
> Task :expo-system-ui:generateDebugResources UP-TO-DATE
> Task :expo-system-ui:packageDebugResources UP-TO-DATE
> Task :expo-system-ui:parseDebugLocalResources UP-TO-DATE
> Task :expo-system-ui:generateDebugRFile UP-TO-DATE
> Task :expo-system-ui:compileDebugKotlin UP-TO-DATE
> Task :expo-system-ui:javaPreCompileDebug UP-TO-DATE
> Task :expo-system-ui:compileDebugJavaWithJavac NO-SOURCE
> Task :expo-system-ui:bundleLibCompileToJarDebug UP-TO-DATE
> Task :expo-task-manager:checkKotlinGradlePluginConfigurationErrors SKIPPED
> Task :expo-task-manager:generateDebugResources UP-TO-DATE
> Task :expo-task-manager:packageDebugResources UP-TO-DATE
> Task :expo-task-manager:parseDebugLocalResources UP-TO-DATE
> Task :expo-task-manager:generateDebugRFile UP-TO-DATE
> Task :unimodules-app-loader:checkKotlinGradlePluginConfigurationErrors SKIPPED
> Task :unimodules-app-loader:generateDebugResources UP-TO-DATE
> Task :unimodules-app-loader:packageDebugResources UP-TO-DATE
> Task :unimodules-app-loader:parseDebugLocalResources UP-TO-DATE
> Task :unimodules-app-loader:generateDebugRFile UP-TO-DATE
> Task :unimodules-app-loader:compileDebugKotlin NO-SOURCE
> Task :unimodules-app-loader:javaPreCompileDebug UP-TO-DATE
> Task :unimodules-app-loader:compileDebugJavaWithJavac NO-SOURCE
> Task :unimodules-app-loader:bundleLibCompileToJarDebug UP-TO-DATE
> Task :expo-task-manager:compileDebugKotlin UP-TO-DATE
> Task :expo-task-manager:javaPreCompileDebug UP-TO-DATE
> Task :expo-task-manager:compileDebugJavaWithJavac UP-TO-DATE
> Task :expo-task-manager:bundleLibCompileToJarDebug UP-TO-DATE
> Task :expo-ui:checkKotlinGradlePluginConfigurationErrors SKIPPED
> Task :expo-ui:generateDebugBuildConfig UP-TO-DATE
> Task :expo-ui:generateDebugResources UP-TO-DATE
> Task :expo-ui:packageDebugResources UP-TO-DATE
> Task :expo-ui:parseDebugLocalResources UP-TO-DATE
> Task :expo-ui:generateDebugRFile UP-TO-DATE
> Task :expo-ui:compileDebugKotlin UP-TO-DATE
> Task :expo-ui:javaPreCompileDebug UP-TO-DATE
> Task :expo-ui:compileDebugJavaWithJavac UP-TO-DATE
> Task :expo-ui:bundleLibCompileToJarDebug UP-TO-DATE
> Task :expo-updates:checkKotlinGradlePluginConfigurationErrors SKIPPED
> Task :expo-updates:generateDebugBuildConfig UP-TO-DATE
> Task :expo-updates:generateDebugResources UP-TO-DATE
> Task :expo-updates:packageDebugResources UP-TO-DATE
> Task :expo-updates:parseDebugLocalResources UP-TO-DATE
> Task :expo-updates:generateDebugRFile UP-TO-DATE
> Task :expo-updates-interface:checkKotlinGradlePluginConfigurationErrors SKIPPED
> Task :expo-updates-interface:generateDebugResources UP-TO-DATE
> Task :expo-updates-interface:packageDebugResources UP-TO-DATE
> Task :expo-updates-interface:parseDebugLocalResources UP-TO-DATE
> Task :expo-updates-interface:generateDebugRFile UP-TO-DATE
> Task :expo-updates-interface:compileDebugKotlin UP-TO-DATE
> Task :expo-updates-interface:javaPreCompileDebug UP-TO-DATE
> Task :expo-updates-interface:compileDebugJavaWithJavac NO-SOURCE
> Task :expo-updates-interface:bundleLibCompileToJarDebug UP-TO-DATE
> Task :expo-updates:kspDebugKotlin UP-TO-DATE
> Task :expo-updates:compileDebugKotlin UP-TO-DATE
> Task :expo-updates:javaPreCompileDebug UP-TO-DATE
> Task :expo-updates:compileDebugJavaWithJavac UP-TO-DATE
> Task :expo-updates:bundleLibCompileToJarDebug UP-TO-DATE
> Task :nandorojo-galeria:checkKotlinGradlePluginConfigurationErrors SKIPPED
> Task :nandorojo-galeria:generateDebugResources UP-TO-DATE
> Task :nandorojo-galeria:packageDebugResources UP-TO-DATE
> Task :nandorojo-galeria:parseDebugLocalResources UP-TO-DATE
> Task :nandorojo-galeria:generateDebugRFile UP-TO-DATE
> Task :nandorojo-galeria:compileDebugKotlin UP-TO-DATE
> Task :nandorojo-galeria:javaPreCompileDebug UP-TO-DATE
> Task :nandorojo-galeria:compileDebugJavaWithJavac NO-SOURCE
> Task :nandorojo-galeria:bundleLibCompileToJarDebug UP-TO-DATE
> Task :sentry-react-native-expo:generateDebugResources UP-TO-DATE
> Task :sentry-react-native-expo:packageDebugResources UP-TO-DATE
> Task :sentry-react-native-expo:parseDebugLocalResources UP-TO-DATE
> Task :sentry-react-native-expo:generateDebugRFile UP-TO-DATE
> Task :sentry-react-native-expo:javaPreCompileDebug UP-TO-DATE
> Task :sentry-react-native-expo:compileDebugJavaWithJavac UP-TO-DATE
> Task :sentry-react-native-expo:bundleLibCompileToJarDebug UP-TO-DATE
> Task :expo:compileQuestDebugKotlin UP-TO-DATE
> Task :expo:javaPreCompileQuestDebug UP-TO-DATE
> Task :expo:compileQuestDebugJavaWithJavac NO-SOURCE
> Task :expo:bundleLibCompileToJarQuestDebug UP-TO-DATE
> Task :expo-pico-core:checkKotlinGradlePluginConfigurationErrors SKIPPED
> Task :expo-pico-core:generateMobileDebugBuildConfig UP-TO-DATE
> Task :expo-pico-core:generateMobileDebugResources UP-TO-DATE
> Task :expo-pico-core:packageMobileDebugResources UP-TO-DATE
> Task :expo-pico-core:parseMobileDebugLocalResources UP-TO-DATE
> Task :expo-pico-core:generateMobileDebugRFile UP-TO-DATE
> Task :react-native-nitro-modules:checkKotlinGradlePluginConfigurationErrors SKIPPED
> Task :react-native-nitro-modules:generateDebugBuildConfig UP-TO-DATE
> Task :react-native-nitro-modules:generateDebugResources UP-TO-DATE
> Task :react-native-nitro-modules:packageDebugResources UP-TO-DATE
> Task :react-native-nitro-modules:parseDebugLocalResources UP-TO-DATE
> Task :react-native-nitro-modules:generateDebugRFile UP-TO-DATE
> Task :react-native-nitro-modules:compileDebugKotlin UP-TO-DATE
> Task :react-native-nitro-modules:javaPreCompileDebug UP-TO-DATE
> Task :react-native-nitro-modules:compileDebugJavaWithJavac UP-TO-DATE
> Task :react-native-nitro-modules:bundleLibCompileToJarDebug UP-TO-DATE
> Task :expo-pico-core:compileMobileDebugKotlin UP-TO-DATE
> Task :expo-pico-core:javaPreCompileMobileDebug UP-TO-DATE
> Task :expo-pico-core:compileMobileDebugJavaWithJavac UP-TO-DATE
> Task :expo-pico-core:bundleLibCompileToJarMobileDebug UP-TO-DATE
> Task :nitro-canvas-in-Vision:checkKotlinGradlePluginConfigurationErrors SKIPPED
> Task :nitro-canvas-in-Vision:generateDebugBuildConfig UP-TO-DATE
> Task :nitro-canvas-in-Vision:generateDebugResources UP-TO-DATE
> Task :nitro-canvas-in-Vision:packageDebugResources UP-TO-DATE
> Task :nitro-canvas-in-Vision:parseDebugLocalResources UP-TO-DATE
> Task :nitro-canvas-in-Vision:generateDebugRFile UP-TO-DATE
> Task :nitro-canvas-in-Vision:compileDebugKotlin UP-TO-DATE
> Task :nitro-canvas-in-Vision:javaPreCompileDebug UP-TO-DATE
> Task :nitro-canvas-in-Vision:compileDebugJavaWithJavac UP-TO-DATE
> Task :nitro-canvas-in-Vision:bundleLibCompileToJarDebug UP-TO-DATE
> Task :react-native-audio-api:checkKotlinGradlePluginConfigurationErrors SKIPPED
> Task :react-native-audio-api:generateDebugBuildConfig UP-TO-DATE
> Task :react-native-audio-api:generateDebugResources UP-TO-DATE
> Task :react-native-audio-api:packageDebugResources UP-TO-DATE
> Task :react-native-audio-api:parseDebugLocalResources UP-TO-DATE
> Task :react-native-audio-api:generateDebugRFile UP-TO-DATE
> Task :react-native-audio-api:compileDebugKotlin UP-TO-DATE
> Task :react-native-audio-api:javaPreCompileDebug UP-TO-DATE
> Task :react-native-audio-api:compileDebugJavaWithJavac UP-TO-DATE
> Task :react-native-audio-api:bundleLibCompileToJarDebug UP-TO-DATE
> Task :react-native-enriched-html:checkKotlinGradlePluginConfigurationErrors SKIPPED
> Task :react-native-enriched-html:generateDebugBuildConfig UP-TO-DATE
> Task :react-native-enriched-html:generateDebugResources UP-TO-DATE
> Task :react-native-enriched-html:packageDebugResources UP-TO-DATE
> Task :react-native-enriched-html:parseDebugLocalResources UP-TO-DATE
> Task :react-native-enriched-html:generateDebugRFile UP-TO-DATE
> Task :react-native-enriched-html:compileDebugKotlin UP-TO-DATE
> Task :react-native-enriched-html:javaPreCompileDebug UP-TO-DATE
> Task :react-native-enriched-html:compileDebugJavaWithJavac UP-TO-DATE
> Task :react-native-enriched-html:bundleLibCompileToJarDebug UP-TO-DATE
> Task :react-native-executorch:checkKotlinGradlePluginConfigurationErrors SKIPPED
> Task :react-native-executorch:generateDebugBuildConfig UP-TO-DATE
> Task :react-native-executorch:generateDebugResources UP-TO-DATE
> Task :react-native-executorch:packageDebugResources UP-TO-DATE
> Task :react-native-executorch:parseDebugLocalResources UP-TO-DATE
> Task :react-native-executorch:generateDebugRFile UP-TO-DATE
> Task :react-native-executorch:compileDebugKotlin UP-TO-DATE
> Task :react-native-executorch:javaPreCompileDebug UP-TO-DATE
> Task :react-native-executorch:compileDebugJavaWithJavac UP-TO-DATE
> Task :react-native-executorch:bundleLibCompileToJarDebug UP-TO-DATE
> Task :react-native-gesture-handler:checkKotlinGradlePluginConfigurationErrors SKIPPED
> Task :react-native-gesture-handler:generateDebugBuildConfig UP-TO-DATE
> Task :react-native-gesture-handler:generateDebugResources UP-TO-DATE
> Task :react-native-gesture-handler:packageDebugResources UP-TO-DATE
> Task :react-native-gesture-handler:parseDebugLocalResources UP-TO-DATE
> Task :react-native-gesture-handler:generateDebugRFile UP-TO-DATE
> Task :react-native-reanimated:checkKotlinGradlePluginConfigurationErrors SKIPPED
> Task :react-native-reanimated:generateDebugBuildConfig UP-TO-DATE
> Task :react-native-reanimated:generateDebugResources UP-TO-DATE
> Task :react-native-reanimated:packageDebugResources UP-TO-DATE
> Task :react-native-reanimated:parseDebugLocalResources UP-TO-DATE
> Task :react-native-reanimated:generateDebugRFile UP-TO-DATE
> Task :react-native-reanimated:compileDebugKotlin UP-TO-DATE
> Task :react-native-reanimated:javaPreCompileDebug UP-TO-DATE
> Task :react-native-reanimated:compileDebugJavaWithJavac UP-TO-DATE
> Task :react-native-reanimated:bundleLibCompileToJarDebug UP-TO-DATE
> Task :react-native-svg:generateDebugBuildConfig UP-TO-DATE
> Task :react-native-svg:generateDebugResources UP-TO-DATE
> Task :react-native-svg:packageDebugResources UP-TO-DATE
> Task :react-native-svg:parseDebugLocalResources UP-TO-DATE
> Task :react-native-svg:generateDebugRFile UP-TO-DATE
> Task :react-native-svg:javaPreCompileDebug UP-TO-DATE
> Task :react-native-svg:compileDebugJavaWithJavac UP-TO-DATE
> Task :react-native-svg:bundleLibCompileToJarDebug UP-TO-DATE
> Task :react-native-gesture-handler:compileDebugKotlin UP-TO-DATE
> Task :react-native-gesture-handler:javaPreCompileDebug UP-TO-DATE
> Task :react-native-gesture-handler:compileDebugJavaWithJavac UP-TO-DATE
> Task :react-native-gesture-handler:bundleLibCompileToJarDebug UP-TO-DATE
> Task :react-native-keyboard-controller:checkKotlinGradlePluginConfigurationErrors SKIPPED
> Task :react-native-keyboard-controller:generateDebugBuildConfig UP-TO-DATE
> Task :react-native-keyboard-controller:generateDebugResources UP-TO-DATE
> Task :react-native-keyboard-controller:packageDebugResources UP-TO-DATE
> Task :react-native-keyboard-controller:parseDebugLocalResources UP-TO-DATE
> Task :react-native-keyboard-controller:generateDebugRFile UP-TO-DATE
> Task :react-native-keyboard-controller:compileDebugKotlin UP-TO-DATE
> Task :react-native-keyboard-controller:javaPreCompileDebug UP-TO-DATE
> Task :react-native-keyboard-controller:compileDebugJavaWithJavac UP-TO-DATE
> Task :react-native-keyboard-controller:bundleLibCompileToJarDebug UP-TO-DATE
> Task :react-native-masked-view_masked-view:generateDebugResources UP-TO-DATE
> Task :react-native-masked-view_masked-view:packageDebugResources UP-TO-DATE
> Task :react-native-masked-view_masked-view:parseDebugLocalResources UP-TO-DATE
> Task :react-native-masked-view_masked-view:generateDebugRFile UP-TO-DATE
> Task :react-native-masked-view_masked-view:javaPreCompileDebug UP-TO-DATE
> Task :react-native-masked-view_masked-view:compileDebugJavaWithJavac UP-TO-DATE
> Task :react-native-masked-view_masked-view:bundleLibCompileToJarDebug UP-TO-DATE
> Task :react-native-mmkv:checkKotlinGradlePluginConfigurationErrors SKIPPED
> Task :react-native-mmkv:generateDebugBuildConfig UP-TO-DATE
> Task :react-native-mmkv:generateDebugResources UP-TO-DATE
> Task :react-native-mmkv:packageDebugResources UP-TO-DATE
> Task :react-native-mmkv:parseDebugLocalResources UP-TO-DATE
> Task :react-native-mmkv:generateDebugRFile UP-TO-DATE
> Task :react-native-mmkv:compileDebugKotlin UP-TO-DATE
> Task :react-native-mmkv:javaPreCompileDebug UP-TO-DATE
> Task :react-native-mmkv:compileDebugJavaWithJavac UP-TO-DATE
> Task :react-native-mmkv:bundleLibCompileToJarDebug UP-TO-DATE
> Task :react-native-nitro-fetch:checkKotlinGradlePluginConfigurationErrors SKIPPED
> Task :react-native-nitro-fetch:generateDebugBuildConfig UP-TO-DATE
> Task :react-native-nitro-fetch:generateDebugResources UP-TO-DATE
> Task :react-native-nitro-fetch:packageDebugResources UP-TO-DATE
> Task :react-native-nitro-fetch:parseDebugLocalResources UP-TO-DATE
> Task :react-native-nitro-fetch:generateDebugRFile UP-TO-DATE
> Task :react-native-nitro-fetch:compileDebugKotlin UP-TO-DATE
> Task :react-native-nitro-fetch:javaPreCompileDebug UP-TO-DATE
> Task :react-native-nitro-fetch:compileDebugJavaWithJavac UP-TO-DATE
> Task :react-native-nitro-fetch:bundleLibCompileToJarDebug UP-TO-DATE
> Task :react-native-nitro-image:checkKotlinGradlePluginConfigurationErrors SKIPPED
> Task :react-native-nitro-image:generateDebugBuildConfig UP-TO-DATE
> Task :react-native-nitro-image:generateDebugResources UP-TO-DATE
> Task :react-native-nitro-image:packageDebugResources UP-TO-DATE
> Task :react-native-nitro-image:parseDebugLocalResources UP-TO-DATE
> Task :react-native-nitro-image:generateDebugRFile UP-TO-DATE
> Task :react-native-nitro-image:compileDebugKotlin UP-TO-DATE
> Task :react-native-nitro-image:javaPreCompileDebug UP-TO-DATE
> Task :react-native-nitro-image:compileDebugJavaWithJavac UP-TO-DATE
> Task :react-native-nitro-image:bundleLibCompileToJarDebug UP-TO-DATE
> Task :react-native-pulsar:checkKotlinGradlePluginConfigurationErrors SKIPPED
> Task :react-native-pulsar:generateDebugBuildConfig UP-TO-DATE
> Task :react-native-pulsar:generateDebugResources UP-TO-DATE
> Task :react-native-pulsar:packageDebugResources UP-TO-DATE
> Task :react-native-pulsar:parseDebugLocalResources UP-TO-DATE
> Task :react-native-pulsar:generateDebugRFile UP-TO-DATE
> Task :react-native-pulsar:compileDebugKotlin UP-TO-DATE
> Task :react-native-pulsar:javaPreCompileDebug UP-TO-DATE
> Task :react-native-pulsar:compileDebugJavaWithJavac UP-TO-DATE
> Task :react-native-pulsar:bundleLibCompileToJarDebug UP-TO-DATE
> Task :react-native-safe-area-context:checkKotlinGradlePluginConfigurationErrors SKIPPED
> Task :react-native-safe-area-context:generateDebugBuildConfig UP-TO-DATE
> Task :react-native-safe-area-context:generateDebugResources UP-TO-DATE
> Task :react-native-safe-area-context:packageDebugResources UP-TO-DATE
> Task :react-native-safe-area-context:parseDebugLocalResources UP-TO-DATE
> Task :react-native-safe-area-context:generateDebugRFile UP-TO-DATE
> Task :react-native-safe-area-context:compileDebugKotlin UP-TO-DATE
> Task :react-native-safe-area-context:javaPreCompileDebug UP-TO-DATE
> Task :react-native-safe-area-context:compileDebugJavaWithJavac UP-TO-DATE
> Task :react-native-safe-area-context:bundleLibCompileToJarDebug UP-TO-DATE
> Task :react-native-screens:checkKotlinGradlePluginConfigurationErrors SKIPPED
> Task :react-native-screens:generateDebugBuildConfig UP-TO-DATE
> Task :react-native-screens:generateDebugResources UP-TO-DATE
> Task :react-native-screens:packageDebugResources UP-TO-DATE
> Task :react-native-screens:parseDebugLocalResources UP-TO-DATE
> Task :react-native-screens:generateDebugRFile UP-TO-DATE
> Task :react-native-screens:compileDebugKotlin UP-TO-DATE
> Task :react-native-screens:javaPreCompileDebug UP-TO-DATE
> Task :react-native-screens:compileDebugJavaWithJavac UP-TO-DATE
> Task :react-native-screens:bundleLibCompileToJarDebug UP-TO-DATE
> Task :react-native-vision-camera:checkKotlinGradlePluginConfigurationErrors SKIPPED
> Task :react-native-vision-camera:generateDebugBuildConfig UP-TO-DATE
> Task :react-native-vision-camera:generateDebugResources UP-TO-DATE
> Task :react-native-vision-camera:packageDebugResources UP-TO-DATE
> Task :react-native-vision-camera:parseDebugLocalResources UP-TO-DATE
> Task :react-native-vision-camera:generateDebugRFile UP-TO-DATE
> Task :react-native-vision-camera:compileDebugKotlin UP-TO-DATE
> Task :react-native-vision-camera:javaPreCompileDebug UP-TO-DATE
> Task :react-native-vision-camera:compileDebugJavaWithJavac UP-TO-DATE
> Task :react-native-vision-camera:bundleLibCompileToJarDebug UP-TO-DATE
> Task :react-native-webgpu:generateDebugBuildConfig UP-TO-DATE
> Task :react-native-webgpu:generateDebugResources UP-TO-DATE
> Task :react-native-webgpu:packageDebugResources UP-TO-DATE
> Task :react-native-webgpu:parseDebugLocalResources UP-TO-DATE
> Task :react-native-webgpu:generateDebugRFile UP-TO-DATE
> Task :react-native-webgpu:javaPreCompileDebug UP-TO-DATE
> Task :react-native-webgpu:compileDebugJavaWithJavac UP-TO-DATE
> Task :react-native-webgpu:bundleLibCompileToJarDebug UP-TO-DATE
> Task :react-native-webview:checkKotlinGradlePluginConfigurationErrors SKIPPED
> Task :react-native-webview:generateDebugBuildConfig UP-TO-DATE
> Task :react-native-webview:generateDebugResources UP-TO-DATE
> Task :react-native-webview:packageDebugResources UP-TO-DATE
> Task :react-native-webview:parseDebugLocalResources UP-TO-DATE
> Task :react-native-webview:generateDebugRFile UP-TO-DATE
> Task :react-native-webview:compileDebugKotlin UP-TO-DATE
> Task :react-native-webview:javaPreCompileDebug UP-TO-DATE
> Task :react-native-webview:compileDebugJavaWithJavac UP-TO-DATE
> Task :react-native-webview:bundleLibCompileToJarDebug UP-TO-DATE
> Task :react_viro:generateQuestDebugResources
> Task :react_viro:packageQuestDebugResources
> Task :react_viro:javaPreCompileQuestDebug
> Task :sentry_react-native:generateDebugBuildConfig UP-TO-DATE
> Task :sentry_react-native:generateDebugResources UP-TO-DATE
> Task :react_viro:parseQuestDebugLocalResources
> Task :sentry_react-native:packageDebugResources UP-TO-DATE
> Task :sentry_react-native:parseDebugLocalResources UP-TO-DATE
> Task :sentry_react-native:generateDebugRFile UP-TO-DATE
> Task :sentry_react-native:javaPreCompileDebug UP-TO-DATE
> Task :react_viro:generateQuestDebugRFile
> Task :sentry_react-native:compileDebugJavaWithJavac UP-TO-DATE
> Task :react_viro:compileQuestDebugJavaWithJavac NO-SOURCE
> Task :sentry_react-native:bundleLibCompileToJarDebug UP-TO-DATE
> Task :react_viro:bundleLibCompileToJarQuestDebug
> Task :shopify_react-native-skia:generateDebugBuildConfig UP-TO-DATE
> Task :shopify_react-native-skia:generateDebugResources UP-TO-DATE
> Task :shopify_react-native-skia:packageDebugResources UP-TO-DATE
> Task :shopify_react-native-skia:parseDebugLocalResources UP-TO-DATE
> Task :shopify_react-native-skia:generateDebugRFile UP-TO-DATE
> Task :shopify_react-native-skia:javaPreCompileDebug UP-TO-DATE
> Task :shopify_react-native-skia:compileDebugJavaWithJavac UP-TO-DATE
> Task :shopify_react-native-skia:bundleLibCompileToJarDebug UP-TO-DATE
> Task :viro_renderer:generateQuestDebugResources
> Task :viro_renderer:packageQuestDebugResources
> Task :viro_renderer:javaPreCompileQuestDebug
> Task :app:javaPreCompileQuestDebug UP-TO-DATE
> Task :app:createQuestDebugUpdatesResources UP-TO-DATE
> Task :app:generateQuestDebugAssets UP-TO-DATE
> Task :board-texture:generateDebugAssets UP-TO-DATE
> Task :board-texture:mergeDebugAssets UP-TO-DATE
> Task :expo:generateQuestDebugAssets UP-TO-DATE
> Task :viro_renderer:parseQuestDebugLocalResources
> Task :expo:mergeQuestDebugAssets UP-TO-DATE
> Task :expo-asset:generateDebugAssets UP-TO-DATE
> Task :expo-asset:mergeDebugAssets UP-TO-DATE
> Task :expo-background-task:generateDebugAssets UP-TO-DATE
> Task :expo-background-task:mergeDebugAssets UP-TO-DATE
> Task :expo-constants:generateDebugAssets UP-TO-DATE
> Task :expo-constants:mergeDebugAssets UP-TO-DATE
> Task :expo-document-picker:generateDebugAssets UP-TO-DATE
> Task :viro_renderer:generateQuestDebugRFile
> Task :expo-document-picker:mergeDebugAssets UP-TO-DATE
> Task :viro_renderer:compileQuestDebugJavaWithJavac NO-SOURCE
> Task :expo-dom-webview:generateDebugAssets UP-TO-DATE
> Task :expo-dom-webview:mergeDebugAssets UP-TO-DATE
> Task :expo-drag-drop-content-view:generateDebugAssets UP-TO-DATE
> Task :viro_renderer:bundleLibCompileToJarQuestDebug
> Task :expo-drag-drop-content-view:mergeDebugAssets UP-TO-DATE
> Task :app:compileQuestDebugKotlin UP-TO-DATE
> Task :app:compileQuestDebugJavaWithJavac UP-TO-DATE
> Task :expo-eas-client:generateDebugAssets UP-TO-DATE
> Task :expo-eas-client:mergeDebugAssets UP-TO-DATE
> Task :expo-file-system:generateDebugAssets UP-TO-DATE
> Task :expo-file-system:mergeDebugAssets UP-TO-DATE
> Task :expo-font:generateDebugAssets UP-TO-DATE
> Task :expo-font:mergeDebugAssets UP-TO-DATE
> Task :expo-horizon-core:generateQuestDebugAssets UP-TO-DATE
> Task :expo-horizon-core:mergeQuestDebugAssets UP-TO-DATE
> Task :expo-image:generateDebugAssets UP-TO-DATE
> Task :expo-image:mergeDebugAssets UP-TO-DATE
> Task :expo-image-loader:generateDebugAssets UP-TO-DATE
> Task :expo-image-loader:mergeDebugAssets UP-TO-DATE
> Task :expo-image-manipulator:generateDebugAssets UP-TO-DATE
> Task :expo-image-manipulator:mergeDebugAssets UP-TO-DATE
> Task :expo-image-picker:generateDebugAssets UP-TO-DATE
> Task :expo-image-picker:mergeDebugAssets UP-TO-DATE
> Task :expo-json-utils:generateDebugAssets UP-TO-DATE
> Task :expo-json-utils:mergeDebugAssets UP-TO-DATE
> Task :expo-keep-awake:generateDebugAssets UP-TO-DATE
> Task :expo-keep-awake:mergeDebugAssets UP-TO-DATE
> Task :expo-linking:generateDebugAssets UP-TO-DATE
> Task :expo-linking:mergeDebugAssets UP-TO-DATE
> Task :expo-log-box:generateDebugAssets UP-TO-DATE
> Task :expo-log-box:mergeDebugAssets UP-TO-DATE
> Task :expo-manifests:generateDebugAssets UP-TO-DATE
> Task :expo-manifests:mergeDebugAssets UP-TO-DATE
> Task :expo-modules-core:generateDebugAssets UP-TO-DATE
> Task :expo-modules-core:mergeDebugAssets UP-TO-DATE
> Task :expo-paste-input:generateDebugAssets UP-TO-DATE
> Task :expo-paste-input:mergeDebugAssets UP-TO-DATE
> Task :expo-pico-core:generateMobileDebugAssets UP-TO-DATE
> Task :expo-pico-core:mergeMobileDebugAssets UP-TO-DATE
> Task :expo-router:generateDebugAssets UP-TO-DATE
> Task :expo-router:mergeDebugAssets UP-TO-DATE
> Task :expo-screen-capture:generateDebugAssets UP-TO-DATE
> Task :expo-screen-capture:mergeDebugAssets UP-TO-DATE
> Task :expo-secure-store:generateDebugAssets UP-TO-DATE
> Task :expo-secure-store:mergeDebugAssets UP-TO-DATE
> Task :expo-splash-screen:generateDebugAssets UP-TO-DATE
> Task :expo-splash-screen:mergeDebugAssets UP-TO-DATE
> Task :expo-status-bar:generateDebugAssets UP-TO-DATE
> Task :expo-status-bar:mergeDebugAssets UP-TO-DATE
> Task :expo-structured-headers:generateDebugAssets UP-TO-DATE
> Task :expo-structured-headers:mergeDebugAssets UP-TO-DATE
> Task :expo-system-ui:generateDebugAssets UP-TO-DATE
> Task :expo-system-ui:mergeDebugAssets UP-TO-DATE
> Task :expo-task-manager:generateDebugAssets UP-TO-DATE
> Task :expo-task-manager:mergeDebugAssets UP-TO-DATE
> Task :expo-ui:generateDebugAssets UP-TO-DATE
> Task :expo-ui:mergeDebugAssets UP-TO-DATE
> Task :expo-updates:generateDebugAssets UP-TO-DATE
> Task :expo-updates:mergeDebugAssets UP-TO-DATE
> Task :expo-updates-interface:generateDebugAssets UP-TO-DATE
> Task :expo-updates-interface:mergeDebugAssets UP-TO-DATE
> Task :nandorojo-galeria:generateDebugAssets UP-TO-DATE
> Task :nandorojo-galeria:mergeDebugAssets UP-TO-DATE
> Task :nitro-canvas-in-Vision:generateDebugAssets UP-TO-DATE
> Task :nitro-canvas-in-Vision:mergeDebugAssets UP-TO-DATE
> Task :react-native-audio-api:generateDebugAssets UP-TO-DATE
> Task :react-native-audio-api:mergeDebugAssets UP-TO-DATE
> Task :react-native-enriched-html:generateDebugAssets UP-TO-DATE
> Task :react-native-enriched-html:mergeDebugAssets UP-TO-DATE
> Task :react-native-executorch:generateDebugAssets UP-TO-DATE
> Task :react-native-executorch:mergeDebugAssets UP-TO-DATE
> Task :react-native-gesture-handler:generateDebugAssets UP-TO-DATE
> Task :react-native-gesture-handler:mergeDebugAssets UP-TO-DATE
> Task :react-native-keyboard-controller:generateDebugAssets UP-TO-DATE
> Task :react-native-keyboard-controller:mergeDebugAssets UP-TO-DATE
> Task :react-native-masked-view_masked-view:generateDebugAssets UP-TO-DATE
> Task :react-native-masked-view_masked-view:mergeDebugAssets UP-TO-DATE
> Task :react-native-mmkv:generateDebugAssets UP-TO-DATE
> Task :react-native-mmkv:mergeDebugAssets UP-TO-DATE
> Task :react-native-nitro-fetch:generateDebugAssets UP-TO-DATE
> Task :react-native-nitro-fetch:mergeDebugAssets UP-TO-DATE
> Task :react-native-nitro-image:generateDebugAssets UP-TO-DATE
> Task :react-native-nitro-image:mergeDebugAssets UP-TO-DATE
> Task :react-native-nitro-modules:generateDebugAssets UP-TO-DATE
> Task :react-native-nitro-modules:mergeDebugAssets UP-TO-DATE
> Task :react-native-pulsar:generateDebugAssets UP-TO-DATE
> Task :react-native-pulsar:mergeDebugAssets UP-TO-DATE
> Task :react-native-reanimated:generateDebugAssets UP-TO-DATE
> Task :react-native-reanimated:mergeDebugAssets UP-TO-DATE
> Task :react-native-safe-area-context:generateDebugAssets UP-TO-DATE
> Task :react-native-safe-area-context:mergeDebugAssets UP-TO-DATE
> Task :react-native-screens:generateDebugAssets UP-TO-DATE
> Task :react-native-screens:mergeDebugAssets UP-TO-DATE
> Task :react-native-svg:generateDebugAssets UP-TO-DATE
> Task :react-native-svg:mergeDebugAssets UP-TO-DATE
> Task :react-native-vision-camera:generateDebugAssets UP-TO-DATE
> Task :react-native-vision-camera:mergeDebugAssets UP-TO-DATE
> Task :react-native-webgpu:generateDebugAssets UP-TO-DATE
> Task :react-native-webgpu:mergeDebugAssets UP-TO-DATE
> Task :react-native-webview:generateDebugAssets UP-TO-DATE
> Task :react-native-webview:mergeDebugAssets UP-TO-DATE
> Task :react-native-worklets:generateDebugAssets UP-TO-DATE
> Task :react-native-worklets:mergeDebugAssets UP-TO-DATE
> Task :react_viro:generateQuestDebugAssets UP-TO-DATE
> Task :react_viro:mergeQuestDebugAssets
> Task :sentry-react-native-expo:generateDebugAssets UP-TO-DATE
> Task :sentry-react-native-expo:mergeDebugAssets UP-TO-DATE
> Task :sentry_react-native:generateDebugAssets UP-TO-DATE
> Task :sentry_react-native:mergeDebugAssets UP-TO-DATE
> Task :shopify_react-native-skia:generateDebugAssets UP-TO-DATE
> Task :shopify_react-native-skia:mergeDebugAssets UP-TO-DATE
> Task :unimodules-app-loader:generateDebugAssets UP-TO-DATE
> Task :unimodules-app-loader:mergeDebugAssets UP-TO-DATE
> Task :viro_renderer:generateQuestDebugAssets UP-TO-DATE
> Task :viro_renderer:mergeQuestDebugAssets
> Task :app:mergeQuestDebugAssets UP-TO-DATE
> Task :app:compressQuestDebugAssets UP-TO-DATE
> Task :app:generateQuestDebugGlobalSynthetics UP-TO-DATE
> Task :app:checkQuestDebugDuplicateClasses UP-TO-DATE
> Task :app:desugarQuestDebugFileDependencies UP-TO-DATE
> Task :app:mergeExtDexQuestDebug UP-TO-DATE
> Task :nitro-canvas-in-Vision:bundleLibRuntimeToDirDebug UP-TO-DATE
> Task :react-native-audio-api:bundleLibRuntimeToDirDebug UP-TO-DATE
> Task :react-native-enriched-html:bundleLibRuntimeToDirDebug UP-TO-DATE
> Task :react-native-executorch:bundleLibRuntimeToDirDebug UP-TO-DATE
> Task :react-native-gesture-handler:bundleLibRuntimeToDirDebug UP-TO-DATE
> Task :react-native-keyboard-controller:bundleLibRuntimeToDirDebug UP-TO-DATE
> Task :react-native-mmkv:bundleLibRuntimeToDirDebug UP-TO-DATE
> Task :react-native-nitro-fetch:bundleLibRuntimeToDirDebug UP-TO-DATE
> Task :react-native-vision-camera:bundleLibRuntimeToDirDebug UP-TO-DATE
> Task :react-native-nitro-image:bundleLibRuntimeToDirDebug UP-TO-DATE
> Task :expo-pico-core:bundleLibRuntimeToDirMobileDebug UP-TO-DATE
> Task :react-native-nitro-modules:bundleLibRuntimeToDirDebug UP-TO-DATE
> Task :react-native-pulsar:bundleLibRuntimeToDirDebug UP-TO-DATE
> Task :react-native-reanimated:bundleLibRuntimeToDirDebug UP-TO-DATE
> Task :react-native-safe-area-context:bundleLibRuntimeToDirDebug UP-TO-DATE
> Task :react-native-screens:bundleLibRuntimeToDirDebug UP-TO-DATE
> Task :react-native-webview:bundleLibRuntimeToDirDebug UP-TO-DATE
> Task :expo:bundleLibRuntimeToDirQuestDebug UP-TO-DATE
> Task :nandorojo-galeria:bundleLibRuntimeToDirDebug UP-TO-DATE
> Task :expo-drag-drop-content-view:bundleLibRuntimeToDirDebug UP-TO-DATE
> Task :expo-paste-input:bundleLibRuntimeToDirDebug UP-TO-DATE
> Task :expo-modules-core:bundleLibRuntimeToDirDebug UP-TO-DATE
> Task :react-native-worklets:bundleLibRuntimeToDirDebug UP-TO-DATE
> Task :react-native-masked-view_masked-view:bundleLibRuntimeToDirDebug UP-TO-DATE
> Task :sentry_react-native:bundleLibRuntimeToDirDebug UP-TO-DATE
> Task :shopify_react-native-skia:bundleLibRuntimeToDirDebug UP-TO-DATE
> Task :react-native-svg:bundleLibRuntimeToDirDebug UP-TO-DATE
> Task :react-native-webgpu:bundleLibRuntimeToDirDebug UP-TO-DATE
> Task :expo-log-box:bundleLibRuntimeToDirDebug UP-TO-DATE
> Task :expo-ui:bundleLibRuntimeToDirDebug UP-TO-DATE
> Task :board-texture:bundleLibRuntimeToDirDebug UP-TO-DATE
> Task :expo-asset:bundleLibRuntimeToDirDebug UP-TO-DATE
> Task :expo-background-task:bundleLibRuntimeToDirDebug UP-TO-DATE
> Task :expo-file-system:bundleLibRuntimeToDirDebug UP-TO-DATE
> Task :expo-font:bundleLibRuntimeToDirDebug UP-TO-DATE
> Task :expo-image:bundleLibRuntimeToDirDebug UP-TO-DATE
> Task :expo-splash-screen:bundleLibRuntimeToDirDebug UP-TO-DATE
> Task :expo-system-ui:bundleLibRuntimeToDirDebug UP-TO-DATE
> Task :expo-updates:bundleLibRuntimeToDirDebug UP-TO-DATE
> Task :expo-dom-webview:bundleLibRuntimeToDirDebug UP-TO-DATE
> Task :expo-constants:bundleLibRuntimeToDirDebug UP-TO-DATE
> Task :expo-document-picker:bundleLibRuntimeToDirDebug UP-TO-DATE
> Task :expo-eas-client:bundleLibRuntimeToDirDebug UP-TO-DATE
> Task :expo-horizon-core:bundleLibRuntimeToDirQuestDebug UP-TO-DATE
> Task :expo-image-loader:bundleLibRuntimeToDirDebug UP-TO-DATE
> Task :expo-image-manipulator:bundleLibRuntimeToDirDebug UP-TO-DATE
> Task :expo-image-picker:bundleLibRuntimeToDirDebug UP-TO-DATE
> Task :expo-manifests:bundleLibRuntimeToDirDebug UP-TO-DATE
> Task :expo-json-utils:bundleLibRuntimeToDirDebug UP-TO-DATE
> Task :expo-keep-awake:bundleLibRuntimeToDirDebug UP-TO-DATE
> Task :expo-linking:bundleLibRuntimeToDirDebug UP-TO-DATE
> Task :expo-router:bundleLibRuntimeToDirDebug UP-TO-DATE
> Task :expo-screen-capture:bundleLibRuntimeToDirDebug UP-TO-DATE
> Task :expo-secure-store:bundleLibRuntimeToDirDebug UP-TO-DATE
> Task :expo-status-bar:bundleLibRuntimeToDirDebug UP-TO-DATE
> Task :expo-structured-headers:bundleLibRuntimeToDirDebug UP-TO-DATE
> Task :expo-task-manager:bundleLibRuntimeToDirDebug UP-TO-DATE
> Task :expo-updates-interface:bundleLibRuntimeToDirDebug UP-TO-DATE
> Task :unimodules-app-loader:bundleLibRuntimeToDirDebug UP-TO-DATE
> Task :react_viro:bundleLibRuntimeToDirQuestDebug
> Task :viro_renderer:bundleLibRuntimeToDirQuestDebug
> Task :sentry-react-native-expo:bundleLibRuntimeToDirDebug UP-TO-DATE
> Task :board-texture:writeDebugAarMetadata UP-TO-DATE
> Task :expo:writeQuestDebugAarMetadata UP-TO-DATE
> Task :expo-asset:writeDebugAarMetadata UP-TO-DATE
> Task :expo-background-task:writeDebugAarMetadata UP-TO-DATE
> Task :app:mergeLibDexQuestDebug UP-TO-DATE
> Task :expo-constants:writeDebugAarMetadata UP-TO-DATE
> Task :expo-document-picker:writeDebugAarMetadata UP-TO-DATE
> Task :expo-dom-webview:writeDebugAarMetadata UP-TO-DATE
> Task :expo-drag-drop-content-view:writeDebugAarMetadata UP-TO-DATE
> Task :expo-eas-client:writeDebugAarMetadata UP-TO-DATE
> Task :expo-file-system:writeDebugAarMetadata UP-TO-DATE
> Task :expo-font:writeDebugAarMetadata UP-TO-DATE
> Task :expo-horizon-core:writeQuestDebugAarMetadata UP-TO-DATE
> Task :expo-image:writeDebugAarMetadata UP-TO-DATE
> Task :expo-image-loader:writeDebugAarMetadata UP-TO-DATE
> Task :expo-image-manipulator:writeDebugAarMetadata UP-TO-DATE
> Task :expo-image-picker:writeDebugAarMetadata UP-TO-DATE
> Task :expo-json-utils:writeDebugAarMetadata UP-TO-DATE
> Task :expo-keep-awake:writeDebugAarMetadata UP-TO-DATE
> Task :expo-linking:writeDebugAarMetadata UP-TO-DATE
> Task :expo-log-box:writeDebugAarMetadata UP-TO-DATE
> Task :expo-manifests:writeDebugAarMetadata UP-TO-DATE
> Task :expo-modules-core:writeDebugAarMetadata UP-TO-DATE
> Task :expo-paste-input:writeDebugAarMetadata UP-TO-DATE
> Task :expo-pico-core:writeMobileDebugAarMetadata UP-TO-DATE
> Task :expo-router:writeDebugAarMetadata UP-TO-DATE
> Task :expo-screen-capture:writeDebugAarMetadata UP-TO-DATE
> Task :expo-secure-store:writeDebugAarMetadata UP-TO-DATE
> Task :expo-splash-screen:writeDebugAarMetadata UP-TO-DATE
> Task :expo-status-bar:writeDebugAarMetadata UP-TO-DATE
> Task :expo-structured-headers:writeDebugAarMetadata UP-TO-DATE
> Task :expo-system-ui:writeDebugAarMetadata UP-TO-DATE
> Task :expo-task-manager:writeDebugAarMetadata UP-TO-DATE
> Task :expo-ui:writeDebugAarMetadata UP-TO-DATE
> Task :expo-updates:writeDebugAarMetadata UP-TO-DATE
> Task :expo-updates-interface:writeDebugAarMetadata UP-TO-DATE
> Task :nandorojo-galeria:writeDebugAarMetadata UP-TO-DATE
> Task :nitro-canvas-in-Vision:writeDebugAarMetadata UP-TO-DATE
> Task :react-native-audio-api:writeDebugAarMetadata UP-TO-DATE
> Task :react-native-enriched-html:writeDebugAarMetadata UP-TO-DATE
> Task :react-native-executorch:writeDebugAarMetadata UP-TO-DATE
> Task :react-native-gesture-handler:writeDebugAarMetadata UP-TO-DATE
> Task :react-native-keyboard-controller:writeDebugAarMetadata UP-TO-DATE
> Task :react-native-masked-view_masked-view:writeDebugAarMetadata UP-TO-DATE
> Task :react-native-mmkv:writeDebugAarMetadata UP-TO-DATE
> Task :react-native-nitro-fetch:writeDebugAarMetadata UP-TO-DATE
> Task :react-native-nitro-image:writeDebugAarMetadata UP-TO-DATE
> Task :react-native-nitro-modules:writeDebugAarMetadata UP-TO-DATE
> Task :react-native-pulsar:writeDebugAarMetadata UP-TO-DATE
> Task :react-native-reanimated:writeDebugAarMetadata UP-TO-DATE
> Task :react-native-safe-area-context:writeDebugAarMetadata UP-TO-DATE
> Task :react-native-screens:writeDebugAarMetadata UP-TO-DATE
> Task :react-native-svg:writeDebugAarMetadata UP-TO-DATE
> Task :react-native-vision-camera:writeDebugAarMetadata UP-TO-DATE
> Task :react-native-webgpu:writeDebugAarMetadata UP-TO-DATE
> Task :react-native-webview:writeDebugAarMetadata UP-TO-DATE
> Task :react-native-worklets:writeDebugAarMetadata UP-TO-DATE
> Task :sentry-react-native-expo:writeDebugAarMetadata UP-TO-DATE
> Task :sentry_react-native:writeDebugAarMetadata UP-TO-DATE
> Task :shopify_react-native-skia:writeDebugAarMetadata UP-TO-DATE
> Task :react_viro:writeQuestDebugAarMetadata
> Task :unimodules-app-loader:writeDebugAarMetadata UP-TO-DATE
> Task :app:mapQuestDebugSourceSetPaths UP-TO-DATE
> Task :viro_renderer:writeQuestDebugAarMetadata
> Task :app:compileQuestDebugNavigationResources UP-TO-DATE
> Task :app:checkQuestDebugAarMetadata UP-TO-DATE
> Task :app:mergeQuestDebugResources UP-TO-DATE
> Task :app:createQuestDebugCompatibleScreenManifests UP-TO-DATE
> Task :app:extractDeepLinksQuestDebug UP-TO-DATE
> Task :board-texture:extractDeepLinksDebug UP-TO-DATE
> Task :board-texture:processDebugManifest UP-TO-DATE
> Task :expo:extractDeepLinksQuestDebug UP-TO-DATE
> Task :expo:processQuestDebugManifest UP-TO-DATE
> Task :expo-asset:extractDeepLinksDebug UP-TO-DATE
> Task :expo-asset:processDebugManifest UP-TO-DATE
> Task :expo-background-task:extractDeepLinksDebug UP-TO-DATE
> Task :expo-background-task:processDebugManifest UP-TO-DATE
> Task :expo-constants:extractDeepLinksDebug UP-TO-DATE
> Task :expo-constants:processDebugManifest UP-TO-DATE
> Task :expo-document-picker:extractDeepLinksDebug UP-TO-DATE
> Task :expo-document-picker:processDebugManifest UP-TO-DATE
> Task :expo-dom-webview:extractDeepLinksDebug UP-TO-DATE
> Task :expo-dom-webview:processDebugManifest UP-TO-DATE
> Task :expo-drag-drop-content-view:extractDeepLinksDebug UP-TO-DATE
> Task :expo-drag-drop-content-view:processDebugManifest UP-TO-DATE
> Task :expo-eas-client:extractDeepLinksDebug UP-TO-DATE
> Task :expo-eas-client:processDebugManifest UP-TO-DATE
> Task :expo-file-system:extractDeepLinksDebug UP-TO-DATE
> Task :expo-file-system:processDebugManifest UP-TO-DATE
> Task :expo-font:extractDeepLinksDebug UP-TO-DATE
> Task :expo-font:processDebugManifest UP-TO-DATE
> Task :expo-horizon-core:extractDeepLinksQuestDebug UP-TO-DATE
> Task :expo-horizon-core:processQuestDebugManifest UP-TO-DATE
> Task :expo-image:extractDeepLinksDebug UP-TO-DATE
> Task :expo-image:processDebugManifest UP-TO-DATE
> Task :expo-image-loader:extractDeepLinksDebug UP-TO-DATE
> Task :expo-image-loader:processDebugManifest UP-TO-DATE
> Task :expo-image-manipulator:extractDeepLinksDebug UP-TO-DATE
> Task :expo-image-manipulator:processDebugManifest UP-TO-DATE
> Task :expo-image-picker:extractDeepLinksDebug UP-TO-DATE
> Task :expo-image-picker:processDebugManifest UP-TO-DATE
> Task :expo-json-utils:extractDeepLinksDebug UP-TO-DATE
> Task :expo-json-utils:processDebugManifest UP-TO-DATE
> Task :expo-keep-awake:extractDeepLinksDebug UP-TO-DATE
> Task :expo-keep-awake:processDebugManifest UP-TO-DATE
> Task :expo-linking:extractDeepLinksDebug UP-TO-DATE
> Task :expo-linking:processDebugManifest UP-TO-DATE
> Task :expo-log-box:extractDeepLinksDebug UP-TO-DATE
> Task :expo-log-box:processDebugManifest UP-TO-DATE
> Task :expo-manifests:extractDeepLinksDebug UP-TO-DATE
> Task :expo-manifests:processDebugManifest UP-TO-DATE
> Task :expo-modules-core:extractDeepLinksDebug UP-TO-DATE
> Task :expo-modules-core:processDebugManifest UP-TO-DATE
> Task :expo-paste-input:extractDeepLinksDebug UP-TO-DATE
> Task :expo-paste-input:processDebugManifest UP-TO-DATE
> Task :expo-pico-core:extractDeepLinksMobileDebug UP-TO-DATE
> Task :expo-pico-core:processMobileDebugManifest UP-TO-DATE
> Task :expo-router:extractDeepLinksDebug UP-TO-DATE
> Task :expo-router:processDebugManifest UP-TO-DATE
> Task :expo-screen-capture:extractDeepLinksDebug UP-TO-DATE
> Task :expo-screen-capture:processDebugManifest UP-TO-DATE
> Task :expo-secure-store:extractDeepLinksDebug UP-TO-DATE
> Task :expo-secure-store:processDebugManifest UP-TO-DATE
> Task :expo-splash-screen:extractDeepLinksDebug UP-TO-DATE
> Task :expo-splash-screen:processDebugManifest UP-TO-DATE
> Task :expo-status-bar:extractDeepLinksDebug UP-TO-DATE
> Task :expo-status-bar:processDebugManifest UP-TO-DATE
> Task :expo-structured-headers:extractDeepLinksDebug UP-TO-DATE
> Task :expo-structured-headers:processDebugManifest UP-TO-DATE
> Task :expo-system-ui:extractDeepLinksDebug UP-TO-DATE
> Task :expo-system-ui:processDebugManifest UP-TO-DATE
> Task :expo-task-manager:extractDeepLinksDebug UP-TO-DATE
> Task :expo-task-manager:processDebugManifest UP-TO-DATE
> Task :expo-ui:extractDeepLinksDebug UP-TO-DATE
> Task :expo-ui:processDebugManifest UP-TO-DATE
> Task :expo-updates:extractDeepLinksDebug UP-TO-DATE
> Task :expo-updates:processDebugManifest UP-TO-DATE
> Task :expo-updates-interface:extractDeepLinksDebug UP-TO-DATE
> Task :expo-updates-interface:processDebugManifest UP-TO-DATE
> Task :nandorojo-galeria:extractDeepLinksDebug UP-TO-DATE
> Task :nandorojo-galeria:processDebugManifest UP-TO-DATE
> Task :nitro-canvas-in-Vision:extractDeepLinksDebug UP-TO-DATE
> Task :nitro-canvas-in-Vision:processDebugManifest UP-TO-DATE
> Task :react-native-audio-api:extractDeepLinksDebug UP-TO-DATE
> Task :react-native-audio-api:processDebugManifest UP-TO-DATE
> Task :react-native-enriched-html:extractDeepLinksDebug UP-TO-DATE
> Task :react-native-enriched-html:processDebugManifest UP-TO-DATE
> Task :react-native-executorch:extractDeepLinksDebug UP-TO-DATE
> Task :react-native-executorch:processDebugManifest UP-TO-DATE
> Task :react-native-gesture-handler:extractDeepLinksDebug UP-TO-DATE
> Task :react-native-gesture-handler:processDebugManifest UP-TO-DATE
> Task :react-native-keyboard-controller:extractDeepLinksDebug UP-TO-DATE
> Task :react-native-keyboard-controller:processDebugManifest UP-TO-DATE
> Task :react-native-masked-view_masked-view:extractDeepLinksDebug UP-TO-DATE
> Task :react-native-masked-view_masked-view:processDebugManifest UP-TO-DATE
> Task :react-native-mmkv:extractDeepLinksDebug UP-TO-DATE
> Task :react-native-mmkv:processDebugManifest UP-TO-DATE
> Task :react-native-nitro-fetch:extractDeepLinksDebug UP-TO-DATE
> Task :react-native-nitro-fetch:processDebugManifest UP-TO-DATE
> Task :react-native-nitro-image:extractDeepLinksDebug UP-TO-DATE
> Task :react-native-nitro-image:processDebugManifest UP-TO-DATE
> Task :react-native-nitro-modules:extractDeepLinksDebug UP-TO-DATE
> Task :react-native-nitro-modules:processDebugManifest UP-TO-DATE
> Task :react-native-pulsar:extractDeepLinksDebug UP-TO-DATE
> Task :react-native-pulsar:processDebugManifest UP-TO-DATE
> Task :react-native-reanimated:extractDeepLinksDebug UP-TO-DATE
> Task :react-native-reanimated:processDebugManifest UP-TO-DATE
> Task :react-native-safe-area-context:extractDeepLinksDebug UP-TO-DATE
> Task :react-native-safe-area-context:processDebugManifest UP-TO-DATE
> Task :react-native-screens:extractDeepLinksDebug UP-TO-DATE
> Task :react-native-screens:processDebugManifest UP-TO-DATE
> Task :react-native-svg:extractDeepLinksDebug UP-TO-DATE
> Task :react-native-svg:processDebugManifest UP-TO-DATE
> Task :react-native-vision-camera:extractDeepLinksDebug UP-TO-DATE
> Task :react-native-vision-camera:processDebugManifest UP-TO-DATE
> Task :react-native-webgpu:extractDeepLinksDebug UP-TO-DATE
> Task :react-native-webgpu:processDebugManifest UP-TO-DATE
> Task :react-native-webview:extractDeepLinksDebug UP-TO-DATE
> Task :react-native-webview:processDebugManifest UP-TO-DATE
> Task :react-native-worklets:extractDeepLinksDebug UP-TO-DATE
> Task :react-native-worklets:processDebugManifest UP-TO-DATE
> Task :react_viro:extractDeepLinksQuestDebug
> Task :sentry-react-native-expo:extractDeepLinksDebug UP-TO-DATE
> Task :sentry-react-native-expo:processDebugManifest UP-TO-DATE
> Task :sentry_react-native:extractDeepLinksDebug UP-TO-DATE
> Task :sentry_react-native:processDebugManifest UP-TO-DATE
> Task :shopify_react-native-skia:extractDeepLinksDebug UP-TO-DATE
> Task :shopify_react-native-skia:processDebugManifest UP-TO-DATE
> Task :unimodules-app-loader:extractDeepLinksDebug UP-TO-DATE
> Task :react_viro:processQuestDebugManifest
> Task :unimodules-app-loader:processDebugManifest UP-TO-DATE
> Task :viro_renderer:extractDeepLinksQuestDebug
> Task :board-texture:mapDebugSourceSetPaths UP-TO-DATE
> Task :board-texture:compileDebugLibraryResources UP-TO-DATE
> Task :expo:mapQuestDebugSourceSetPaths UP-TO-DATE
> Task :expo:compileQuestDebugLibraryResources UP-TO-DATE
> Task :expo-asset:mapDebugSourceSetPaths UP-TO-DATE
> Task :viro_renderer:processQuestDebugManifest
> Task :app:processQuestDebugMainManifest UP-TO-DATE
> Task :app:expoQuestDebugOverrideMaxSdkConflicts UP-TO-DATE
> Task :app:processQuestDebugManifest UP-TO-DATE
> Task :app:processQuestDebugManifestForPackage UP-TO-DATE
> Task :expo-asset:compileDebugLibraryResources UP-TO-DATE
> Task :expo-background-task:mapDebugSourceSetPaths UP-TO-DATE
> Task :expo-background-task:compileDebugLibraryResources UP-TO-DATE
> Task :expo-constants:mapDebugSourceSetPaths UP-TO-DATE
> Task :expo-constants:compileDebugLibraryResources UP-TO-DATE
> Task :expo-document-picker:mapDebugSourceSetPaths UP-TO-DATE
> Task :expo-document-picker:compileDebugLibraryResources UP-TO-DATE
> Task :expo-dom-webview:mapDebugSourceSetPaths UP-TO-DATE
> Task :expo-dom-webview:compileDebugLibraryResources UP-TO-DATE
> Task :expo-drag-drop-content-view:mapDebugSourceSetPaths UP-TO-DATE
> Task :expo-drag-drop-content-view:compileDebugLibraryResources UP-TO-DATE
> Task :expo-eas-client:mapDebugSourceSetPaths UP-TO-DATE
> Task :expo-eas-client:compileDebugLibraryResources UP-TO-DATE
> Task :expo-file-system:mapDebugSourceSetPaths UP-TO-DATE
> Task :expo-file-system:compileDebugLibraryResources UP-TO-DATE
> Task :expo-font:mapDebugSourceSetPaths UP-TO-DATE
> Task :expo-font:compileDebugLibraryResources UP-TO-DATE
> Task :expo-horizon-core:mapQuestDebugSourceSetPaths UP-TO-DATE
> Task :expo-horizon-core:compileQuestDebugLibraryResources UP-TO-DATE
> Task :expo-image:mapDebugSourceSetPaths UP-TO-DATE
> Task :expo-image:compileDebugLibraryResources UP-TO-DATE
> Task :expo-image-loader:mapDebugSourceSetPaths UP-TO-DATE
> Task :expo-image-loader:compileDebugLibraryResources UP-TO-DATE
> Task :expo-image-manipulator:mapDebugSourceSetPaths UP-TO-DATE
> Task :expo-image-manipulator:compileDebugLibraryResources UP-TO-DATE
> Task :expo-image-picker:mapDebugSourceSetPaths UP-TO-DATE
> Task :expo-image-picker:compileDebugLibraryResources UP-TO-DATE
> Task :expo-json-utils:mapDebugSourceSetPaths UP-TO-DATE
> Task :expo-json-utils:compileDebugLibraryResources UP-TO-DATE
> Task :expo-keep-awake:mapDebugSourceSetPaths UP-TO-DATE
> Task :expo-keep-awake:compileDebugLibraryResources UP-TO-DATE
> Task :expo-linking:mapDebugSourceSetPaths UP-TO-DATE
> Task :expo-linking:compileDebugLibraryResources UP-TO-DATE
> Task :expo-log-box:mapDebugSourceSetPaths UP-TO-DATE
> Task :expo-log-box:compileDebugLibraryResources UP-TO-DATE
> Task :expo-manifests:mapDebugSourceSetPaths UP-TO-DATE
> Task :expo-manifests:compileDebugLibraryResources UP-TO-DATE
> Task :expo-modules-core:mapDebugSourceSetPaths UP-TO-DATE
> Task :expo-modules-core:compileDebugLibraryResources UP-TO-DATE
> Task :expo-paste-input:mapDebugSourceSetPaths UP-TO-DATE
> Task :expo-paste-input:compileDebugLibraryResources UP-TO-DATE
> Task :expo-pico-core:mapMobileDebugSourceSetPaths UP-TO-DATE
> Task :expo-pico-core:compileMobileDebugLibraryResources UP-TO-DATE
> Task :expo-router:mapDebugSourceSetPaths UP-TO-DATE
> Task :expo-router:compileDebugLibraryResources UP-TO-DATE
> Task :expo-screen-capture:mapDebugSourceSetPaths UP-TO-DATE
> Task :expo-screen-capture:compileDebugLibraryResources UP-TO-DATE
> Task :expo-secure-store:mapDebugSourceSetPaths UP-TO-DATE
> Task :expo-secure-store:compileDebugLibraryResources UP-TO-DATE
> Task :expo-splash-screen:mapDebugSourceSetPaths UP-TO-DATE
> Task :expo-splash-screen:compileDebugLibraryResources UP-TO-DATE
> Task :expo-status-bar:mapDebugSourceSetPaths UP-TO-DATE
> Task :expo-status-bar:compileDebugLibraryResources UP-TO-DATE
> Task :expo-structured-headers:mapDebugSourceSetPaths UP-TO-DATE
> Task :expo-structured-headers:compileDebugLibraryResources UP-TO-DATE
> Task :expo-system-ui:mapDebugSourceSetPaths UP-TO-DATE
> Task :expo-system-ui:compileDebugLibraryResources UP-TO-DATE
> Task :expo-task-manager:mapDebugSourceSetPaths UP-TO-DATE
> Task :expo-task-manager:compileDebugLibraryResources UP-TO-DATE
> Task :expo-ui:mapDebugSourceSetPaths UP-TO-DATE
> Task :expo-ui:compileDebugLibraryResources UP-TO-DATE
> Task :expo-updates:mapDebugSourceSetPaths UP-TO-DATE
> Task :expo-updates:compileDebugLibraryResources UP-TO-DATE
> Task :expo-updates-interface:mapDebugSourceSetPaths UP-TO-DATE
> Task :expo-updates-interface:compileDebugLibraryResources UP-TO-DATE
> Task :nandorojo-galeria:mapDebugSourceSetPaths UP-TO-DATE
> Task :nandorojo-galeria:compileDebugLibraryResources UP-TO-DATE
> Task :nitro-canvas-in-Vision:mapDebugSourceSetPaths UP-TO-DATE
> Task :nitro-canvas-in-Vision:compileDebugLibraryResources UP-TO-DATE
> Task :react-native-audio-api:mapDebugSourceSetPaths UP-TO-DATE
> Task :react-native-audio-api:compileDebugLibraryResources UP-TO-DATE
> Task :react-native-enriched-html:mapDebugSourceSetPaths UP-TO-DATE
> Task :react-native-enriched-html:compileDebugLibraryResources UP-TO-DATE
> Task :react-native-executorch:mapDebugSourceSetPaths UP-TO-DATE
> Task :react-native-executorch:compileDebugLibraryResources UP-TO-DATE
> Task :react-native-gesture-handler:mapDebugSourceSetPaths UP-TO-DATE
> Task :react-native-gesture-handler:compileDebugLibraryResources UP-TO-DATE
> Task :react-native-keyboard-controller:mapDebugSourceSetPaths UP-TO-DATE
> Task :react-native-keyboard-controller:compileDebugLibraryResources UP-TO-DATE
> Task :react-native-masked-view_masked-view:mapDebugSourceSetPaths UP-TO-DATE
> Task :react-native-masked-view_masked-view:compileDebugLibraryResources UP-TO-DATE
> Task :react-native-mmkv:mapDebugSourceSetPaths UP-TO-DATE
> Task :react-native-mmkv:compileDebugLibraryResources UP-TO-DATE
> Task :react-native-nitro-fetch:mapDebugSourceSetPaths UP-TO-DATE
> Task :react-native-nitro-fetch:compileDebugLibraryResources UP-TO-DATE
> Task :react-native-nitro-image:mapDebugSourceSetPaths UP-TO-DATE
> Task :react-native-nitro-image:compileDebugLibraryResources UP-TO-DATE
> Task :react-native-nitro-modules:mapDebugSourceSetPaths UP-TO-DATE
> Task :react-native-nitro-modules:compileDebugLibraryResources UP-TO-DATE
> Task :react-native-pulsar:mapDebugSourceSetPaths UP-TO-DATE
> Task :react-native-pulsar:compileDebugLibraryResources UP-TO-DATE
> Task :react-native-reanimated:mapDebugSourceSetPaths UP-TO-DATE
> Task :react-native-reanimated:compileDebugLibraryResources UP-TO-DATE
> Task :react-native-safe-area-context:mapDebugSourceSetPaths UP-TO-DATE
> Task :react-native-safe-area-context:compileDebugLibraryResources UP-TO-DATE
> Task :react-native-screens:mapDebugSourceSetPaths UP-TO-DATE
> Task :react-native-screens:compileDebugLibraryResources UP-TO-DATE
> Task :react-native-svg:mapDebugSourceSetPaths UP-TO-DATE
> Task :react-native-svg:compileDebugLibraryResources UP-TO-DATE
> Task :react-native-vision-camera:mapDebugSourceSetPaths UP-TO-DATE
> Task :react-native-vision-camera:compileDebugLibraryResources UP-TO-DATE
> Task :react-native-webgpu:mapDebugSourceSetPaths UP-TO-DATE
> Task :react-native-webgpu:compileDebugLibraryResources UP-TO-DATE
> Task :react-native-webview:mapDebugSourceSetPaths UP-TO-DATE
> Task :react-native-webview:compileDebugLibraryResources UP-TO-DATE
> Task :react-native-worklets:mapDebugSourceSetPaths UP-TO-DATE
> Task :react-native-worklets:compileDebugLibraryResources UP-TO-DATE
> Task :react_viro:mapQuestDebugSourceSetPaths
> Task :sentry-react-native-expo:mapDebugSourceSetPaths UP-TO-DATE
> Task :react_viro:compileQuestDebugLibraryResources
> Task :sentry-react-native-expo:compileDebugLibraryResources UP-TO-DATE
> Task :sentry_react-native:mapDebugSourceSetPaths UP-TO-DATE
> Task :sentry_react-native:compileDebugLibraryResources UP-TO-DATE
> Task :shopify_react-native-skia:mapDebugSourceSetPaths UP-TO-DATE
> Task :shopify_react-native-skia:compileDebugLibraryResources UP-TO-DATE
> Task :unimodules-app-loader:mapDebugSourceSetPaths UP-TO-DATE
> Task :unimodules-app-loader:compileDebugLibraryResources UP-TO-DATE
> Task :viro_renderer:mapQuestDebugSourceSetPaths
> Task :viro_renderer:compileQuestDebugLibraryResources
> Task :app:processQuestDebugJavaRes UP-TO-DATE
> Task :board-texture:processDebugJavaRes UP-TO-DATE
> Task :expo:processQuestDebugJavaRes UP-TO-DATE
> Task :expo-asset:processDebugJavaRes UP-TO-DATE
> Task :expo-background-task:processDebugJavaRes UP-TO-DATE
> Task :expo-constants:processDebugJavaRes UP-TO-DATE
> Task :expo-document-picker:processDebugJavaRes UP-TO-DATE
> Task :expo-dom-webview:processDebugJavaRes UP-TO-DATE
> Task :expo-drag-drop-content-view:processDebugJavaRes UP-TO-DATE
> Task :expo-eas-client:processDebugJavaRes UP-TO-DATE
> Task :expo-file-system:processDebugJavaRes UP-TO-DATE
> Task :expo-font:processDebugJavaRes UP-TO-DATE
> Task :expo-horizon-core:processQuestDebugJavaRes UP-TO-DATE
> Task :expo-image:processDebugJavaRes UP-TO-DATE
> Task :expo-image-loader:processDebugJavaRes UP-TO-DATE
> Task :expo-image-manipulator:processDebugJavaRes UP-TO-DATE
> Task :expo-image-picker:processDebugJavaRes UP-TO-DATE
> Task :expo-json-utils:processDebugJavaRes UP-TO-DATE
> Task :expo-keep-awake:processDebugJavaRes UP-TO-DATE
> Task :expo-linking:processDebugJavaRes UP-TO-DATE
> Task :expo-log-box:processDebugJavaRes UP-TO-DATE
> Task :expo-manifests:processDebugJavaRes UP-TO-DATE
> Task :expo-modules-core:processDebugJavaRes UP-TO-DATE
> Task :expo-paste-input:processDebugJavaRes UP-TO-DATE
> Task :expo-pico-core:processMobileDebugJavaRes UP-TO-DATE
> Task :expo-router:processDebugJavaRes UP-TO-DATE
> Task :expo-screen-capture:processDebugJavaRes UP-TO-DATE
> Task :expo-secure-store:processDebugJavaRes UP-TO-DATE
> Task :expo-splash-screen:processDebugJavaRes UP-TO-DATE
> Task :expo-status-bar:processDebugJavaRes UP-TO-DATE
> Task :expo-structured-headers:processDebugJavaRes NO-SOURCE
> Task :expo-system-ui:processDebugJavaRes UP-TO-DATE
> Task :expo-task-manager:processDebugJavaRes UP-TO-DATE
> Task :expo-ui:processDebugJavaRes UP-TO-DATE
> Task :expo-updates:processDebugJavaRes UP-TO-DATE
> Task :expo-updates-interface:processDebugJavaRes UP-TO-DATE
> Task :nandorojo-galeria:processDebugJavaRes UP-TO-DATE
> Task :nitro-canvas-in-Vision:processDebugJavaRes UP-TO-DATE
> Task :react-native-audio-api:processDebugJavaRes UP-TO-DATE
> Task :react-native-enriched-html:processDebugJavaRes UP-TO-DATE
> Task :react-native-executorch:processDebugJavaRes UP-TO-DATE
> Task :react-native-gesture-handler:processDebugJavaRes UP-TO-DATE
> Task :react-native-keyboard-controller:processDebugJavaRes UP-TO-DATE
> Task :react-native-masked-view_masked-view:processDebugJavaRes NO-SOURCE
> Task :react-native-mmkv:processDebugJavaRes UP-TO-DATE
> Task :react-native-nitro-fetch:processDebugJavaRes UP-TO-DATE
> Task :react-native-nitro-image:processDebugJavaRes UP-TO-DATE
> Task :react-native-nitro-modules:processDebugJavaRes UP-TO-DATE
> Task :react-native-pulsar:processDebugJavaRes UP-TO-DATE
> Task :react-native-reanimated:processDebugJavaRes UP-TO-DATE
> Task :react-native-safe-area-context:processDebugJavaRes UP-TO-DATE
> Task :react-native-screens:processDebugJavaRes UP-TO-DATE
> Task :react-native-svg:processDebugJavaRes NO-SOURCE
> Task :react-native-vision-camera:processDebugJavaRes UP-TO-DATE
> Task :react-native-webgpu:processDebugJavaRes NO-SOURCE
> Task :react-native-webview:processDebugJavaRes UP-TO-DATE
> Task :react-native-worklets:processDebugJavaRes UP-TO-DATE
> Task :react_viro:processQuestDebugJavaRes NO-SOURCE
> Task :sentry-react-native-expo:processDebugJavaRes NO-SOURCE
> Task :sentry_react-native:processDebugJavaRes NO-SOURCE
> Task :shopify_react-native-skia:processDebugJavaRes NO-SOURCE
> Task :unimodules-app-loader:processDebugJavaRes NO-SOURCE
> Task :viro_renderer:processQuestDebugJavaRes NO-SOURCE
> Task :app:mergeQuestDebugJavaResource UP-TO-DATE
> Task :react-native-executorch:configureCMakeDebug[arm64-v8a]
> Task :react-native-executorch:generateJsonModelDebug
> Task :react-native-executorch:prefabDebugConfigurePackage UP-TO-DATE
> Task :react-native-nitro-modules:configureCMakeDebug[arm64-v8a]
> Task :react-native-nitro-modules:buildCMakeDebug[arm64-v8a]
> Task :react-native-nitro-modules:externalNativeBuildDebug
> Task :react-native-nitro-modules:generateJsonModelDebug
> Task :react-native-nitro-modules:prefabDebugConfigurePackage
> Task :react-native-nitro-image:configureCMakeDebug[arm64-v8a]
> Task :react-native-nitro-modules:prefabDebugPackage UP-TO-DATE
> Task :app:processQuestDebugResources
> Task :react-native-nitro-image:buildCMakeDebug[arm64-v8a]
> Task :app:dexBuilderQuestDebug UP-TO-DATE
> Task :app:mergeProjectDexQuestDebug UP-TO-DATE
> Task :react-native-nitro-modules:mergeDebugJniLibFolders UP-TO-DATE
> Task :react-native-nitro-modules:mergeDebugNativeLibs UP-TO-DATE
> Task :react-native-nitro-modules:copyDebugJniLibsProjectOnly UP-TO-DATE
> Task :react-native-nitro-image:externalNativeBuildDebug
> Task :react-native-nitro-image:generateJsonModelDebug
> Task :react-native-nitro-image:prefabDebugConfigurePackage
> Task :react-native-worklets:configureCMakeDebug[arm64-v8a]
> Task :react-native-worklets:buildCMakeDebug[arm64-v8a][worklets]
> Task :react-native-worklets:externalNativeBuildDebug
> Task :react-native-worklets:generateJsonModelDebug
> Task :react-native-worklets:prefabDebugConfigurePackage
> Task :react-native-reanimated:configureCMakeDebug[arm64-v8a]
> Task :react-native-reanimated:generateJsonModelDebug
> Task :react-native-reanimated:prefabDebugConfigurePackage UP-TO-DATE
> Task :react-native-nitro-image:mergeDebugJniLibFolders UP-TO-DATE
> Task :react-native-nitro-image:mergeDebugNativeLibs UP-TO-DATE
> Task :react-native-nitro-image:copyDebugJniLibsProjectOnly UP-TO-DATE
> Task :react-native-nitro-image:prefabDebugPackage UP-TO-DATE
> Task :react-native-vision-camera:configureCMakeDebug[arm64-v8a]
> Task :react-native-vision-camera:buildCMakeDebug[arm64-v8a]
> Task :react-native-vision-camera:externalNativeBuildDebug
> Task :react-native-vision-camera:generateJsonModelDebug
> Task :react-native-vision-camera:prefabDebugConfigurePackage
> Task :shopify_react-native-skia:extractAARHeaders
> Task :shopify_react-native-skia:extractJNIFiles
> Task :shopify_react-native-skia:configureCMakeDebug[arm64-v8a]
> Task :shopify_react-native-skia:generateJsonModelDebug
> Task :shopify_react-native-skia:prefabDebugConfigurePackage UP-TO-DATE
> Task :app:configureCMakeDebug[arm64-v8a]-3
> Task :react-native-executorch:buildCMakeDebug[arm64-v8a]
> Task :react-native-executorch:externalNativeBuildDebug
> Task :react-native-executorch:prefabDebugPackage UP-TO-DATE
> Task :react-native-worklets:prefabDebugPackage UP-TO-DATE
> Task :react-native-reanimated:buildCMakeDebug[arm64-v8a][reanimated]
> Task :react-native-worklets:mergeDebugJniLibFolders UP-TO-DATE
> Task :react-native-worklets:mergeDebugNativeLibs UP-TO-DATE
> Task :react-native-worklets:copyDebugJniLibsProjectOnly UP-TO-DATE
> Task :react-native-reanimated:externalNativeBuildDebug
> Task :react-native-reanimated:prefabDebugPackage UP-TO-DATE
> Task :react-native-vision-camera:prefabDebugPackage UP-TO-DATE
> Task :shopify_react-native-skia:buildCMakeDebug[arm64-v8a]
> Task :shopify_react-native-skia:externalNativeBuildDebug
> Task :shopify_react-native-skia:prefabDebugPackage UP-TO-DATE
> Task :app:buildCMakeDebug[arm64-v8a]-3
> Task :app:mergeQuestDebugJniLibFolders UP-TO-DATE
> Task :board-texture:mergeDebugJniLibFolders UP-TO-DATE
> Task :board-texture:mergeDebugNativeLibs NO-SOURCE
> Task :board-texture:copyDebugJniLibsProjectOnly UP-TO-DATE
> Task :expo:mergeQuestDebugJniLibFolders UP-TO-DATE
> Task :expo:mergeQuestDebugNativeLibs NO-SOURCE
> Task :expo:copyQuestDebugJniLibsProjectOnly UP-TO-DATE
> Task :expo-asset:mergeDebugJniLibFolders UP-TO-DATE
> Task :expo-asset:mergeDebugNativeLibs NO-SOURCE
> Task :expo-asset:copyDebugJniLibsProjectOnly UP-TO-DATE
> Task :expo-background-task:mergeDebugJniLibFolders UP-TO-DATE
> Task :expo-background-task:mergeDebugNativeLibs NO-SOURCE
> Task :expo-background-task:copyDebugJniLibsProjectOnly UP-TO-DATE
> Task :expo-constants:mergeDebugJniLibFolders UP-TO-DATE
> Task :expo-constants:mergeDebugNativeLibs NO-SOURCE
> Task :expo-constants:copyDebugJniLibsProjectOnly UP-TO-DATE
> Task :expo-document-picker:mergeDebugJniLibFolders UP-TO-DATE
> Task :expo-document-picker:mergeDebugNativeLibs NO-SOURCE
> Task :expo-document-picker:copyDebugJniLibsProjectOnly UP-TO-DATE
> Task :expo-dom-webview:mergeDebugJniLibFolders UP-TO-DATE
> Task :expo-dom-webview:mergeDebugNativeLibs NO-SOURCE
> Task :expo-dom-webview:copyDebugJniLibsProjectOnly UP-TO-DATE
> Task :expo-drag-drop-content-view:mergeDebugJniLibFolders UP-TO-DATE
> Task :expo-drag-drop-content-view:mergeDebugNativeLibs NO-SOURCE
> Task :expo-drag-drop-content-view:copyDebugJniLibsProjectOnly UP-TO-DATE
> Task :expo-eas-client:mergeDebugJniLibFolders UP-TO-DATE
> Task :expo-eas-client:mergeDebugNativeLibs NO-SOURCE
> Task :expo-eas-client:copyDebugJniLibsProjectOnly UP-TO-DATE
> Task :expo-file-system:mergeDebugJniLibFolders UP-TO-DATE
> Task :expo-file-system:mergeDebugNativeLibs NO-SOURCE
> Task :expo-file-system:copyDebugJniLibsProjectOnly UP-TO-DATE
> Task :expo-font:mergeDebugJniLibFolders UP-TO-DATE
> Task :expo-font:mergeDebugNativeLibs NO-SOURCE
> Task :expo-font:copyDebugJniLibsProjectOnly UP-TO-DATE
> Task :expo-horizon-core:mergeQuestDebugJniLibFolders UP-TO-DATE
> Task :expo-horizon-core:mergeQuestDebugNativeLibs NO-SOURCE
> Task :expo-horizon-core:copyQuestDebugJniLibsProjectOnly UP-TO-DATE
> Task :expo-image:mergeDebugJniLibFolders UP-TO-DATE
> Task :expo-image:mergeDebugNativeLibs NO-SOURCE
> Task :expo-image:copyDebugJniLibsProjectOnly UP-TO-DATE
> Task :expo-image-loader:mergeDebugJniLibFolders UP-TO-DATE
> Task :expo-image-loader:mergeDebugNativeLibs NO-SOURCE
> Task :expo-image-loader:copyDebugJniLibsProjectOnly UP-TO-DATE
> Task :expo-image-manipulator:mergeDebugJniLibFolders UP-TO-DATE
> Task :expo-image-manipulator:mergeDebugNativeLibs NO-SOURCE
> Task :expo-image-manipulator:copyDebugJniLibsProjectOnly UP-TO-DATE
> Task :expo-image-picker:mergeDebugJniLibFolders UP-TO-DATE
> Task :expo-image-picker:mergeDebugNativeLibs NO-SOURCE
> Task :expo-image-picker:copyDebugJniLibsProjectOnly UP-TO-DATE
> Task :expo-json-utils:mergeDebugJniLibFolders UP-TO-DATE
> Task :expo-json-utils:mergeDebugNativeLibs NO-SOURCE
> Task :expo-json-utils:copyDebugJniLibsProjectOnly UP-TO-DATE
> Task :expo-keep-awake:mergeDebugJniLibFolders UP-TO-DATE
> Task :expo-keep-awake:mergeDebugNativeLibs NO-SOURCE
> Task :expo-keep-awake:copyDebugJniLibsProjectOnly UP-TO-DATE
> Task :expo-linking:mergeDebugJniLibFolders UP-TO-DATE
> Task :expo-linking:mergeDebugNativeLibs NO-SOURCE
> Task :expo-linking:copyDebugJniLibsProjectOnly UP-TO-DATE
> Task :expo-log-box:mergeDebugJniLibFolders UP-TO-DATE
> Task :expo-log-box:mergeDebugNativeLibs NO-SOURCE
> Task :expo-log-box:copyDebugJniLibsProjectOnly UP-TO-DATE
> Task :expo-manifests:mergeDebugJniLibFolders UP-TO-DATE
> Task :expo-manifests:mergeDebugNativeLibs NO-SOURCE
> Task :expo-manifests:copyDebugJniLibsProjectOnly UP-TO-DATE
> Task :expo-modules-core:unpackExpoModulesV2Cpp UP-TO-DATE
> Task :expo-modules-core:configureCMakeDebug[arm64-v8a]
> Task :expo-modules-core:buildCMakeDebug[arm64-v8a]
> Task :expo-modules-core:mergeDebugJniLibFolders UP-TO-DATE
> Task :expo-modules-core:mergeDebugNativeLibs UP-TO-DATE
> Task :expo-modules-core:copyDebugJniLibsProjectOnly UP-TO-DATE
> Task :expo-paste-input:mergeDebugJniLibFolders UP-TO-DATE
> Task :expo-paste-input:mergeDebugNativeLibs NO-SOURCE
> Task :expo-paste-input:copyDebugJniLibsProjectOnly UP-TO-DATE
> Task :expo-pico-core:configureCMakeDebug[arm64-v8a]
> Task :expo-pico-core:buildCMakeDebug[arm64-v8a]
> Task :expo-pico-core:mergeMobileDebugJniLibFolders UP-TO-DATE
> Task :expo-pico-core:mergeMobileDebugNativeLibs UP-TO-DATE
> Task :expo-pico-core:copyMobileDebugJniLibsProjectOnly UP-TO-DATE
> Task :expo-router:mergeDebugJniLibFolders UP-TO-DATE
> Task :expo-router:mergeDebugNativeLibs NO-SOURCE
> Task :expo-router:copyDebugJniLibsProjectOnly UP-TO-DATE
> Task :expo-screen-capture:mergeDebugJniLibFolders UP-TO-DATE
> Task :expo-screen-capture:mergeDebugNativeLibs NO-SOURCE
> Task :expo-screen-capture:copyDebugJniLibsProjectOnly UP-TO-DATE
> Task :expo-secure-store:mergeDebugJniLibFolders UP-TO-DATE
> Task :expo-secure-store:mergeDebugNativeLibs NO-SOURCE
> Task :expo-secure-store:copyDebugJniLibsProjectOnly UP-TO-DATE
> Task :expo-splash-screen:mergeDebugJniLibFolders UP-TO-DATE
> Task :expo-splash-screen:mergeDebugNativeLibs NO-SOURCE
> Task :expo-splash-screen:copyDebugJniLibsProjectOnly UP-TO-DATE
> Task :expo-status-bar:mergeDebugJniLibFolders UP-TO-DATE
> Task :expo-status-bar:mergeDebugNativeLibs NO-SOURCE
> Task :expo-status-bar:copyDebugJniLibsProjectOnly UP-TO-DATE
> Task :expo-structured-headers:mergeDebugJniLibFolders UP-TO-DATE
> Task :expo-structured-headers:mergeDebugNativeLibs NO-SOURCE
> Task :expo-structured-headers:copyDebugJniLibsProjectOnly UP-TO-DATE
> Task :expo-system-ui:mergeDebugJniLibFolders UP-TO-DATE
> Task :expo-system-ui:mergeDebugNativeLibs NO-SOURCE
> Task :expo-system-ui:copyDebugJniLibsProjectOnly UP-TO-DATE
> Task :expo-task-manager:mergeDebugJniLibFolders UP-TO-DATE
> Task :expo-task-manager:mergeDebugNativeLibs NO-SOURCE
> Task :expo-task-manager:copyDebugJniLibsProjectOnly UP-TO-DATE
> Task :expo-ui:mergeDebugJniLibFolders UP-TO-DATE
> Task :expo-ui:mergeDebugNativeLibs NO-SOURCE
> Task :expo-ui:copyDebugJniLibsProjectOnly UP-TO-DATE
> Task :expo-updates:configureCMakeDebug[arm64-v8a]
> Task :expo-updates:buildCMakeDebug[arm64-v8a]
> Task :expo-updates:mergeDebugJniLibFolders UP-TO-DATE
> Task :expo-updates:mergeDebugNativeLibs UP-TO-DATE
> Task :expo-updates:copyDebugJniLibsProjectOnly UP-TO-DATE
> Task :expo-updates-interface:mergeDebugJniLibFolders UP-TO-DATE
> Task :expo-updates-interface:mergeDebugNativeLibs NO-SOURCE
> Task :expo-updates-interface:copyDebugJniLibsProjectOnly UP-TO-DATE
> Task :nandorojo-galeria:mergeDebugJniLibFolders UP-TO-DATE
> Task :nandorojo-galeria:mergeDebugNativeLibs NO-SOURCE
> Task :nandorojo-galeria:copyDebugJniLibsProjectOnly UP-TO-DATE
> Task :nitro-canvas-in-Vision:configureCMakeDebug[arm64-v8a]
> Task :nitro-canvas-in-Vision:buildCMakeDebug[arm64-v8a]
> Task :nitro-canvas-in-Vision:mergeDebugJniLibFolders UP-TO-DATE
> Task :nitro-canvas-in-Vision:mergeDebugNativeLibs UP-TO-DATE
> Task :nitro-canvas-in-Vision:copyDebugJniLibsProjectOnly UP-TO-DATE
> Task :react-native-audio-api:configureCMakeDebug[arm64-v8a]
> Task :react-native-audio-api:buildCMakeDebug[arm64-v8a]
> Task :react-native-audio-api:mergeDebugJniLibFolders UP-TO-DATE
> Task :react-native-audio-api:mergeDebugNativeLibs UP-TO-DATE
> Task :react-native-audio-api:copyDebugJniLibsProjectOnly UP-TO-DATE
> Task :react-native-enriched-html:mergeDebugJniLibFolders UP-TO-DATE
> Task :react-native-enriched-html:mergeDebugNativeLibs NO-SOURCE
> Task :react-native-enriched-html:copyDebugJniLibsProjectOnly UP-TO-DATE
> Task :react-native-executorch:mergeDebugJniLibFolders UP-TO-DATE
> Task :react-native-executorch:mergeDebugNativeLibs UP-TO-DATE
> Task :react-native-executorch:copyDebugJniLibsProjectOnly UP-TO-DATE
> Task :react-native-gesture-handler:configureCMakeDebug[arm64-v8a]
> Task :react-native-gesture-handler:buildCMakeDebug[arm64-v8a]
> Task :react-native-gesture-handler:mergeDebugJniLibFolders UP-TO-DATE
> Task :react-native-gesture-handler:mergeDebugNativeLibs UP-TO-DATE
> Task :react-native-gesture-handler:copyDebugJniLibsProjectOnly UP-TO-DATE
> Task :react-native-keyboard-controller:mergeDebugJniLibFolders UP-TO-DATE
> Task :react-native-keyboard-controller:mergeDebugNativeLibs NO-SOURCE
> Task :react-native-keyboard-controller:copyDebugJniLibsProjectOnly UP-TO-DATE
> Task :react-native-masked-view_masked-view:mergeDebugJniLibFolders UP-TO-DATE
> Task :react-native-masked-view_masked-view:mergeDebugNativeLibs NO-SOURCE
> Task :react-native-masked-view_masked-view:copyDebugJniLibsProjectOnly UP-TO-DATE
> Task :react-native-mmkv:configureCMakeDebug[arm64-v8a]
> Task :react-native-mmkv:buildCMakeDebug[arm64-v8a]
> Task :react-native-mmkv:mergeDebugJniLibFolders UP-TO-DATE
> Task :react-native-mmkv:mergeDebugNativeLibs UP-TO-DATE
> Task :react-native-mmkv:copyDebugJniLibsProjectOnly UP-TO-DATE
> Task :react-native-nitro-fetch:configureCMakeDebug[arm64-v8a]
> Task :react-native-nitro-fetch:buildCMakeDebug[arm64-v8a]
> Task :react-native-nitro-fetch:mergeDebugJniLibFolders UP-TO-DATE
> Task :react-native-nitro-fetch:mergeDebugNativeLibs UP-TO-DATE
> Task :react-native-nitro-fetch:copyDebugJniLibsProjectOnly UP-TO-DATE
> Task :react-native-pulsar:mergeDebugJniLibFolders UP-TO-DATE
> Task :react-native-pulsar:mergeDebugNativeLibs NO-SOURCE
> Task :react-native-pulsar:copyDebugJniLibsProjectOnly UP-TO-DATE
> Task :react-native-reanimated:mergeDebugJniLibFolders UP-TO-DATE
> Task :react-native-reanimated:mergeDebugNativeLibs UP-TO-DATE
> Task :react-native-reanimated:copyDebugJniLibsProjectOnly UP-TO-DATE
> Task :react-native-safe-area-context:mergeDebugJniLibFolders UP-TO-DATE
> Task :react-native-safe-area-context:mergeDebugNativeLibs NO-SOURCE
> Task :react-native-safe-area-context:copyDebugJniLibsProjectOnly UP-TO-DATE
> Task :react-native-screens:configureCMakeDebug[arm64-v8a]
> Task :react-native-screens:buildCMakeDebug[arm64-v8a]
> Task :react-native-screens:mergeDebugJniLibFolders UP-TO-DATE
> Task :react-native-screens:mergeDebugNativeLibs UP-TO-DATE
> Task :react-native-screens:copyDebugJniLibsProjectOnly UP-TO-DATE
> Task :react-native-svg:mergeDebugJniLibFolders UP-TO-DATE
> Task :react-native-svg:mergeDebugNativeLibs NO-SOURCE
> Task :react-native-svg:copyDebugJniLibsProjectOnly UP-TO-DATE
> Task :react-native-vision-camera:mergeDebugJniLibFolders UP-TO-DATE
> Task :react-native-vision-camera:mergeDebugNativeLibs UP-TO-DATE
> Task :react-native-vision-camera:copyDebugJniLibsProjectOnly UP-TO-DATE
> Task :react-native-webgpu:configureCMakeDebug[arm64-v8a]
> Task :react-native-webgpu:buildCMakeDebug[arm64-v8a]
> Task :react-native-webgpu:mergeDebugJniLibFolders UP-TO-DATE
> Task :react-native-webgpu:mergeDebugNativeLibs UP-TO-DATE
> Task :react-native-webgpu:copyDebugJniLibsProjectOnly UP-TO-DATE
> Task :react-native-webview:mergeDebugJniLibFolders UP-TO-DATE
> Task :react-native-webview:mergeDebugNativeLibs NO-SOURCE
> Task :react-native-webview:copyDebugJniLibsProjectOnly UP-TO-DATE
> Task :react_viro:mergeQuestDebugJniLibFolders
> Task :react_viro:mergeQuestDebugNativeLibs NO-SOURCE
> Task :react_viro:copyQuestDebugJniLibsProjectOnly
> Task :sentry-react-native-expo:mergeDebugJniLibFolders UP-TO-DATE
> Task :sentry-react-native-expo:mergeDebugNativeLibs NO-SOURCE
> Task :sentry-react-native-expo:copyDebugJniLibsProjectOnly UP-TO-DATE
> Task :sentry_react-native:configureCMakeDebug[arm64-v8a]
> Task :sentry_react-native:buildCMakeDebug[arm64-v8a]
> Task :sentry_react-native:mergeDebugJniLibFolders UP-TO-DATE
> Task :sentry_react-native:mergeDebugNativeLibs UP-TO-DATE
> Task :sentry_react-native:copyDebugJniLibsProjectOnly UP-TO-DATE
> Task :shopify_react-native-skia:mergeDebugJniLibFolders UP-TO-DATE
> Task :shopify_react-native-skia:mergeDebugNativeLibs UP-TO-DATE
> Task :shopify_react-native-skia:copyDebugJniLibsProjectOnly UP-TO-DATE
> Task :unimodules-app-loader:mergeDebugJniLibFolders UP-TO-DATE
> Task :unimodules-app-loader:mergeDebugNativeLibs NO-SOURCE
> Task :unimodules-app-loader:copyDebugJniLibsProjectOnly UP-TO-DATE
> Task :viro_renderer:mergeQuestDebugJniLibFolders
> Task :viro_renderer:mergeQuestDebugNativeLibs NO-SOURCE
> Task :app:validateSigningQuestDebug UP-TO-DATE
> Task :viro_renderer:copyQuestDebugJniLibsProjectOnly
> Task :app:writeQuestDebugAppMetadata UP-TO-DATE
> Task :app:writeQuestDebugSigningConfigVersions UP-TO-DATE
> Task :app:mergeQuestDebugNativeLibs
> Task :app:stripQuestDebugDebugSymbols
> Task :app:packageQuestDebug
> Task :app:createQuestDebugApkListingFileRedirect UP-TO-DATE
> Task :app:assembleQuestDebug

[Incubating] Problems report is available at: file:///Users/mikevocalz/moyo-rive-panel/apps/mobile/android/build/reports/problems/problems-report.html

Deprecated Gradle features were used in this build, making it incompatible with Gradle 10.

You can use '--warning-mode all' to show the individual deprecation warnings and determine if they come from your own scripts or plugins.

For more on this, please refer to https://docs.gradle.org/9.4.1/userguide/command_line_interface.html#sec:command_line_warnings in the Gradle documentation.

BUILD SUCCESSFUL in 30s
1379 actionable tasks: 107 executed, 1272 up-to-date
