npm notice
npm notice 📦  @reactvision/react-viro@3.0.0-moyo.5-rive.10
npm notice Tarball Contents
npm notice 1.1kB LICENSE
npm notice 9.2kB README.md
npm notice 88B android/arcore_client/build.gradle
npm notice 290.8kB android/arcore_client/core-1.43.0.aar
npm notice 90B android/gvr_common/build.gradle
npm notice 519.4kB android/gvr_common/sdk-common-1.180.0.aar
npm notice 684B android/react_viro/build.gradle
npm notice 569.8kB android/react_viro/react_viro-release.aar
npm notice 257B android/react_viro/README.md
npm notice 913B android/viro_renderer/build.gradle
npm notice 157B android/viro_renderer/build/intermediates/aar_metadata/picoRelease/writePicoReleaseAarMetadata/aar-metadata.properties
npm notice 1.7kB android/viro_renderer/build/intermediates/android_res_source_set_path_map/picoRelease/mapPicoReleaseSourceSetPaths/file-map.txt
npm notice 2B android/viro_renderer/build/intermediates/annotation_processor_list/picoRelease/javaPreCompilePicoRelease/annotationProcessors.json
npm notice 345B android/viro_renderer/build/intermediates/compile_library_classes_jar/picoRelease/bundleLibCompileToJarPicoRelease/classes.jar
npm notice 345B android/viro_renderer/build/intermediates/compile_r_class_jar/picoRelease/generatePicoReleaseRFile/R.jar
npm notice 0B android/viro_renderer/build/intermediates/compile_symbol_list/picoRelease/generatePicoReleaseRFile/R.txt
npm notice 30B android/viro_renderer/build/intermediates/incremental/picoRelease/packagePicoReleaseResources/compile-file-map.properties
npm notice 3.0kB android/viro_renderer/build/intermediates/incremental/picoRelease/packagePicoReleaseResources/merger.xml
npm notice 55B android/viro_renderer/build/intermediates/local_only_symbol_list/picoRelease/parsePicoReleaseLocalResources/R-def.txt
npm notice 15B android/viro_renderer/build/intermediates/nested_resources_validation_report/picoRelease/generatePicoReleaseResources/nestedResourcesValidationReport.txt
npm notice 39B android/viro_renderer/build/intermediates/symbol_list_with_package_name/picoRelease/generatePicoReleaseRFile/package-aware-r.txt
npm notice 10.1MB android/viro_renderer/viro_renderer-release.aar
npm notice 53B app.plugin.js
npm notice 438.1kB bin/EtcTool
npm notice 15.2MB bin/ViroFBX
npm notice 2.1kB components/Animation/ViroAnimations.ts
npm notice 875B components/Animation/ViroAnimations.web.ts
npm notice 1.0kB components/AR/ViroARCamera.tsx
npm notice 3.0kB components/AR/ViroARCloudAnchor.tsx
npm notice 4.2kB components/AR/ViroARImageMarker.tsx
npm notice 815B components/AR/ViroARImageMarker.web.tsx
npm notice 4.2kB components/AR/ViroARObjectMarker.tsx
npm notice 580B components/AR/ViroARObjectMarker.web.tsx
npm notice 4.3kB components/AR/ViroARPlane.tsx
npm notice 4.1kB components/AR/ViroARPlane.web.tsx
npm notice 23.4kB components/AR/ViroARPlaneSelector.tsx
npm notice 20.2kB components/AR/ViroARScene.tsx
npm notice 5.1kB components/AR/ViroARScene.web.tsx
npm notice 59.0kB components/AR/ViroARSceneNavigator.tsx
npm notice 12.0kB components/AR/ViroARSceneNavigator.web.tsx
npm notice 2.7kB components/AR/ViroARTrackingTargets.tsx
npm notice 4.3kB components/AR/ViroColocation.ts
npm notice 5.2kB components/AR/ViroCommonProps.ts
npm notice 11.9kB components/AR/ViroFrameSource.ts
npm notice 5.2kB components/AR/ViroLocationFrame.ts
npm notice 13.2kB components/AR/ViroReplication.ts
npm notice 4.2kB components/AR/ViroSharedFrame.tsx
npm notice 1.1kB components/CanvasPanel/nitroCanvas.ts
npm notice 5.2kB components/CanvasPanel/useCanvasPanel.ts
npm notice 3.0kB components/CanvasPanel/useEnsureWgpuAdapter.ts
npm notice 2.4kB components/hooks/useGameLoop.ts
npm notice 4.0kB components/hooks/useViroColocation.ts
npm notice 3.4kB components/hooks/useViroReplicatedState.ts
npm notice 9.6kB components/Material/ViroMaterials.ts
npm notice 1.5kB components/Material/ViroMaterials.web.ts
npm notice 1.4kB components/Resources/viro_blank.png
npm notice 2.9kB components/Resources/viro_spinner_1_w.png
npm notice 16.2kB components/Resources/viro_spinner_1.png
npm notice 3.2kB components/Resources/viro_spinner_1a_w.png
npm notice 16.4kB components/Resources/viro_spinner_1a.png
npm notice 3.3kB components/Studio/domain/animationRegistry.ts
npm notice 21.2kB components/Studio/domain/apiRequestHelpers.ts
npm notice 1.5kB components/Studio/domain/assetPosition.ts
npm notice 3.0kB components/Studio/domain/collisionBindingsRuntime.ts
npm notice 437B components/Studio/domain/collisionPairKey.ts
npm notice 2.1kB components/Studio/domain/defaultApiRequestExecutor.ts
npm notice 6.2kB components/Studio/domain/dragConfiguration.ts
npm notice 19.6kB components/Studio/domain/expressionEvaluator.ts
npm notice 5.1kB components/Studio/domain/gazeBindingsRuntime.ts
npm notice 11.3kB components/Studio/domain/materialConfig.ts
npm notice 10.3kB components/Studio/domain/physicsConfig.ts
npm notice 1.7kB components/Studio/domain/placementBannerStore.ts
npm notice 9.7kB components/Studio/domain/placementStore.ts
npm notice 3.9kB components/Studio/domain/proximityBindingsRuntime.ts
npm notice 1.5kB components/Studio/domain/recordingStore.ts
npm notice 34.7kB components/Studio/domain/sceneNavigationHandler.ts
npm notice 5.0kB components/Studio/domain/soundManager.ts
npm notice 3.0kB components/Studio/domain/studioApiError.ts
npm notice 2.4kB components/Studio/domain/studioLighting.ts
npm notice 1.1kB components/Studio/domain/studioMaterials.ts
npm notice 1.6kB components/Studio/domain/StudioSounds.tsx
npm notice 2.9kB components/Studio/domain/triggerImageRegistry.ts
npm notice 1.8kB components/Studio/domain/useStudioShaderTimeUniforms.ts
npm notice 1.8kB components/Studio/domain/useStudioShaderViewportUniforms.ts
npm notice 1.4kB components/Studio/domain/utils.ts
npm notice 2.4kB components/Studio/domain/variableStore.ts
npm notice 24.2kB components/Studio/domain/viroNodeFactory.tsx
npm notice 2.4kB components/Studio/domain/visibilityStore.ts
npm notice 1.0kB components/Studio/index.ts
npm notice 54.5kB components/Studio/StudioARScene.tsx
npm notice 13.6kB components/Studio/StudioARScene.web.tsx
npm notice 1.5kB components/Studio/StudioPlacementIndicator.tsx
npm notice 2.0kB components/Studio/StudioPlacementIndicator.web.tsx
npm notice 2.0kB components/Studio/StudioRecordingIndicator.tsx
npm notice 2.1kB components/Studio/StudioRecordingIndicator.web.tsx
npm notice 1.8kB components/Studio/StudioSceneErrorBoundary.tsx
npm notice 22.0kB components/Studio/StudioSceneNavigator.tsx
npm notice 8.6kB components/Studio/StudioSceneNavigator.web.tsx
npm notice 12.1kB components/Studio/types.ts
npm notice 1.4kB components/Studio/useStudioPlacement.ts
npm notice 1.0kB components/Studio/useStudioRecording.ts
npm notice 2.8kB components/Studio/VRTStudioModule.ts
npm notice 680B components/Styles/ViroStyle.ts
npm notice 575B components/Styles/ViroTextStyle.ts
npm notice 24.1kB components/Types/ViroEvents.ts
npm notice 5.8kB components/Types/ViroUtils.ts
npm notice 2.5kB components/Types/ViroWorldMesh.ts
npm notice 12.2kB components/useViroMapCamera.ts
npm notice 2.4kB components/Utilities/StreamingAudioManager.ts
npm notice 2.0kB components/Utilities/useAnySourceHover.ts
npm notice 2.4kB components/Utilities/useAnySourcePressed.ts
npm notice 2.8kB components/Utilities/ViroAssetSource.ts
npm notice 4.1kB components/Utilities/ViroPlatform.ts
npm notice 2.8kB components/Utilities/ViroProps.tsx
npm notice 7.8kB components/Utilities/ViroUtils.tsx
npm notice 52B components/Utilities/ViroVersion.ts
npm notice 4.0kB components/Utilities/VRModuleOpenXR.ts
npm notice 6.4kB components/Utilities/VRQuestNavigatorBridge.ts
npm notice 8.5kB components/Viro3DObject.tsx
npm notice 3.2kB components/Viro3DObject.web.tsx
npm notice 14.6kB components/Viro3DSceneNavigator.tsx
npm notice 3.7kB components/Viro3DSceneNavigator.web.tsx
npm notice 3.8kB components/Viro360Image.tsx
npm notice 1.4kB components/Viro360Image.web.tsx
npm notice 4.8kB components/Viro360Video.tsx
npm notice 4.3kB components/Viro360Video.web.tsx
npm notice 1.4kB components/ViroAmbientLight.tsx
npm notice 336B components/ViroAmbientLight.web.tsx
npm notice 2.1kB components/ViroAnimatedComponent.tsx
npm notice 868B components/ViroAnimatedComponent.web.tsx
npm notice 8.0kB components/ViroAnimatedImage.tsx
npm notice 4.1kB components/ViroAnimatedImage.web.tsx
npm notice 5.9kB components/ViroBase.tsx
npm notice 4.3kB components/ViroBox.tsx
npm notice 842B components/ViroBox.web.tsx
npm notice 8.2kB components/ViroButton.tsx
npm notice 1.3kB components/ViroButton.web.tsx
npm notice 4.3kB components/ViroCamera.tsx
npm notice 1.6kB components/ViroCamera.web.tsx
npm notice 7.4kB components/ViroCameraTexture.tsx
npm notice 9.2kB components/ViroCameraTexture.web.tsx
npm notice 1.1kB components/ViroConstants.ts
npm notice 5.9kB components/ViroController.tsx
npm notice 698B components/ViroController.web.tsx
npm notice 1.8kB components/ViroDirectionalLight.tsx
npm notice 348B components/ViroDirectionalLight.web.tsx
npm notice 4.5kB components/ViroExternalVideo.tsx
npm notice 986B components/ViroExternalVideo.web.tsx
npm notice 4.2kB components/ViroFlexView.tsx
npm notice 3.1kB components/ViroFlexView.web.tsx
npm notice 2.8kB components/ViroGameLoop.tsx
npm notice 1.7kB components/ViroGameLoop.web.tsx
npm notice 2.0kB components/ViroGameLoopUtils.ts
npm notice 4.3kB components/ViroGeometry.tsx
npm notice 1.6kB components/ViroGeometry.web.tsx
npm notice 3.9kB components/ViroGpuPanel.tsx
npm notice 7.7kB components/ViroImage.tsx
npm notice 3.1kB components/ViroImage.web.tsx
npm notice 3.4kB components/ViroLightingEnvironment.tsx
npm notice 1.4kB components/ViroLightingEnvironment.web.tsx
npm notice 5.1kB components/ViroMaterialVideo.tsx
npm notice 4.3kB components/ViroMaterialVideo.web.tsx
npm notice 3.6kB components/ViroNode.tsx
npm notice 649B components/ViroNode.web.tsx
npm notice 7.2kB components/ViroObjectDetector.tsx
npm notice 987B components/ViroObjectDetector.web.tsx
npm notice 1.5kB components/ViroOmniLight.tsx
npm notice 327B components/ViroOmniLight.web.tsx
npm notice 3.5kB components/ViroOrbitCamera.tsx
npm notice 2.3kB components/ViroOrbitCamera.web.tsx
npm notice 14.9kB components/ViroParticleEmitter.tsx
npm notice 3.6kB components/ViroParticleEmitter.web.tsx
npm notice 5.9kB components/ViroPolygon.tsx
npm notice 1.1kB components/ViroPolygon.web.tsx
npm notice 4.4kB components/ViroPolyline.tsx
npm notice 1.2kB components/ViroPolyline.web.tsx
npm notice 3.6kB components/ViroPortal.tsx
npm notice 1.8kB components/ViroPortal.web.tsx
npm notice 4.5kB components/ViroPortalScene.tsx
npm notice 1.1kB components/ViroPortalScene.web.tsx
npm notice 4.3kB components/ViroQuad.tsx
npm notice 770B components/ViroQuad.web.tsx
npm notice 2.8kB components/ViroQuestEntryPoint.tsx
npm notice 5.4kB components/ViroRivePanel.tsx
npm notice 9.6kB components/ViroScene.tsx
npm notice 394B components/ViroScene.web.tsx
npm notice 637B components/ViroSceneContext.tsx
npm notice 15.9kB components/ViroSceneNavigator.tsx
npm notice 7.2kB components/ViroSceneNavigator.web.tsx
npm notice 2.7kB components/ViroSkyBox.tsx
npm notice 2.0kB components/ViroSkyBox.web.tsx
npm notice 4.2kB components/ViroSound.tsx
npm notice 1.8kB components/ViroSound.web.tsx
npm notice 3.7kB components/ViroSoundField.tsx
npm notice 467B components/ViroSoundField.web.tsx
npm notice 4.1kB components/ViroSpatialSound.tsx
npm notice 4.1kB components/ViroSpatialSound.web.tsx
npm notice 4.3kB components/ViroSphere.tsx
npm notice 791B components/ViroSphere.web.tsx
npm notice 2.9kB components/ViroSpinner.tsx
npm notice 2.2kB components/ViroSpinner.web.tsx
npm notice 1.8kB components/ViroSpotLight.tsx
npm notice 327B components/ViroSpotLight.web.tsx
npm notice 4.4kB components/ViroSurface.tsx
npm notice 745B components/ViroSurface.web.tsx
npm notice 4.9kB components/ViroText.tsx
npm notice 3.7kB components/ViroText.web.tsx
npm notice 3.4kB components/ViroThreeJSPanel.tsx
npm notice 7.4kB components/ViroVideo.tsx
npm notice 5.9kB components/ViroVideo.web.tsx
npm notice 3.1kB components/ViroVirtualButton.tsx
npm notice 2.1kB components/ViroVirtualButton.web.tsx
npm notice 4.2kB components/ViroVirtualJoystick.tsx
npm notice 3.6kB components/ViroVirtualJoystick.web.tsx
npm notice 16.3kB components/ViroVRSceneNavigator.tsx
npm notice 681B components/ViroVRSceneNavigator.web.tsx
npm notice 15.8kB components/ViroXRSceneNavigator.tsx
npm notice 7.1kB components/VisionOS/ViroVisionOSModule.ts
npm notice 2.4kB components/Web/useViroAnimation.ts
npm notice 2.7kB components/Web/useViroLight.ts
npm notice 5.8kB components/Web/useViroNode.ts
npm notice 3.8kB components/Web/viroAnimationRegistry.ts
npm notice 432B components/Web/viroAudio.ts
npm notice 1.4kB components/Web/viroColor.ts
npm notice 1.8kB components/Web/viroImageLoader.ts
npm notice 13.4kB components/Web/viroMaterialRegistry.ts
npm notice 1.8kB components/Web/viroModelLoader.ts
npm notice 3.3kB components/Web/viroVirtualController.ts
npm notice 2.4kB components/Web/ViroWebContext.ts
npm notice 1.7kB dist/components/Animation/ViroAnimations.d.ts
npm notice 1.2kB dist/components/Animation/ViroAnimations.js
npm notice 255B dist/components/Animation/ViroAnimations.web.d.ts
npm notice 903B dist/components/Animation/ViroAnimations.web.js
npm notice 266B dist/components/AR/ViroARCamera.d.ts
npm notice 2.5kB dist/components/AR/ViroARCamera.js
npm notice 2.2kB dist/components/AR/ViroARCloudAnchor.d.ts
npm notice 3.6kB dist/components/AR/ViroARCloudAnchor.js
npm notice 1.0kB dist/components/AR/ViroARImageMarker.d.ts
npm notice 5.4kB dist/components/AR/ViroARImageMarker.js
npm notice 687B dist/components/AR/ViroARImageMarker.web.d.ts
npm notice 2.4kB dist/components/AR/ViroARImageMarker.web.js
npm notice 1.0kB dist/components/AR/ViroARObjectMarker.d.ts
npm notice 5.4kB dist/components/AR/ViroARObjectMarker.js
npm notice 451B dist/components/AR/ViroARObjectMarker.web.d.ts
npm notice 2.1kB dist/components/AR/ViroARObjectMarker.web.js
npm notice 1.2kB dist/components/AR/ViroARPlane.d.ts
npm notice 5.2kB dist/components/AR/ViroARPlane.js
npm notice 1.2kB dist/components/AR/ViroARPlane.web.d.ts
npm notice 5.4kB dist/components/AR/ViroARPlane.web.js
npm notice 14.6kB dist/components/AR/ViroARPlaneSelector.d.ts
npm notice 18.8kB dist/components/AR/ViroARPlaneSelector.js
npm notice 6.5kB dist/components/AR/ViroARScene.d.ts
npm notice 18.7kB dist/components/AR/ViroARScene.js
npm notice 1.9kB dist/components/AR/ViroARScene.web.d.ts
npm notice 5.9kB dist/components/AR/ViroARScene.web.js
npm notice 42.2kB dist/components/AR/ViroARSceneNavigator.d.ts
npm notice 52.9kB dist/components/AR/ViroARSceneNavigator.js
npm notice 2.9kB dist/components/AR/ViroARSceneNavigator.web.d.ts
npm notice 12.2kB dist/components/AR/ViroARSceneNavigator.web.js
npm notice 737B dist/components/AR/ViroARTrackingTargets.d.ts
npm notice 2.3kB dist/components/AR/ViroARTrackingTargets.js
npm notice 3.2kB dist/components/AR/ViroColocation.d.ts
npm notice 3.4kB dist/components/AR/ViroColocation.js
npm notice 5.2kB dist/components/AR/ViroCommonProps.d.ts
npm notice 77B dist/components/AR/ViroCommonProps.js
npm notice 5.2kB dist/components/AR/ViroFrameSource.d.ts
npm notice 12.7kB dist/components/AR/ViroFrameSource.js
npm notice 2.3kB dist/components/AR/ViroLocationFrame.d.ts
npm notice 5.4kB dist/components/AR/ViroLocationFrame.js
npm notice 4.8kB dist/components/AR/ViroReplication.d.ts
npm notice 11.6kB dist/components/AR/ViroReplication.js
npm notice 2.2kB dist/components/AR/ViroSharedFrame.d.ts
npm notice 4.8kB dist/components/AR/ViroSharedFrame.js
npm notice 645B dist/components/CanvasPanel/nitroCanvas.d.ts
npm notice 571B dist/components/CanvasPanel/nitroCanvas.js
npm notice 1.1kB dist/components/CanvasPanel/useCanvasPanel.d.ts
npm notice 6.9kB dist/components/CanvasPanel/useCanvasPanel.js
npm notice 2.0kB dist/components/CanvasPanel/useEnsureWgpuAdapter.d.ts
npm notice 2.7kB dist/components/CanvasPanel/useEnsureWgpuAdapter.js
npm notice 1.7kB dist/components/hooks/useGameLoop.d.ts
npm notice 2.2kB dist/components/hooks/useGameLoop.js
npm notice 1.7kB dist/components/hooks/useViroColocation.d.ts
npm notice 3.2kB dist/components/hooks/useViroColocation.js
npm notice 2.0kB dist/components/hooks/useViroReplicatedState.d.ts
npm notice 2.4kB dist/components/hooks/useViroReplicatedState.js
npm notice 5.6kB dist/components/Material/ViroMaterials.d.ts
npm notice 6.2kB dist/components/Material/ViroMaterials.js
npm notice 576B dist/components/Material/ViroMaterials.web.d.ts
npm notice 1.2kB dist/components/Material/ViroMaterials.web.js
npm notice 1.4kB dist/components/Resources/viro_blank.png
npm notice 2.9kB dist/components/Resources/viro_spinner_1_w.png
npm notice 16.2kB dist/components/Resources/viro_spinner_1.png
npm notice 3.2kB dist/components/Resources/viro_spinner_1a_w.png
npm notice 16.4kB dist/components/Resources/viro_spinner_1a.png
npm notice 506B dist/components/Studio/domain/animationRegistry.d.ts
npm notice 3.4kB dist/components/Studio/domain/animationRegistry.js
npm notice 7.5kB dist/components/Studio/domain/apiRequestHelpers.d.ts
npm notice 20.6kB dist/components/Studio/domain/apiRequestHelpers.js
npm notice 1.0kB dist/components/Studio/domain/assetPosition.d.ts
npm notice 1.6kB dist/components/Studio/domain/assetPosition.js
npm notice 1.5kB dist/components/Studio/domain/collisionBindingsRuntime.d.ts
npm notice 2.3kB dist/components/Studio/domain/collisionBindingsRuntime.js
npm notice 323B dist/components/Studio/domain/collisionPairKey.d.ts
npm notice 537B dist/components/Studio/domain/collisionPairKey.js
npm notice 725B dist/components/Studio/domain/defaultApiRequestExecutor.d.ts
npm notice 2.2kB dist/components/Studio/domain/defaultApiRequestExecutor.js
npm notice 2.9kB dist/components/Studio/domain/dragConfiguration.d.ts
npm notice 5.8kB dist/components/Studio/domain/dragConfiguration.js
npm notice 4.5kB dist/components/Studio/domain/expressionEvaluator.d.ts
npm notice 18.9kB dist/components/Studio/domain/expressionEvaluator.js
npm notice 2.0kB dist/components/Studio/domain/gazeBindingsRuntime.d.ts
npm notice 4.0kB dist/components/Studio/domain/gazeBindingsRuntime.js
npm notice 2.0kB dist/components/Studio/domain/materialConfig.d.ts
npm notice 10.3kB dist/components/Studio/domain/materialConfig.js
npm notice 3.4kB dist/components/Studio/domain/physicsConfig.d.ts
npm notice 8.5kB dist/components/Studio/domain/physicsConfig.js
npm notice 1.1kB dist/components/Studio/domain/placementBannerStore.d.ts
npm notice 1.8kB dist/components/Studio/domain/placementBannerStore.js
npm notice 3.5kB dist/components/Studio/domain/placementStore.d.ts
npm notice 8.9kB dist/components/Studio/domain/placementStore.js
npm notice 1.5kB dist/components/Studio/domain/proximityBindingsRuntime.d.ts
npm notice 3.1kB dist/components/Studio/domain/proximityBindingsRuntime.js
npm notice 963B dist/components/Studio/domain/recordingStore.d.ts
npm notice 1.7kB dist/components/Studio/domain/recordingStore.js
npm notice 2.3kB dist/components/Studio/domain/sceneNavigationHandler.d.ts
npm notice 32.8kB dist/components/Studio/domain/sceneNavigationHandler.js
npm notice 2.1kB dist/components/Studio/domain/soundManager.d.ts
npm notice 4.9kB dist/components/Studio/domain/soundManager.js
npm notice 1.7kB dist/components/Studio/domain/studioApiError.d.ts
npm notice 2.1kB dist/components/Studio/domain/studioApiError.js
npm notice 2.1kB dist/components/Studio/domain/studioLighting.d.ts
npm notice 2.7kB dist/components/Studio/domain/studioLighting.js
npm notice 292B dist/components/Studio/domain/studioMaterials.d.ts
npm notice 1.2kB dist/components/Studio/domain/studioMaterials.js
npm notice 494B dist/components/Studio/domain/StudioSounds.d.ts
npm notice 2.9kB dist/components/Studio/domain/StudioSounds.js
npm notice 1.3kB dist/components/Studio/domain/triggerImageRegistry.d.ts
npm notice 2.9kB dist/components/Studio/domain/triggerImageRegistry.js
npm notice 292B dist/components/Studio/domain/useStudioShaderTimeUniforms.d.ts
npm notice 2.0kB dist/components/Studio/domain/useStudioShaderTimeUniforms.js
npm notice 311B dist/components/Studio/domain/useStudioShaderViewportUniforms.d.ts
npm notice 2.1kB dist/components/Studio/domain/useStudioShaderViewportUniforms.js
npm notice 637B dist/components/Studio/domain/utils.d.ts
npm notice 1.7kB dist/components/Studio/domain/utils.js
npm notice 915B dist/components/Studio/domain/variableStore.d.ts
npm notice 2.5kB dist/components/Studio/domain/variableStore.js
npm notice 2.4kB dist/components/Studio/domain/viroNodeFactory.d.ts
npm notice 20.2kB dist/components/Studio/domain/viroNodeFactory.js
npm notice 1.6kB dist/components/Studio/domain/visibilityStore.d.ts
npm notice 2.6kB dist/components/Studio/domain/visibilityStore.js
npm notice 969B dist/components/Studio/index.d.ts
npm notice 1.8kB dist/components/Studio/index.js
npm notice 601B dist/components/Studio/RecordingIndicator.d.ts
npm notice 4.2kB dist/components/Studio/RecordingIndicator.js
npm notice 1.6kB dist/components/Studio/StudioARScene.d.ts
npm notice 55.1kB dist/components/Studio/StudioARScene.js
npm notice 2.2kB dist/components/Studio/StudioARScene.web.d.ts
npm notice 14.4kB dist/components/Studio/StudioARScene.web.js
npm notice 554B dist/components/Studio/StudioPlacementIndicator.d.ts
npm notice 3.2kB dist/components/Studio/StudioPlacementIndicator.js
npm notice 926B dist/components/Studio/StudioPlacementIndicator.web.d.ts
npm notice 3.5kB dist/components/Studio/StudioPlacementIndicator.web.js
npm notice 643B dist/components/Studio/StudioRecordingIndicator.d.ts
npm notice 3.8kB dist/components/Studio/StudioRecordingIndicator.js
npm notice 621B dist/components/Studio/StudioRecordingIndicator.web.d.ts
npm notice 3.6kB dist/components/Studio/StudioRecordingIndicator.web.js
npm notice 1.3kB dist/components/Studio/StudioSceneErrorBoundary.d.ts
npm notice 1.7kB dist/components/Studio/StudioSceneErrorBoundary.js
npm notice 3.6kB dist/components/Studio/StudioSceneNavigator.d.ts
npm notice 21.3kB dist/components/Studio/StudioSceneNavigator.js
npm notice 3.3kB dist/components/Studio/StudioSceneNavigator.web.d.ts
npm notice 7.7kB dist/components/Studio/StudioSceneNavigator.web.js
npm notice 11.8kB dist/components/Studio/types.d.ts
npm notice 250B dist/components/Studio/types.js
npm notice 448B dist/components/Studio/useStudioPlacement.d.ts
npm notice 1.5kB dist/components/Studio/useStudioPlacement.js
npm notice 416B dist/components/Studio/useStudioRecording.d.ts
npm notice 1.1kB dist/components/Studio/useStudioRecording.js
npm notice 1.6kB dist/components/Studio/VRTStudioModule.d.ts
npm notice 2.2kB dist/components/Studio/VRTStudioModule.js
npm notice 312B dist/components/Styles/ViroStyle.d.ts
npm notice 429B dist/components/Styles/ViroStyle.js
npm notice 573B dist/components/Styles/ViroTextStyle.d.ts
npm notice 433B dist/components/Styles/ViroTextStyle.js
npm notice 23.7kB dist/components/Types/ViroEvents.d.ts
npm notice 2.6kB dist/components/Types/ViroEvents.js
npm notice 5.7kB dist/components/Types/ViroUtils.d.ts
npm notice 462B dist/components/Types/ViroUtils.js
npm notice 2.6kB dist/components/Types/ViroWorldMesh.d.ts
npm notice 292B dist/components/Types/ViroWorldMesh.js
npm notice 4.2kB dist/components/useViroMapCamera.d.ts
npm notice 11.5kB dist/components/useViroMapCamera.js
npm notice 824B dist/components/Utilities/StreamingAudioManager.d.ts
npm notice 1.5kB dist/components/Utilities/StreamingAudioManager.js
npm notice 1.4kB dist/components/Utilities/useAnySourceHover.d.ts
npm notice 1.9kB dist/components/Utilities/useAnySourceHover.js
npm notice 1.4kB dist/components/Utilities/useAnySourcePressed.d.ts
npm notice 2.3kB dist/components/Utilities/useAnySourcePressed.js
npm notice 1.4kB dist/components/Utilities/ViroAssetSource.d.ts
npm notice 3.0kB dist/components/Utilities/ViroAssetSource.js
npm notice 1.6kB dist/components/Utilities/ViroPlatform.d.ts
npm notice 4.2kB dist/components/Utilities/ViroPlatform.js
npm notice 395B dist/components/Utilities/ViroProps.d.ts
npm notice 3.0kB dist/components/Utilities/ViroProps.js
npm notice 3.7kB dist/components/Utilities/ViroUtils.d.ts
npm notice 7.6kB dist/components/Utilities/ViroUtils.js
npm notice 60B dist/components/Utilities/ViroVersion.d.ts
npm notice 155B dist/components/Utilities/ViroVersion.js
npm notice 3.0kB dist/components/Utilities/VRModuleOpenXR.d.ts
npm notice 2.8kB dist/components/Utilities/VRModuleOpenXR.js
npm notice 3.2kB dist/components/Utilities/VRQuestNavigatorBridge.d.ts
npm notice 5.6kB dist/components/Utilities/VRQuestNavigatorBridge.js
npm notice 3.0kB dist/components/Viro3DObject.d.ts
npm notice 8.7kB dist/components/Viro3DObject.js
npm notice 1.2kB dist/components/Viro3DObject.web.d.ts
npm notice 4.5kB dist/components/Viro3DObject.web.js
npm notice 5.9kB dist/components/Viro3DSceneNavigator.d.ts
npm notice 15.6kB dist/components/Viro3DSceneNavigator.js
npm notice 1.1kB dist/components/Viro3DSceneNavigator.web.d.ts
npm notice 5.0kB dist/components/Viro3DSceneNavigator.web.js
npm notice 2.3kB dist/components/Viro360Image.d.ts
npm notice 3.5kB dist/components/Viro360Image.js
npm notice 271B dist/components/Viro360Image.web.d.ts
npm notice 1.6kB dist/components/Viro360Image.web.js
npm notice 2.3kB dist/components/Viro360Video.d.ts
npm notice 4.6kB dist/components/Viro360Video.js
npm notice 324B dist/components/Viro360Video.web.d.ts
npm notice 4.7kB dist/components/Viro360Video.web.js
npm notice 511B dist/components/ViroAmbientLight.d.ts
npm notice 2.7kB dist/components/ViroAmbientLight.js
npm notice 165B dist/components/ViroAmbientLight.web.d.ts
npm notice 436B dist/components/ViroAmbientLight.web.js
npm notice 828B dist/components/ViroAnimatedComponent.d.ts
npm notice 3.2kB dist/components/ViroAnimatedComponent.js
npm notice 637B dist/components/ViroAnimatedComponent.web.d.ts
npm notice 2.2kB dist/components/ViroAnimatedComponent.web.js
npm notice 2.6kB dist/components/ViroAnimatedImage.d.ts
npm notice 7.5kB dist/components/ViroAnimatedImage.js
npm notice 396B dist/components/ViroAnimatedImage.web.d.ts
npm notice 4.5kB dist/components/ViroAnimatedImage.web.js
npm notice 2.2kB dist/components/ViroBase.d.ts
npm notice 6.3kB dist/components/ViroBase.js
npm notice 469B dist/components/ViroBox.d.ts
npm notice 5.6kB dist/components/ViroBox.js
npm notice 489B dist/components/ViroBox.web.d.ts
npm notice 2.2kB dist/components/ViroBox.web.js
npm notice 2.2kB dist/components/ViroButton.d.ts
npm notice 8.5kB dist/components/ViroButton.js
npm notice 625B dist/components/ViroButton.web.d.ts
npm notice 2.6kB dist/components/ViroButton.web.js
npm notice 2.4kB dist/components/ViroCamera.d.ts
npm notice 4.4kB dist/components/ViroCamera.js
npm notice 588B dist/components/ViroCamera.web.d.ts
npm notice 3.0kB dist/components/ViroCamera.web.js
npm notice 5.2kB dist/components/ViroCameraTexture.d.ts
npm notice 6.7kB dist/components/ViroCameraTexture.js
npm notice 2.1kB dist/components/ViroCameraTexture.web.d.ts
npm notice 10.2kB dist/components/ViroCameraTexture.web.js
npm notice 1.0kB dist/components/ViroConstants.d.ts
npm notice 2.9kB dist/components/ViroConstants.js
npm notice 1.6kB dist/components/ViroController.d.ts
npm notice 6.2kB dist/components/ViroController.js
npm notice 573B dist/components/ViroController.web.d.ts
npm notice 2.2kB dist/components/ViroController.web.js
npm notice 802B dist/components/ViroDirectionalLight.d.ts
npm notice 2.8kB dist/components/ViroDirectionalLight.js
npm notice 169B dist/components/ViroDirectionalLight.web.d.ts
npm notice 456B dist/components/ViroDirectionalLight.web.js
npm notice 3.2kB dist/components/ViroExternalVideo.d.ts
npm notice 4.3kB dist/components/ViroExternalVideo.js
npm notice 858B dist/components/ViroExternalVideo.web.d.ts
npm notice 2.5kB dist/components/ViroExternalVideo.web.js
npm notice 307B dist/components/ViroFlexView.d.ts
npm notice 5.8kB dist/components/ViroFlexView.js
npm notice 909B dist/components/ViroFlexView.web.d.ts
npm notice 4.5kB dist/components/ViroFlexView.web.js
npm notice 1.2kB dist/components/ViroGameLoop.d.ts
npm notice 1.7kB dist/components/ViroGameLoop.js
npm notice 376B dist/components/ViroGameLoop.web.d.ts
npm notice 1.4kB dist/components/ViroGameLoop.web.js
npm notice 1.4kB dist/components/ViroGameLoopUtils.d.ts
npm notice 2.0kB dist/components/ViroGameLoopUtils.js
npm notice 695B dist/components/ViroGeometry.d.ts
npm notice 5.5kB dist/components/ViroGeometry.js
npm notice 582B dist/components/ViroGeometry.web.d.ts
npm notice 2.8kB dist/components/ViroGeometry.web.js
npm notice 2.8kB dist/components/ViroGpuPanel.d.ts
npm notice 4.6kB dist/components/ViroGpuPanel.js
npm notice 1.8kB dist/components/ViroImage.d.ts
npm notice 8.1kB dist/components/ViroImage.js
npm notice 442B dist/components/ViroImage.web.d.ts
npm notice 2.7kB dist/components/ViroImage.web.js
npm notice 1.7kB dist/components/ViroLightingEnvironment.d.ts
npm notice 3.6kB dist/components/ViroLightingEnvironment.js
npm notice 211B dist/components/ViroLightingEnvironment.web.d.ts
npm notice 1.6kB dist/components/ViroLightingEnvironment.web.js
npm notice 2.5kB dist/components/ViroMaterialVideo.d.ts
npm notice 5.4kB dist/components/ViroMaterialVideo.js
npm notice 311B dist/components/ViroMaterialVideo.web.d.ts
npm notice 4.7kB dist/components/ViroMaterialVideo.web.js
npm notice 549B dist/components/ViroNode.d.ts
npm notice 5.0kB dist/components/ViroNode.js
npm notice 454B dist/components/ViroNode.web.d.ts
npm notice 2.1kB dist/components/ViroNode.web.js
npm notice 5.3kB dist/components/ViroObjectDetector.d.ts
npm notice 4.5kB dist/components/ViroObjectDetector.js
npm notice 699B dist/components/ViroObjectDetector.web.d.ts
npm notice 342B dist/components/ViroObjectDetector.web.js
npm notice 626B dist/components/ViroOmniLight.d.ts
npm notice 2.7kB dist/components/ViroOmniLight.js
npm notice 162B dist/components/ViroOmniLight.web.d.ts
npm notice 421B dist/components/ViroOmniLight.web.js
npm notice 1.6kB dist/components/ViroOrbitCamera.d.ts
npm notice 4.0kB dist/components/ViroOrbitCamera.js
npm notice 815B dist/components/ViroOrbitCamera.web.d.ts
npm notice 3.6kB dist/components/ViroOrbitCamera.web.js
npm notice 3.5kB dist/components/ViroParticleEmitter.d.ts
npm notice 9.6kB dist/components/ViroParticleEmitter.js
npm notice 681B dist/components/ViroParticleEmitter.web.d.ts
npm notice 3.0kB dist/components/ViroParticleEmitter.web.js
npm notice 2.0kB dist/components/ViroPolygon.d.ts
npm notice 5.9kB dist/components/ViroPolygon.js
npm notice 510B dist/components/ViroPolygon.web.d.ts
npm notice 2.4kB dist/components/ViroPolygon.web.js
npm notice 770B dist/components/ViroPolyline.d.ts
npm notice 5.5kB dist/components/ViroPolyline.js
npm notice 532B dist/components/ViroPolyline.web.d.ts
npm notice 2.5kB dist/components/ViroPolyline.web.js
npm notice 597B dist/components/ViroPortal.d.ts
npm notice 5.0kB dist/components/ViroPortal.js
npm notice 628B dist/components/ViroPortal.web.d.ts
npm notice 3.1kB dist/components/ViroPortal.web.js
npm notice 1.2kB dist/components/ViroPortalScene.d.ts
npm notice 5.4kB dist/components/ViroPortalScene.js
npm notice 656B dist/components/ViroPortalScene.web.d.ts
npm notice 2.5kB dist/components/ViroPortalScene.web.js
npm notice 355B dist/components/ViroQuad.d.ts
npm notice 5.8kB dist/components/ViroQuad.js
npm notice 457B dist/components/ViroQuad.web.d.ts
npm notice 2.1kB dist/components/ViroQuad.web.js
npm notice 674B dist/components/ViroQuestEntryPoint.d.ts
npm notice 4.6kB dist/components/ViroQuestEntryPoint.js
npm notice 1.6kB dist/components/ViroRivePanel.d.ts
npm notice 5.3kB dist/components/ViroRivePanel.js
npm notice 2.6kB dist/components/ViroScene.d.ts
npm notice 9.6kB dist/components/ViroScene.js
npm notice 394B dist/components/ViroScene.web.d.ts
npm notice 1.8kB dist/components/ViroScene.web.js
npm notice 412B dist/components/ViroSceneContext.d.ts
npm notice 1.9kB dist/components/ViroSceneContext.js
npm notice 6.0kB dist/components/ViroSceneNavigator.d.ts
npm notice 16.6kB dist/components/ViroSceneNavigator.js
npm notice 1.3kB dist/components/ViroSceneNavigator.web.d.ts
npm notice 8.4kB dist/components/ViroSceneNavigator.web.js
npm notice 953B dist/components/ViroSkyBox.d.ts
npm notice 3.7kB dist/components/ViroSkyBox.js
npm notice 336B dist/components/ViroSkyBox.web.d.ts
npm notice 2.0kB dist/components/ViroSkyBox.web.js
npm notice 1.1kB dist/components/ViroSound.d.ts
npm notice 5.2kB dist/components/ViroSound.js
npm notice 294B dist/components/ViroSound.web.d.ts
npm notice 1.8kB dist/components/ViroSound.web.js
npm notice 949B dist/components/ViroSoundField.d.ts
npm notice 4.7kB dist/components/ViroSoundField.js
npm notice 448B dist/components/ViroSoundField.web.d.ts
npm notice 501B dist/components/ViroSoundField.web.js
npm notice 1.1kB dist/components/ViroSpatialSound.d.ts
npm notice 5.0kB dist/components/ViroSpatialSound.js
npm notice 442B dist/components/ViroSpatialSound.web.d.ts
npm notice 4.1kB dist/components/ViroSpatialSound.web.js
npm notice 684B dist/components/ViroSphere.d.ts
npm notice 5.5kB dist/components/ViroSphere.js
npm notice 524B dist/components/ViroSphere.web.d.ts
npm notice 2.1kB dist/components/ViroSphere.web.js
npm notice 335B dist/components/ViroSpinner.d.ts
npm notice 4.4kB dist/components/ViroSpinner.js
npm notice 817B dist/components/ViroSpinner.web.d.ts
npm notice 3.4kB dist/components/ViroSpinner.web.js
npm notice 860B dist/components/ViroSpotLight.d.ts
npm notice 2.7kB dist/components/ViroSpotLight.js
npm notice 162B dist/components/ViroSpotLight.web.d.ts
npm notice 421B dist/components/ViroSpotLight.web.js
npm notice 327B dist/components/ViroSurface.d.ts
npm notice 6.0kB dist/components/ViroSurface.js
npm notice 432B dist/components/ViroSurface.web.d.ts
npm notice 2.1kB dist/components/ViroSurface.web.js
npm notice 691B dist/components/ViroText.d.ts
npm notice 5.8kB dist/components/ViroText.js
npm notice 1.2kB dist/components/ViroText.web.d.ts
npm notice 4.7kB dist/components/ViroText.web.js
npm notice 2.1kB dist/components/ViroThreeJSPanel.d.ts
npm notice 4.0kB dist/components/ViroThreeJSPanel.js
npm notice 2.4kB dist/components/ViroVideo.d.ts
npm notice 7.6kB dist/components/ViroVideo.js
npm notice 399B dist/components/ViroVideo.web.d.ts
npm notice 6.3kB dist/components/ViroVideo.web.js
npm notice 2.8kB dist/components/ViroVirtualButton.d.ts
npm notice 2.7kB dist/components/ViroVirtualButton.js
npm notice 684B dist/components/ViroVirtualButton.web.d.ts
npm notice 3.5kB dist/components/ViroVirtualButton.web.js
npm notice 3.4kB dist/components/ViroVirtualJoystick.d.ts
npm notice 3.2kB dist/components/ViroVirtualJoystick.js
npm notice 834B dist/components/ViroVirtualJoystick.web.d.ts
npm notice 5.1kB dist/components/ViroVirtualJoystick.web.js
npm notice 7.5kB dist/components/ViroVRSceneNavigator.d.ts
npm notice 15.8kB dist/components/ViroVRSceneNavigator.js
npm notice 550B dist/components/ViroVRSceneNavigator.web.d.ts
npm notice 2.2kB dist/components/ViroVRSceneNavigator.web.js
npm notice 4.2kB dist/components/ViroXRSceneNavigator.d.ts
npm notice 14.3kB dist/components/ViroXRSceneNavigator.js
npm notice 5.8kB dist/components/VisionOS/ViroVisionOSModule.d.ts
npm notice 5.1kB dist/components/VisionOS/ViroVisionOSModule.js
npm notice 520B dist/components/Web/useViroAnimation.d.ts
npm notice 2.3kB dist/components/Web/useViroAnimation.js
npm notice 532B dist/components/Web/useViroLight.d.ts
npm notice 2.6kB dist/components/Web/useViroLight.js
npm notice 951B dist/components/Web/useViroNode.d.ts
npm notice 5.6kB dist/components/Web/useViroNode.js
npm notice 1.7kB dist/components/Web/viroAnimationRegistry.d.ts
npm notice 3.0kB dist/components/Web/viroAnimationRegistry.js
npm notice 57B dist/components/Web/viroAudio.d.ts
npm notice 463B dist/components/Web/viroAudio.js
npm notice 100B dist/components/Web/viroColor.d.ts
npm notice 1.4kB dist/components/Web/viroColor.js
npm notice 588B dist/components/Web/viroImageLoader.d.ts
npm notice 1.7kB dist/components/Web/viroImageLoader.js
npm notice 2.9kB dist/components/Web/viroMaterialRegistry.d.ts
npm notice 13.3kB dist/components/Web/viroMaterialRegistry.js
npm notice 864B dist/components/Web/viroModelLoader.d.ts
npm notice 2.2kB dist/components/Web/viroModelLoader.js
npm notice 1.5kB dist/components/Web/viroVirtualController.d.ts
npm notice 2.9kB dist/components/Web/viroVirtualController.js
npm notice 1.7kB dist/components/Web/ViroWebContext.d.ts
npm notice 1.7kB dist/components/Web/ViroWebContext.js
npm notice 310B dist/dynamic-index.d.ts
npm notice 1.4kB dist/dynamic-index.js
npm notice 15.2kB dist/index.d.ts
npm notice 27.1kB dist/index.js
npm notice 137B dist/plugins/util/insertLinesHelper.d.ts
npm notice 1.2kB dist/plugins/util/insertLinesHelper.js
npm notice 7.3kB dist/plugins/withViro.d.ts
npm notice 1.6kB dist/plugins/withViro.js
npm notice 186B dist/plugins/withViroAndroid.d.ts
npm notice 36.6kB dist/plugins/withViroAndroid.js
npm notice 265B dist/plugins/withViroIos.d.ts
npm notice 13.8kB dist/plugins/withViroIos.js
npm notice 1.4kB dist/plugins/withViroVisionOS.d.ts
npm notice 35.6kB dist/plugins/withViroVisionOS.js
npm notice 483B dist/shims/BlurView.d.ts
npm notice 1.6kB dist/shims/BlurView.js
npm notice 545B dist/shims/LinearGradient.d.ts
npm notice 1.1kB dist/shims/LinearGradient.js
npm notice 3.9kB examples/pico-floor/PicoFloorScene.tsx
npm notice 1.0kB examples/pico-floor/README.md
npm notice 1.6kB examples/rive-panel/rive-panel-store.ts
npm notice 5.3kB examples/rive-panel/RivePanelProbe.tsx
npm notice 881B examples/visionos-sweep/assets/button.png
npm notice 32.8kB examples/visionos-sweep/assets/env.hdr
npm notice 1.6kB examples/visionos-sweep/assets/particle.png
npm notice 738.6kB examples/visionos-sweep/assets/shiba.glb
npm notice 2.1kB examples/visionos-sweep/README.md
npm notice 17.7kB examples/visionos-sweep/ViroVisionOSSweep.tsx
npm notice 16.8kB index.ts
npm notice 740B ios/dist/include/RVStudioWatermarkState.h
npm notice 1.7kB ios/dist/include/ViroViewManager.h
npm notice 1.4kB ios/dist/include/VROHUDManager.h
npm notice 1.9kB ios/dist/include/VRT3DObject.h
npm notice 1.4kB ios/dist/include/VRT3DObjectManager.h
npm notice 2.0kB ios/dist/include/VRT360Image.h
npm notice 1.3kB ios/dist/include/VRT360ImageManager.h
npm notice 2.1kB ios/dist/include/VRT360Video.h
npm notice 1.3kB ios/dist/include/VRT360VideoManager.h
npm notice 1.8kB ios/dist/include/VRTAnimatedComponent.h
npm notice 1.4kB ios/dist/include/VRTAnimatedComponentManager.h
npm notice 1.4kB ios/dist/include/VRTAnimatedComponentShadowView.h
npm notice 1.8kB ios/dist/include/VRTAnimationManager.h
npm notice 2.1kB ios/dist/include/VRTARAnchorNode.h
npm notice 1.6kB ios/dist/include/VRTARPlane.h
npm notice 1.3kB ios/dist/include/VRTARPlaneManager.h
npm notice 2.8kB ios/dist/include/VRTARScene.h
npm notice 1.4kB ios/dist/include/VRTARSceneManager.h
npm notice 1.4kB ios/dist/include/VRTARSceneModule.h
npm notice 14.8kB ios/dist/include/VRTARSceneNavigator.h
npm notice 1.4kB ios/dist/include/VRTARSceneNavigatorManager.h
npm notice 1.4kB ios/dist/include/VRTARSceneNavigatorModule.h
npm notice 1.5kB ios/dist/include/VRTBox.h
npm notice 1.3kB ios/dist/include/VRTBoxManager.h
npm notice 1.4kB ios/dist/include/VRTBundleURLProvider.h
npm notice 2.3kB ios/dist/include/VRTCamera.h
npm notice 1.3kB ios/dist/include/VRTCameraManager.h
npm notice 1.4kB ios/dist/include/VRTCameraModule.h
npm notice 2.8kB ios/dist/include/VRTCameraTexture.h
npm notice 1.3kB ios/dist/include/VRTCameraTextureManager.h
npm notice 1.6kB ios/dist/include/VRTCameraTextureModule.h
npm notice 1.4kB ios/dist/include/VRTControl.h
npm notice 2.0kB ios/dist/include/VRTController.h
npm notice 1.3kB ios/dist/include/VRTControllerManager.h
npm notice 1.4kB ios/dist/include/VRTControllerModule.h
npm notice 1.8kB ios/dist/include/VRTCubeMap.h
npm notice 313B ios/dist/include/VRTFabricCrashFix.h
npm notice 1.5kB ios/dist/include/VRTFlexView.h
npm notice 1.3kB ios/dist/include/VRTFlexViewManager.h
npm notice 681B ios/dist/include/VRTGameLoopView.h
npm notice 189B ios/dist/include/VRTGameLoopViewManager.h
npm notice 2.1kB ios/dist/include/VRTHDRImageAsyncLoader.h
npm notice 1.5kB ios/dist/include/VRTHUD.h
npm notice 1.6kB ios/dist/include/VRTHUDComponent.h
npm notice 2.8kB ios/dist/include/VRTImage.h
npm notice 1.7kB ios/dist/include/VRTImageAsyncLoader.h
npm notice 1.3kB ios/dist/include/VRTImageManager.h
npm notice 1.3kB ios/dist/include/VRTLabelShadowView.h
npm notice 2.7kB ios/dist/include/VRTLight.h
npm notice 1.6kB ios/dist/include/VRTLightManager.h
npm notice 1.8kB ios/dist/include/VRTLog.h
npm notice 2.5kB ios/dist/include/VRTManagedAnimation.h
npm notice 1.5kB ios/dist/include/VRTMaterialChangedDelegate.h
npm notice 2.8kB ios/dist/include/VRTMaterialManager.h
npm notice 8.0kB ios/dist/include/VRTNode.h
npm notice 1.3kB ios/dist/include/VRTNodeContainer.h
npm notice 1.4kB ios/dist/include/VRTNodeContainerShadowView.h
npm notice 1.3kB ios/dist/include/VRTNodeModule.h
npm notice 1.3kB ios/dist/include/VRTNotifications.h
npm notice 1.5kB ios/dist/include/VRTOrbitCamera.h
npm notice 1.4kB ios/dist/include/VRTOrbitCameraManager.h
npm notice 1.5kB ios/dist/include/VRTPerfMonitor.h
npm notice 1.3kB ios/dist/include/VRTPolygonManager.h
npm notice 1.6kB ios/dist/include/VRTPolyline.h
npm notice 1.4kB ios/dist/include/VRTPolylineManager.h
npm notice 1.4kB ios/dist/include/VRTPortal.h
npm notice 278B ios/dist/include/VRTPortalFrame.h
npm notice 266B ios/dist/include/VRTPortalFrameManager.h
npm notice 1.4kB ios/dist/include/VRTPortalManager.h
npm notice 1.7kB ios/dist/include/VRTPortalScene.h
npm notice 1.4kB ios/dist/include/VRTPortalSceneManager.h
npm notice 1.6kB ios/dist/include/VRTQuad.h
npm notice 888B ios/dist/include/VRTQuadEmitter.h
npm notice 263B ios/dist/include/VRTQuadEmitterManager.h
npm notice 1.3kB ios/dist/include/VRTQuadManager.h
npm notice 2.4kB ios/dist/include/VRTScene.h
npm notice 1.4kB ios/dist/include/VRTSceneManager.h
npm notice 1.3kB ios/dist/include/VRTSceneModule.h
npm notice 2.2kB ios/dist/include/VRTSceneNavigator.h
npm notice 1.4kB ios/dist/include/VRTSceneNavigatorManager.h
npm notice 1.4kB ios/dist/include/VRTSceneNavigatorModule.h
npm notice 1.3kB ios/dist/include/VRTSceneShadowView.h
npm notice 1.5kB ios/dist/include/VRTShadowFlexView.h
npm notice 2.3kB ios/dist/include/VRTShadowView.h
npm notice 1.8kB ios/dist/include/VRTSkybox.h
npm notice 1.3kB ios/dist/include/VRTSkyboxManager.h
npm notice 3.4kB ios/dist/include/VRTSound.h
npm notice 1.5kB ios/dist/include/VRTSoundManager.h
npm notice 1.5kB ios/dist/include/VRTSoundModule.h
npm notice 1.6kB ios/dist/include/VRTSphere.h
npm notice 1.3kB ios/dist/include/VRTSphereManager.h
npm notice 813B ios/dist/include/VRTStreamingAudioModule.h
npm notice 125B ios/dist/include/VRTStudioModule.h
npm notice 464B ios/dist/include/VRTSurface.h
npm notice 254B ios/dist/include/VRTSurfaceManager.h
npm notice 2.7kB ios/dist/include/VRTText.h
npm notice 1.3kB ios/dist/include/VRTTextManager.h
npm notice 1.7kB ios/dist/include/VRTTreeNode.h
npm notice 1.7kB ios/dist/include/VRTUtils.h
npm notice 2.2kB ios/dist/include/VRTVideoSurface.h
npm notice 1.4kB ios/dist/include/VRTVideoSurfaceManager.h
npm notice 3.8kB ios/dist/include/VRTView.h
npm notice 1.4kB ios/dist/include/VRTViewContainerManager.h
npm notice 2.0kB ios/dist/include/VRTVirtualButtonView.h
npm notice 808B ios/dist/include/VRTVirtualButtonViewManager.h
npm notice 2.8kB ios/dist/include/VRTVirtualJoystickView.h
npm notice 1.0kB ios/dist/include/VRTVirtualJoystickViewManager.h
npm notice 5.5MB ios/dist/lib/libViroReact.a
npm notice 808B ios/dist/ViroRenderer/ViroKit.framework/ARCoreCoreMLSemanticsResources.bundle/Info.plist
npm notice 1.8MB ios/dist/ViroRenderer/ViroKit.framework/ARCoreCoreMLSemanticsResources.bundle/tflite_model_53512071_fp16_quant.tflite
npm notice 778B ios/dist/ViroRenderer/ViroKit.framework/ARCoreResources.bundle/Info.plist
npm notice 31.1kB ios/dist/ViroRenderer/ViroKit.framework/ARCoreResources.bundle/Resources
npm notice 227B ios/dist/ViroRenderer/ViroKit.framework/blank.png
npm notice 476B ios/dist/ViroRenderer/ViroKit.framework/bodymesh.mlmodelc/analytics/coremldata.bin
npm notice 187B ios/dist/ViroRenderer/ViroKit.framework/bodymesh.mlmodelc/coremldata.bin
npm notice 1.6kB ios/dist/ViroRenderer/ViroKit.framework/bodymesh.mlmodelc/metadata.json
npm notice 67.0kB ios/dist/ViroRenderer/ViroKit.framework/bodymesh.mlmodelc/model.espresso.net
npm notice 15.9kB ios/dist/ViroRenderer/ViroKit.framework/bodymesh.mlmodelc/model.espresso.shape
npm notice 7.5MB ios/dist/ViroRenderer/ViroKit.framework/bodymesh.mlmodelc/model.espresso.weights
npm notice 200B ios/dist/ViroRenderer/ViroKit.framework/bodymesh.mlmodelc/model/coremldata.bin
npm notice 40B ios/dist/ViroRenderer/ViroKit.framework/bodymesh.mlmodelc/neural_network_optionals/coremldata.bin
npm notice 3.4kB ios/dist/ViroRenderer/ViroKit.framework/brdf_fsh.glsl
npm notice 219B ios/dist/ViroRenderer/ViroKit.framework/brdf_vsh.glsl
npm notice 1.1kB ios/dist/ViroRenderer/ViroKit.framework/constant_fsh_adreno.glsl
npm notice 1.3kB ios/dist/ViroRenderer/ViroKit.framework/constant_fsh.glsl
npm notice 38B ios/dist/ViroRenderer/ViroKit.framework/constant_functions_fsh_adreno.glsl
npm notice 31B ios/dist/ViroRenderer/ViroKit.framework/constant_functions_fsh.glsl
npm notice 1.2kB ios/dist/ViroRenderer/ViroKit.framework/constant_q_fsh_adreno.glsl
npm notice 1.2kB ios/dist/ViroRenderer/ViroKit.framework/constant_q_fsh.glsl
npm notice 118B ios/dist/ViroRenderer/ViroKit.framework/default.metallib
npm notice 6.6kB ios/dist/ViroRenderer/ViroKit.framework/DeviceList.plist
npm notice 504B ios/dist/ViroRenderer/ViroKit.framework/equirect_to_cube_fsh.glsl
npm notice 241B ios/dist/ViroRenderer/ViroKit.framework/equirect_to_cube_vsh.glsl
npm notice 1.4kB ios/dist/ViroRenderer/ViroKit.framework/Headers/gif_hash.h
npm notice 2.5kB ios/dist/ViroRenderer/ViroKit.framework/Headers/gif_lib_private.h
npm notice 13.5kB ios/dist/ViroRenderer/ViroKit.framework/Headers/gif_lib.h
npm notice 2.8kB ios/dist/ViroRenderer/ViroKit.framework/Headers/glm/CMakeLists.txt
npm notice 94B ios/dist/ViroRenderer/ViroKit.framework/Headers/glm/common.hpp
npm notice 11.9kB ios/dist/ViroRenderer/ViroKit.framework/Headers/glm/detail/_features.hpp
npm notice 457B ios/dist/ViroRenderer/ViroKit.framework/Headers/glm/detail/_fixes.hpp
npm notice 2.9kB ios/dist/ViroRenderer/ViroKit.framework/Headers/glm/detail/_noise.hpp
npm notice 63.8kB ios/dist/ViroRenderer/ViroKit.framework/Headers/glm/detail/_swizzle_func.hpp
npm notice 51.9kB ios/dist/ViroRenderer/ViroKit.framework/Headers/glm/detail/_swizzle.hpp
npm notice 3.6kB ios/dist/ViroRenderer/ViroKit.framework/Headers/glm/detail/_vectorize.hpp
npm notice 5.8kB ios/dist/ViroRenderer/ViroKit.framework/Headers/glm/detail/dummy.cpp
npm notice 6.6kB ios/dist/ViroRenderer/ViroKit.framework/Headers/glm/detail/func_common_simd.inl
npm notice 22.9kB ios/dist/ViroRenderer/ViroKit.framework/Headers/glm/detail/func_common.hpp
npm notice 30.1kB ios/dist/ViroRenderer/ViroKit.framework/Headers/glm/detail/func_common.inl
npm notice 827B ios/dist/ViroRenderer/ViroKit.framework/Headers/glm/detail/func_exponential_simd.inl
npm notice 5.5kB ios/dist/ViroRenderer/ViroKit.framework/Headers/glm/detail/func_exponential.hpp
npm notice 4.8kB ios/dist/ViroRenderer/ViroKit.framework/Headers/glm/detail/func_exponential.inl
npm notice 2.7kB ios/dist/ViroRenderer/ViroKit.framework/Headers/glm/detail/func_geometric_simd.inl
npm notice 5.0kB ios/dist/ViroRenderer/ViroKit.framework/Headers/glm/detail/func_geometric.hpp
npm notice 8.4kB ios/dist/ViroRenderer/ViroKit.framework/Headers/glm/detail/func_geometric.inl
npm notice 1.8kB ios/dist/ViroRenderer/ViroKit.framework/Headers/glm/detail/func_integer_simd.inl
npm notice 10.3kB ios/dist/ViroRenderer/ViroKit.framework/Headers/glm/detail/func_integer.hpp
npm notice 15.8kB ios/dist/ViroRenderer/ViroKit.framework/Headers/glm/detail/func_integer.inl
npm notice 2.8kB ios/dist/ViroRenderer/ViroKit.framework/Headers/glm/detail/func_matrix_simd.inl
npm notice 5.4kB ios/dist/ViroRenderer/ViroKit.framework/Headers/glm/detail/func_matrix.hpp
npm notice 13.6kB ios/dist/ViroRenderer/ViroKit.framework/Headers/glm/detail/func_matrix.inl
npm notice 139B ios/dist/ViroRenderer/ViroKit.framework/Headers/glm/detail/func_packing_simd.inl
npm notice 10.9kB ios/dist/ViroRenderer/ViroKit.framework/Headers/glm/detail/func_packing.hpp
npm notice 3.0kB ios/dist/ViroRenderer/ViroKit.framework/Headers/glm/detail/func_packing.inl
npm notice 0B ios/dist/ViroRenderer/ViroKit.framework/Headers/glm/detail/func_trigonometric_simd.inl
npm notice 9.6kB ios/dist/ViroRenderer/ViroKit.framework/Headers/glm/detail/func_trigonometric.hpp
npm notice 6.1kB ios/dist/ViroRenderer/ViroKit.framework/Headers/glm/detail/func_trigonometric.inl
npm notice 149B ios/dist/ViroRenderer/ViroKit.framework/Headers/glm/detail/func_vector_relational_simd.inl
npm notice 5.9kB ios/dist/ViroRenderer/ViroKit.framework/Headers/glm/detail/func_vector_relational.hpp
npm notice 3.2kB ios/dist/ViroRenderer/ViroKit.framework/Headers/glm/detail/func_vector_relational.inl
npm notice 8.3kB ios/dist/ViroRenderer/ViroKit.framework/Headers/glm/detail/glm.cpp
npm notice 1.1kB ios/dist/ViroRenderer/ViroKit.framework/Headers/glm/detail/precision.hpp
npm notice 30.5kB ios/dist/ViroRenderer/ViroKit.framework/Headers/glm/detail/setup.hpp
npm notice 2.7kB ios/dist/ViroRenderer/ViroKit.framework/Headers/glm/detail/type_float.hpp
npm notice 4.9kB ios/dist/ViroRenderer/ViroKit.framework/Headers/glm/detail/type_gentype.hpp
npm notice 9.2kB ios/dist/ViroRenderer/ViroKit.framework/Headers/glm/detail/type_gentype.inl
npm notice 324B ios/dist/ViroRenderer/ViroKit.framework/Headers/glm/detail/type_half.hpp
npm notice 4.7kB ios/dist/ViroRenderer/ViroKit.framework/Headers/glm/detail/type_half.inl
npm notice 9.4kB ios/dist/ViroRenderer/ViroKit.framework/Headers/glm/detail/type_int.hpp
npm notice 41.3kB ios/dist/ViroRenderer/ViroKit.framework/Headers/glm/detail/type_mat.hpp
npm notice 52B ios/dist/ViroRenderer/ViroKit.framework/Headers/glm/detail/type_mat.inl
npm notice 6.3kB ios/dist/ViroRenderer/ViroKit.framework/Headers/glm/detail/type_mat2x2.hpp
npm notice 12.7kB ios/dist/ViroRenderer/ViroKit.framework/Headers/glm/detail/type_mat2x2.inl
npm notice 5.5kB ios/dist/ViroRenderer/ViroKit.framework/Headers/glm/detail/type_mat2x3.hpp
npm notice 12.3kB ios/dist/ViroRenderer/ViroKit.framework/Headers/glm/detail/type_mat2x3.inl
npm notice 5.5kB ios/dist/ViroRenderer/ViroKit.framework/Headers/glm/detail/type_mat2x4.hpp
npm notice 13.1kB ios/dist/ViroRenderer/ViroKit.framework/Headers/glm/detail/type_mat2x4.inl
npm notice 5.6kB ios/dist/ViroRenderer/ViroKit.framework/Headers/glm/detail/type_mat3x2.hpp
npm notice 13.3kB ios/dist/ViroRenderer/ViroKit.framework/Headers/glm/detail/type_mat3x2.inl
npm notice 6.5kB ios/dist/ViroRenderer/ViroKit.framework/Headers/glm/detail/type_mat3x3.hpp
npm notice 15.9kB ios/dist/ViroRenderer/ViroKit.framework/Headers/glm/detail/type_mat3x3.inl
npm notice 5.7kB ios/dist/ViroRenderer/ViroKit.framework/Headers/glm/detail/type_mat3x4.hpp
npm notice 15.6kB ios/dist/ViroRenderer/ViroKit.framework/Headers/glm/detail/type_mat3x4.inl
npm notice 5.7kB ios/dist/ViroRenderer/ViroKit.framework/Headers/glm/detail/type_mat4x2.hpp
npm notice 15.3kB ios/dist/ViroRenderer/ViroKit.framework/Headers/glm/detail/type_mat4x2.inl
npm notice 6.0kB ios/dist/ViroRenderer/ViroKit.framework/Headers/glm/detail/type_mat4x3.hpp
npm notice 16.6kB ios/dist/ViroRenderer/ViroKit.framework/Headers/glm/detail/type_mat4x3.inl
npm notice 98B ios/dist/ViroRenderer/ViroKit.framework/Headers/glm/detail/type_mat4x4_simd.inl
npm notice 7.0kB ios/dist/ViroRenderer/ViroKit.framework/Headers/glm/detail/type_mat4x4.hpp
npm notice 23.8kB ios/dist/ViroRenderer/ViroKit.framework/Headers/glm/detail/type_mat4x4.inl
npm notice 27.5kB ios/dist/ViroRenderer/ViroKit.framework/Headers/glm/detail/type_vec.hpp
npm notice 50B ios/dist/ViroRenderer/ViroKit.framework/Headers/glm/detail/type_vec.inl
npm notice 10.6kB ios/dist/ViroRenderer/ViroKit.framework/Headers/glm/detail/type_vec1.hpp
npm notice 13.9kB ios/dist/ViroRenderer/ViroKit.framework/Headers/glm/detail/type_vec1.inl
npm notice 14.3kB ios/dist/ViroRenderer/ViroKit.framework/Headers/glm/detail/type_vec2.hpp
npm notice 22.6kB ios/dist/ViroRenderer/ViroKit.framework/Headers/glm/detail/type_vec2.inl
npm notice 15.6kB ios/dist/ViroRenderer/ViroKit.framework/Headers/glm/detail/type_vec3.hpp
npm notice 26.0kB ios/dist/ViroRenderer/ViroKit.framework/Headers/glm/detail/type_vec3.inl
npm notice 13.2kB ios/dist/ViroRenderer/ViroKit.framework/Headers/glm/detail/type_vec4_simd.inl
npm notice 18.3kB ios/dist/ViroRenderer/ViroKit.framework/Headers/glm/detail/type_vec4.hpp
npm notice 30.2kB ios/dist/ViroRenderer/ViroKit.framework/Headers/glm/detail/type_vec4.inl
npm notice 104B ios/dist/ViroRenderer/ViroKit.framework/Headers/glm/exponential.hpp
npm notice 3.9kB ios/dist/ViroRenderer/ViroKit.framework/Headers/glm/ext.hpp
npm notice 82.7kB ios/dist/ViroRenderer/ViroKit.framework/Headers/glm/fwd.hpp
npm notice 100B ios/dist/ViroRenderer/ViroKit.framework/Headers/glm/geometric.hpp
npm notice 3.0kB ios/dist/ViroRenderer/ViroKit.framework/Headers/glm/glm.hpp
npm notice 8.1kB ios/dist/ViroRenderer/ViroKit.framework/Headers/glm/gtc/bitfield.hpp
npm notice 16.0kB ios/dist/ViroRenderer/ViroKit.framework/Headers/glm/gtc/bitfield.inl
npm notice 2.4kB ios/dist/ViroRenderer/ViroKit.framework/Headers/glm/gtc/color_encoding.inl
npm notice 2.1kB ios/dist/ViroRenderer/ViroKit.framework/Headers/glm/gtc/color_space.hpp
npm notice 2.9kB ios/dist/ViroRenderer/ViroKit.framework/Headers/glm/gtc/color_space.inl
npm notice 4.5kB ios/dist/ViroRenderer/ViroKit.framework/Headers/glm/gtc/constants.hpp
npm notice 4.4kB ios/dist/ViroRenderer/ViroKit.framework/Headers/glm/gtc/constants.inl
npm notice 2.0kB ios/dist/ViroRenderer/ViroKit.framework/Headers/glm/gtc/epsilon.hpp
npm notice 2.7kB ios/dist/ViroRenderer/ViroKit.framework/Headers/glm/gtc/epsilon.inl
npm notice 1.2kB ios/dist/ViroRenderer/ViroKit.framework/Headers/glm/gtc/functions.hpp
npm notice 846B ios/dist/ViroRenderer/ViroKit.framework/Headers/glm/gtc/functions.inl
npm notice 4.0kB ios/dist/ViroRenderer/ViroKit.framework/Headers/glm/gtc/integer.hpp
npm notice 2.5kB ios/dist/ViroRenderer/ViroKit.framework/Headers/glm/gtc/integer.inl
npm notice 1.5kB ios/dist/ViroRenderer/ViroKit.framework/Headers/glm/gtc/matrix_access.hpp
npm notice 1.2kB ios/dist/ViroRenderer/ViroKit.framework/Headers/glm/gtc/matrix_access.inl
npm notice 14.9kB ios/dist/ViroRenderer/ViroKit.framework/Headers/glm/gtc/matrix_integer.hpp
npm notice 1.5kB ios/dist/ViroRenderer/ViroKit.framework/Headers/glm/gtc/matrix_inverse.hpp
npm notice 5.1kB ios/dist/ViroRenderer/ViroKit.framework/Headers/glm/gtc/matrix_inverse.inl
npm notice 19.7kB ios/dist/ViroRenderer/ViroKit.framework/Headers/glm/gtc/matrix_transform.hpp
npm notice 17.9kB ios/dist/ViroRenderer/ViroKit.framework/Headers/glm/gtc/matrix_transform.inl
npm notice 1.7kB ios/dist/ViroRenderer/ViroKit.framework/Headers/glm/gtc/noise.hpp
npm notice 33.5kB ios/dist/ViroRenderer/ViroKit.framework/Headers/glm/gtc/noise.inl
npm notice 31.9kB ios/dist/ViroRenderer/ViroKit.framework/Headers/glm/gtc/packing.hpp
npm notice 22.9kB ios/dist/ViroRenderer/ViroKit.framework/Headers/glm/gtc/packing.inl
npm notice 6.7kB ios/dist/ViroRenderer/ViroKit.framework/Headers/glm/gtc/quaternion_simd.inl
npm notice 13.7kB ios/dist/ViroRenderer/ViroKit.framework/Headers/glm/gtc/quaternion.hpp
npm notice 22.5kB ios/dist/ViroRenderer/ViroKit.framework/Headers/glm/gtc/quaternion.inl
npm notice 2.8kB ios/dist/ViroRenderer/ViroKit.framework/Headers/glm/gtc/random.hpp
npm notice 12.2kB ios/dist/ViroRenderer/ViroKit.framework/Headers/glm/gtc/random.inl
npm notice 3.6kB ios/dist/ViroRenderer/ViroKit.framework/Headers/glm/gtc/reciprocal.hpp
npm notice 7.0kB ios/dist/ViroRenderer/ViroKit.framework/Headers/glm/gtc/reciprocal.inl
npm notice 5.7kB ios/dist/ViroRenderer/ViroKit.framework/Headers/glm/gtc/round.hpp
npm notice 10.3kB ios/dist/ViroRenderer/ViroKit.framework/Headers/glm/gtc/round.inl
npm notice 14.8kB ios/dist/ViroRenderer/ViroKit.framework/Headers/glm/gtc/type_aligned.hpp
npm notice 25.1kB ios/dist/ViroRenderer/ViroKit.framework/Headers/glm/gtc/type_precision.hpp
npm notice 78B ios/dist/ViroRenderer/ViroKit.framework/Headers/glm/gtc/type_precision.inl
npm notice 4.4kB ios/dist/ViroRenderer/ViroKit.framework/Headers/glm/gtc/type_ptr.hpp
npm notice 10.3kB ios/dist/ViroRenderer/ViroKit.framework/Headers/glm/gtc/type_ptr.inl
npm notice 1.9kB ios/dist/ViroRenderer/ViroKit.framework/Headers/glm/gtc/ulp.hpp
npm notice 8.8kB ios/dist/ViroRenderer/ViroKit.framework/Headers/glm/gtc/ulp.inl
npm notice 5.3kB ios/dist/ViroRenderer/ViroKit.framework/Headers/glm/gtc/vec1.hpp
npm notice 47B ios/dist/ViroRenderer/ViroKit.framework/Headers/glm/gtc/vec1.inl
npm notice 8.3kB ios/dist/ViroRenderer/ViroKit.framework/Headers/glm/gtx/associated_min_max.hpp
npm notice 9.9kB ios/dist/ViroRenderer/ViroKit.framework/Headers/glm/gtx/associated_min_max.inl
npm notice 3.2kB ios/dist/ViroRenderer/ViroKit.framework/Headers/glm/gtx/bit.hpp
npm notice 2.6kB ios/dist/ViroRenderer/ViroKit.framework/Headers/glm/gtx/bit.inl
npm notice 1.2kB ios/dist/ViroRenderer/ViroKit.framework/Headers/glm/gtx/closest_point.hpp
npm notice 1.2kB ios/dist/ViroRenderer/ViroKit.framework/Headers/glm/gtx/closest_point.inl
npm notice 1.7kB ios/dist/ViroRenderer/ViroKit.framework/Headers/glm/gtx/color_space_YCoCg.hpp
npm notice 2.8kB ios/dist/ViroRenderer/ViroKit.framework/Headers/glm/gtx/color_space_YCoCg.inl
npm notice 1.8kB ios/dist/ViroRenderer/ViroKit.framework/Headers/glm/gtx/color_space.hpp
npm notice 3.4kB ios/dist/ViroRenderer/ViroKit.framework/Headers/glm/gtx/color_space.inl
npm notice 1.9kB ios/dist/ViroRenderer/ViroKit.framework/Headers/glm/gtx/common.hpp
npm notice 3.2kB ios/dist/ViroRenderer/ViroKit.framework/Headers/glm/gtx/common.inl
npm notice 14.8kB ios/dist/ViroRenderer/ViroKit.framework/Headers/glm/gtx/compatibility.hpp
npm notice 1.6kB ios/dist/ViroRenderer/ViroKit.framework/Headers/glm/gtx/compatibility.inl
npm notice 2.3kB ios/dist/ViroRenderer/ViroKit.framework/Headers/glm/gtx/component_wise.hpp
npm notice 4.9kB ios/dist/ViroRenderer/ViroKit.framework/Headers/glm/gtx/component_wise.inl
npm notice 9.5kB ios/dist/ViroRenderer/ViroKit.framework/Headers/glm/gtx/dual_quaternion.hpp
npm notice 10.7kB ios/dist/ViroRenderer/ViroKit.framework/Headers/glm/gtx/dual_quaternion.inl
npm notice 4.6kB ios/dist/ViroRenderer/ViroKit.framework/Headers/glm/gtx/euler_angles.hpp
npm notice 7.9kB ios/dist/ViroRenderer/ViroKit.framework/Headers/glm/gtx/euler_angles.inl
npm notice 897B ios/dist/ViroRenderer/ViroKit.framework/Headers/glm/gtx/extend.hpp
npm notice 988B ios/dist/ViroRenderer/ViroKit.framework/Headers/glm/gtx/extend.inl
npm notice 3.6kB ios/dist/ViroRenderer/ViroKit.framework/Headers/glm/gtx/extended_min_max.hpp
npm notice 2.6kB ios/dist/ViroRenderer/ViroKit.framework/Headers/glm/gtx/extended_min_max.inl
npm notice 3.2kB ios/dist/ViroRenderer/ViroKit.framework/Headers/glm/gtx/fast_exponential.hpp
npm notice 4.6kB ios/dist/ViroRenderer/ViroKit.framework/Headers/glm/gtx/fast_exponential.inl
npm notice 3.0kB ios/dist/ViroRenderer/ViroKit.framework/Headers/glm/gtx/fast_square_root.hpp
npm notice 2.6kB ios/dist/ViroRenderer/ViroKit.framework/Headers/glm/gtx/fast_square_root.inl
npm notice 2.3kB ios/dist/ViroRenderer/ViroKit.framework/Headers/glm/gtx/fast_trigonometry.hpp
npm notice 4.5kB ios/dist/ViroRenderer/ViroKit.framework/Headers/glm/gtx/fast_trigonometry.inl
npm notice 384B ios/dist/ViroRenderer/ViroKit.framework/Headers/glm/gtx/float_notmalize.inl
npm notice 1.3kB ios/dist/ViroRenderer/ViroKit.framework/Headers/glm/gtx/gradient_paint.hpp
npm notice 978B ios/dist/ViroRenderer/ViroKit.framework/Headers/glm/gtx/gradient_paint.inl
npm notice 1.3kB ios/dist/ViroRenderer/ViroKit.framework/Headers/glm/gtx/handed_coordinate_space.hpp
npm notice 608B ios/dist/ViroRenderer/ViroKit.framework/Headers/glm/gtx/handed_coordinate_space.inl
npm notice 3.3kB ios/dist/ViroRenderer/ViroKit.framework/Headers/glm/gtx/hash.hpp
npm notice 5.8kB ios/dist/ViroRenderer/ViroKit.framework/Headers/glm/gtx/hash.inl
npm notice 2.0kB ios/dist/ViroRenderer/ViroKit.framework/Headers/glm/gtx/integer.hpp
npm notice 4.0kB ios/dist/ViroRenderer/ViroKit.framework/Headers/glm/gtx/integer.inl
npm notice 3.1kB ios/dist/ViroRenderer/ViroKit.framework/Headers/glm/gtx/intersect.hpp
npm notice 5.6kB ios/dist/ViroRenderer/ViroKit.framework/Headers/glm/gtx/intersect.inl
npm notice 7.1kB ios/dist/ViroRenderer/ViroKit.framework/Headers/glm/gtx/io.hpp
npm notice 12.3kB ios/dist/ViroRenderer/ViroKit.framework/Headers/glm/gtx/io.inl
npm notice 1.0kB ios/dist/ViroRenderer/ViroKit.framework/Headers/glm/gtx/log_base.hpp
npm notice 499B ios/dist/ViroRenderer/ViroKit.framework/Headers/glm/gtx/log_base.inl
npm notice 1.1kB ios/dist/ViroRenderer/ViroKit.framework/Headers/glm/gtx/matrix_cross_product.hpp
npm notice 753B ios/dist/ViroRenderer/ViroKit.framework/Headers/glm/gtx/matrix_cross_product.inl
npm notice 1.2kB ios/dist/ViroRenderer/ViroKit.framework/Headers/glm/gtx/matrix_decompose.hpp
npm notice 6.8kB ios/dist/ViroRenderer/ViroKit.framework/Headers/glm/gtx/matrix_decompose.inl
npm notice 1.8kB ios/dist/ViroRenderer/ViroKit.framework/Headers/glm/gtx/matrix_interpolation.hpp
npm notice 3.9kB ios/dist/ViroRenderer/ViroKit.framework/Headers/glm/gtx/matrix_interpolation.inl
npm notice 3.7kB ios/dist/ViroRenderer/ViroKit.framework/Headers/glm/gtx/matrix_major_storage.hpp
npm notice 3.8kB ios/dist/ViroRenderer/ViroKit.framework/Headers/glm/gtx/matrix_major_storage.inl
npm notice 2.4kB ios/dist/ViroRenderer/ViroKit.framework/Headers/glm/gtx/matrix_operation.hpp
npm notice 2.4kB ios/dist/ViroRenderer/ViroKit.framework/Headers/glm/gtx/matrix_operation.inl
npm notice 2.5kB ios/dist/ViroRenderer/ViroKit.framework/Headers/glm/gtx/matrix_query.hpp
npm notice 3.4kB ios/dist/ViroRenderer/ViroKit.framework/Headers/glm/gtx/matrix_query.inl
npm notice 2.4kB ios/dist/ViroRenderer/ViroKit.framework/Headers/glm/gtx/matrix_transform_2d.hpp
npm notice 1.5kB ios/dist/ViroRenderer/ViroKit.framework/Headers/glm/gtx/matrix_transform_2d.inl
npm notice 878B ios/dist/ViroRenderer/ViroKit.framework/Headers/glm/gtx/mixed_product.hpp
npm notice 306B ios/dist/ViroRenderer/ViroKit.framework/Headers/glm/gtx/mixed_product.inl
npm notice 2.3kB ios/dist/ViroRenderer/ViroKit.framework/Headers/glm/gtx/norm.hpp
npm notice 2.6kB ios/dist/ViroRenderer/ViroKit.framework/Headers/glm/gtx/norm.inl
npm notice 894B ios/dist/ViroRenderer/ViroKit.framework/Headers/glm/gtx/normal.hpp
npm notice 319B ios/dist/ViroRenderer/ViroKit.framework/Headers/glm/gtx/normal.inl
npm notice 1.4kB ios/dist/ViroRenderer/ViroKit.framework/Headers/glm/gtx/normalize_dot.hpp
npm notice 623B ios/dist/ViroRenderer/ViroKit.framework/Headers/glm/gtx/normalize_dot.inl
npm notice 2.2kB ios/dist/ViroRenderer/ViroKit.framework/Headers/glm/gtx/number_precision.hpp
npm notice 96B ios/dist/ViroRenderer/ViroKit.framework/Headers/glm/gtx/number_precision.inl
npm notice 1.1kB ios/dist/ViroRenderer/ViroKit.framework/Headers/glm/gtx/optimum_pow.hpp
npm notice 443B ios/dist/ViroRenderer/ViroKit.framework/Headers/glm/gtx/optimum_pow.inl
npm notice 1.1kB ios/dist/ViroRenderer/ViroKit.framework/Headers/glm/gtx/orthonormalize.hpp
npm notice 668B ios/dist/ViroRenderer/ViroKit.framework/Headers/glm/gtx/orthonormalize.inl
npm notice 933B ios/dist/ViroRenderer/ViroKit.framework/Headers/glm/gtx/perpendicular.hpp
npm notice 264B ios/dist/ViroRenderer/ViroKit.framework/Headers/glm/gtx/perpendicular.inl
npm notice 1.2kB ios/dist/ViroRenderer/ViroKit.framework/Headers/glm/gtx/polar_coordinates.hpp
npm notice 808B ios/dist/ViroRenderer/ViroKit.framework/Headers/glm/gtx/polar_coordinates.inl
npm notice 796B ios/dist/ViroRenderer/ViroKit.framework/Headers/glm/gtx/projection.hpp
npm notice 279B ios/dist/ViroRenderer/ViroKit.framework/Headers/glm/gtx/projection.inl
npm notice 4.9kB ios/dist/ViroRenderer/ViroKit.framework/Headers/glm/gtx/quaternion.hpp
npm notice 6.3kB ios/dist/ViroRenderer/ViroKit.framework/Headers/glm/gtx/quaternion.inl
npm notice 1.9kB ios/dist/ViroRenderer/ViroKit.framework/Headers/glm/gtx/range.hpp
npm notice 1.1kB ios/dist/ViroRenderer/ViroKit.framework/Headers/glm/gtx/raw_data.hpp
npm notice 55B ios/dist/ViroRenderer/ViroKit.framework/Headers/glm/gtx/raw_data.inl
npm notice 2.2kB ios/dist/ViroRenderer/ViroKit.framework/Headers/glm/gtx/rotate_normalized_axis.hpp
npm notice 1.8kB ios/dist/ViroRenderer/ViroKit.framework/Headers/glm/gtx/rotate_normalized_axis.inl
npm notice 3.4kB ios/dist/ViroRenderer/ViroKit.framework/Headers/glm/gtx/rotate_vector.hpp
npm notice 4.0kB ios/dist/ViroRenderer/ViroKit.framework/Headers/glm/gtx/rotate_vector.inl
npm notice 2.0kB ios/dist/ViroRenderer/ViroKit.framework/Headers/glm/gtx/scalar_multiplication.hpp
npm notice 705B ios/dist/ViroRenderer/ViroKit.framework/Headers/glm/gtx/scalar_relational.hpp
npm notice 1.1kB ios/dist/ViroRenderer/ViroKit.framework/Headers/glm/gtx/scalar_relational.inl
npm notice 1.5kB ios/dist/ViroRenderer/ViroKit.framework/Headers/glm/gtx/spline.hpp
npm notice 2.0kB ios/dist/ViroRenderer/ViroKit.framework/Headers/glm/gtx/spline.inl
npm notice 1.8kB ios/dist/ViroRenderer/ViroKit.framework/Headers/glm/gtx/std_based_type.hpp
npm notice 92B ios/dist/ViroRenderer/ViroKit.framework/Headers/glm/gtx/std_based_type.inl
npm notice 1.3kB ios/dist/ViroRenderer/ViroKit.framework/Headers/glm/gtx/string_cast.hpp
npm notice 13.6kB ios/dist/ViroRenderer/ViroKit.framework/Headers/glm/gtx/string_cast.inl
npm notice 1.5kB ios/dist/ViroRenderer/ViroKit.framework/Headers/glm/gtx/transform.hpp
npm notice 616B ios/dist/ViroRenderer/ViroKit.framework/Headers/glm/gtx/transform.inl
npm notice 3.4kB ios/dist/ViroRenderer/ViroKit.framework/Headers/glm/gtx/transform2.hpp
npm notice 3.7kB ios/dist/ViroRenderer/ViroKit.framework/Headers/glm/gtx/transform2.inl
npm notice 33.8kB ios/dist/ViroRenderer/ViroKit.framework/Headers/glm/gtx/type_aligned.hpp
npm notice 88B ios/dist/ViroRenderer/ViroKit.framework/Headers/glm/gtx/type_aligned.inl
npm notice 5.1kB ios/dist/ViroRenderer/ViroKit.framework/Headers/glm/gtx/type_trait.hpp
npm notice 0B ios/dist/ViroRenderer/ViroKit.framework/Headers/glm/gtx/type_trait.inl
npm notice 1.7kB ios/dist/ViroRenderer/ViroKit.framework/Headers/glm/gtx/vector_angle.hpp
npm notice 1.6kB ios/dist/ViroRenderer/ViroKit.framework/Headers/glm/gtx/vector_angle.inl
npm notice 2.3kB ios/dist/ViroRenderer/ViroKit.framework/Headers/glm/gtx/vector_query.hpp
npm notice 5.1kB ios/dist/ViroRenderer/ViroKit.framework/Headers/glm/gtx/vector_query.inl
npm notice 1.3kB ios/dist/ViroRenderer/ViroKit.framework/Headers/glm/gtx/wrap.hpp
npm notice 1.9kB ios/dist/ViroRenderer/ViroKit.framework/Headers/glm/gtx/wrap.inl
npm notice 96B ios/dist/ViroRenderer/ViroKit.framework/Headers/glm/integer.hpp
npm notice 2.9kB ios/dist/ViroRenderer/ViroKit.framework/Headers/glm/mat2x2.hpp
npm notice 1.5kB ios/dist/ViroRenderer/ViroKit.framework/Headers/glm/mat2x3.hpp
npm notice 1.5kB ios/dist/ViroRenderer/ViroKit.framework/Headers/glm/mat2x4.hpp
npm notice 1.5kB ios/dist/ViroRenderer/ViroKit.framework/Headers/glm/mat3x2.hpp
npm notice 2.9kB ios/dist/ViroRenderer/ViroKit.framework/Headers/glm/mat3x3.hpp
npm notice 1.5kB ios/dist/ViroRenderer/ViroKit.framework/Headers/glm/mat3x4.hpp
npm notice 1.5kB ios/dist/ViroRenderer/ViroKit.framework/Headers/glm/mat4x2.hpp
npm notice 1.5kB ios/dist/ViroRenderer/ViroKit.framework/Headers/glm/mat4x3.hpp
npm notice 2.9kB ios/dist/ViroRenderer/ViroKit.framework/Headers/glm/mat4x4.hpp
npm notice 94B ios/dist/ViroRenderer/ViroKit.framework/Headers/glm/matrix.hpp
npm notice 96B ios/dist/ViroRenderer/ViroKit.framework/Headers/glm/packing.hpp
npm notice 385B ios/dist/ViroRenderer/ViroKit.framework/Headers/glm/simd/exponential.h
npm notice 4.1kB ios/dist/ViroRenderer/ViroKit.framework/Headers/glm/simd/geometric.h
npm notice 3.8kB ios/dist/ViroRenderer/ViroKit.framework/Headers/glm/simd/integer.h
npm notice 41.0kB ios/dist/ViroRenderer/ViroKit.framework/Headers/glm/simd/matrix.h
npm notice 137B ios/dist/ViroRenderer/ViroKit.framework/Headers/glm/simd/packing.h
npm notice 16.3kB ios/dist/ViroRenderer/ViroKit.framework/Headers/glm/simd/platform.h
npm notice 7.0kB ios/dist/ViroRenderer/ViroKit.framework/Headers/glm/simd/simd_common.h
npm notice 145B ios/dist/ViroRenderer/ViroKit.framework/Headers/glm/simd/trigonometric.h
npm notice 147B ios/dist/ViroRenderer/ViroKit.framework/Headers/glm/simd/vector_relational.h
npm notice 108B ios/dist/ViroRenderer/ViroKit.framework/Headers/glm/trigonometric.hpp
npm notice 90B ios/dist/ViroRenderer/ViroKit.framework/Headers/glm/vec2.hpp
npm notice 90B ios/dist/ViroRenderer/ViroKit.framework/Headers/glm/vec3.hpp
npm notice 90B ios/dist/ViroRenderer/ViroKit.framework/Headers/glm/vec4.hpp
npm notice 116B ios/dist/ViroRenderer/ViroKit.framework/Headers/glm/vector_relational.hpp
npm notice 28.7kB ios/dist/ViroRenderer/ViroKit.framework/Headers/optional.hpp
npm notice 70.5kB ios/dist/ViroRenderer/ViroKit.framework/Headers/tiny_obj_loader.h
npm notice 7.7kB ios/dist/ViroRenderer/ViroKit.framework/Headers/ViroKit.h
npm notice 7.0kB ios/dist/ViroRenderer/ViroKit.framework/Headers/VROAction.h
npm notice 3.6kB ios/dist/ViroRenderer/ViroKit.framework/Headers/VROAllocationTracker.h
npm notice 1.7kB ios/dist/ViroRenderer/ViroKit.framework/Headers/VROAnimatable.h
npm notice 4.8kB ios/dist/ViroRenderer/ViroKit.framework/Headers/VROAnimatedTextureOpenGL.h
npm notice 3.1kB ios/dist/ViroRenderer/ViroKit.framework/Headers/VROAnimation.h
npm notice 3.2kB ios/dist/ViroRenderer/ViroKit.framework/Headers/VROAnimationChain.h
npm notice 3.4kB ios/dist/ViroRenderer/ViroKit.framework/Headers/VROAnimationFloat.h
npm notice 3.8kB ios/dist/ViroRenderer/ViroKit.framework/Headers/VROAnimationGroup.h
npm notice 3.7kB ios/dist/ViroRenderer/ViroKit.framework/Headers/VROAnimationQuaternion.h
npm notice 3.6kB ios/dist/ViroRenderer/ViroKit.framework/Headers/VROAnimationVector3f.h
npm notice 3.8kB ios/dist/ViroRenderer/ViroKit.framework/Headers/VROAnimBodyDataiOS.h
npm notice 5.3kB ios/dist/ViroRenderer/ViroKit.framework/Headers/VROARAnchor.h
npm notice 3.3kB ios/dist/ViroRenderer/ViroKit.framework/Headers/VROARCamera.h
npm notice 5.0kB ios/dist/ViroRenderer/ViroKit.framework/Headers/VROARConstraintMatcher.h
npm notice 2.4kB ios/dist/ViroRenderer/ViroKit.framework/Headers/VROARDeclarativeImageNode.h
npm notice 5.1kB ios/dist/ViroRenderer/ViroKit.framework/Headers/VROARDeclarativeNode.h
npm notice 2.0kB ios/dist/ViroRenderer/ViroKit.framework/Headers/VROARDeclarativeNodeDelegate.h
npm notice 2.4kB ios/dist/ViroRenderer/ViroKit.framework/Headers/VROARDeclarativeObjectNode.h
npm notice 5.9kB ios/dist/ViroRenderer/ViroKit.framework/Headers/VROARDeclarativePlane.h
npm notice 5.1kB ios/dist/ViroRenderer/ViroKit.framework/Headers/VROARDeclarativeSession.h
npm notice 3.6kB ios/dist/ViroRenderer/ViroKit.framework/Headers/VROARDepthMesh.h
npm notice 10.6kB ios/dist/ViroRenderer/ViroKit.framework/Headers/VROARFrame.h
npm notice 2.9kB ios/dist/ViroRenderer/ViroKit.framework/Headers/VROARFrameInertial.h
npm notice 6.9kB ios/dist/ViroRenderer/ViroKit.framework/Headers/VROARFrameiOS.h
npm notice 5.5kB ios/dist/ViroRenderer/ViroKit.framework/Headers/VROARHitTestResult.h
npm notice 3.8kB ios/dist/ViroRenderer/ViroKit.framework/Headers/VROARHitTestResultiOS.h
npm notice 2.2kB ios/dist/ViroRenderer/ViroKit.framework/Headers/VROARImageAnchor.h
npm notice 1.7kB ios/dist/ViroRenderer/ViroKit.framework/Headers/VROARImageDatabase.h
npm notice 2.4kB ios/dist/ViroRenderer/ViroKit.framework/Headers/VROARImageTarget.h
npm notice 2.0kB ios/dist/ViroRenderer/ViroKit.framework/Headers/VROARImageTargetiOS.h
npm notice 2.7kB ios/dist/ViroRenderer/ViroKit.framework/Headers/VROARNode.h
npm notice 2.3kB ios/dist/ViroRenderer/ViroKit.framework/Headers/VROARNodeDelegateiOS.h
npm notice 1.7kB ios/dist/ViroRenderer/ViroKit.framework/Headers/VROARObjectAnchor.h
npm notice 1.7kB ios/dist/ViroRenderer/ViroKit.framework/Headers/VROARObjectTarget.h
npm notice 1.9kB ios/dist/ViroRenderer/ViroKit.framework/Headers/VROARObjectTargetiOS.h
npm notice 9.6kB ios/dist/ViroRenderer/ViroKit.framework/Headers/VROARPlaneAnchor.h
npm notice 2.3kB ios/dist/ViroRenderer/ViroKit.framework/Headers/VROARPointCloud.h
npm notice 7.9kB ios/dist/ViroRenderer/ViroKit.framework/Headers/VROARScene.h
npm notice 1.8kB ios/dist/ViroRenderer/ViroKit.framework/Headers/VROARSceneController.h
npm notice 3.1kB ios/dist/ViroRenderer/ViroKit.framework/Headers/VROARSceneDelegateiOS.h
npm notice 32.8kB ios/dist/ViroRenderer/ViroKit.framework/Headers/VROARSession.h
npm notice 18.5kB ios/dist/ViroRenderer/ViroKit.framework/Headers/VROARSessioniOS.h
npm notice 5.7kB ios/dist/ViroRenderer/ViroKit.framework/Headers/VROARSessionRecorderIOS.h
npm notice 2.2kB ios/dist/ViroRenderer/ViroKit.framework/Headers/VROARShadow.h
npm notice 16.1kB ios/dist/ViroRenderer/ViroKit.framework/Headers/VROARWorldMesh.h
npm notice 2.3kB ios/dist/ViroRenderer/ViroKit.framework/Headers/VROAtomic.h
npm notice 2.8kB ios/dist/ViroRenderer/ViroKit.framework/Headers/VROAudioPlayer.h
npm notice 3.5kB ios/dist/ViroRenderer/ViroKit.framework/Headers/VROAudioPlayeriOS.h
npm notice 3.0kB ios/dist/ViroRenderer/ViroKit.framework/Headers/VROAudioPlayerStreamiOS.h
npm notice 1.9kB ios/dist/ViroRenderer/ViroKit.framework/Headers/VROBillboardConstraint.h
npm notice 6.3kB ios/dist/ViroRenderer/ViroKit.framework/Headers/VROBodyAnimData.h
npm notice 2.8kB ios/dist/ViroRenderer/ViroKit.framework/Headers/VROBodyMesher.h
npm notice 4.2kB ios/dist/ViroRenderer/ViroKit.framework/Headers/VROBodyPlayer.h
npm notice 5.8kB ios/dist/ViroRenderer/ViroKit.framework/Headers/VROBodyPlayeriOS.h
npm notice 5.7kB ios/dist/ViroRenderer/ViroKit.framework/Headers/VROBodyTracker.h
npm notice 9.4kB ios/dist/ViroRenderer/ViroKit.framework/Headers/VROBodyTrackerController.h
npm notice 4.1kB ios/dist/ViroRenderer/ViroKit.framework/Headers/VROBodyTrackeriOS.h
npm notice 2.4kB ios/dist/ViroRenderer/ViroKit.framework/Headers/VROBodyTrackerYolo.h
npm notice 2.4kB ios/dist/ViroRenderer/ViroKit.framework/Headers/VROBoneConstraint.h
npm notice 6.1kB ios/dist/ViroRenderer/ViroKit.framework/Headers/VROBoundingBox.h
npm notice 1.9kB ios/dist/ViroRenderer/ViroKit.framework/Headers/VROBox.h
npm notice 7.8kB ios/dist/ViroRenderer/ViroKit.framework/Headers/VROByteBuffer.h
npm notice 5.0kB ios/dist/ViroRenderer/ViroKit.framework/Headers/VROCamera.h
npm notice 2.9kB ios/dist/ViroRenderer/ViroKit.framework/Headers/VROCameraTexture.h
npm notice 3.4kB ios/dist/ViroRenderer/ViroKit.framework/Headers/VROCameraTextureiOS.h
npm notice 11.1kB ios/dist/ViroRenderer/ViroKit.framework/Headers/VROChoreographer.h
npm notice 9.2kB ios/dist/ViroRenderer/ViroKit.framework/Headers/VROCloudAnchorProviderARCore.h
npm notice 2.3kB ios/dist/ViroRenderer/ViroKit.framework/Headers/VROColocationBridge.h
npm notice 2.6kB ios/dist/ViroRenderer/ViroKit.framework/Headers/VROConcurrentBuffer.h
npm notice 1.8kB ios/dist/ViroRenderer/ViroKit.framework/Headers/VROConstraint.h
npm notice 2.4kB ios/dist/ViroRenderer/ViroKit.framework/Headers/VROData.h
npm notice 3.9kB ios/dist/ViroRenderer/ViroKit.framework/Headers/VRODefines.h
npm notice 8.2kB ios/dist/ViroRenderer/ViroKit.framework/Headers/VRODeviceUtil.h
npm notice 13.3kB ios/dist/ViroRenderer/ViroKit.framework/Headers/VRODriver.h
npm notice 6.4kB ios/dist/ViroRenderer/ViroKit.framework/Headers/VRODynamicGeometry.h
npm notice 3.1kB ios/dist/ViroRenderer/ViroKit.framework/Headers/VRODynamicMeshNode.h
npm notice 7.7kB ios/dist/ViroRenderer/ViroKit.framework/Headers/VROEventDelegate.h
npm notice 5.1kB ios/dist/ViroRenderer/ViroKit.framework/Headers/VROEventDelegateiOS.h
npm notice 3.2kB ios/dist/ViroRenderer/ViroKit.framework/Headers/VROExecutableAnimation.h
npm notice 7.0kB ios/dist/ViroRenderer/ViroKit.framework/Headers/VROFBXLoader.h
npm notice 3.4kB ios/dist/ViroRenderer/ViroKit.framework/Headers/VROFieldOfView.h
npm notice 4.7kB ios/dist/ViroRenderer/ViroKit.framework/Headers/VROFixedParticleEmitter.h
npm notice 1.7kB ios/dist/ViroRenderer/ViroKit.framework/Headers/VROFrameListener.h
npm notice 3.1kB ios/dist/ViroRenderer/ViroKit.framework/Headers/VROFrameScheduler.h
npm notice 1.6kB ios/dist/ViroRenderer/ViroKit.framework/Headers/VROFrameSynchronizer.h
npm notice 2.7kB ios/dist/ViroRenderer/ViroKit.framework/Headers/VROFrameTimer.h
npm notice 1.2kB ios/dist/ViroRenderer/ViroKit.framework/Headers/VROFrontCameraProvider.h
npm notice 3.7kB ios/dist/ViroRenderer/ViroKit.framework/Headers/VROFrustum.h
npm notice 2.1kB ios/dist/ViroRenderer/ViroKit.framework/Headers/VROFrustumBoxIntersectionMetadata.h
npm notice 1.7kB ios/dist/ViroRenderer/ViroKit.framework/Headers/VROFrustumPlane.h
npm notice 4.8kB ios/dist/ViroRenderer/ViroKit.framework/Headers/VROGameLoopListener.h
npm notice 7.1kB ios/dist/ViroRenderer/ViroKit.framework/Headers/VROGaussianBlurRenderPass.h
npm notice 12.4kB ios/dist/ViroRenderer/ViroKit.framework/Headers/VROGeometry.h
npm notice 4.3kB ios/dist/ViroRenderer/ViroKit.framework/Headers/VROGeometryElement.h
npm notice 8.0kB ios/dist/ViroRenderer/ViroKit.framework/Headers/VROGeometrySource.h
npm notice 2.7kB ios/dist/ViroRenderer/ViroKit.framework/Headers/VROGeometryUtil.h
npm notice 7.5kB ios/dist/ViroRenderer/ViroKit.framework/Headers/VROGeospatial.h
npm notice 5.4kB ios/dist/ViroRenderer/ViroKit.framework/Headers/VROGeospatialAnchor.h
npm notice 16.8kB ios/dist/ViroRenderer/ViroKit.framework/Headers/VROGLTFLoader.h
npm notice 1.9kB ios/dist/ViroRenderer/ViroKit.framework/Headers/VROHDRLoader.h
npm notice 2.3kB ios/dist/ViroRenderer/ViroKit.framework/Headers/VROHitTestResult.h
npm notice 1.7kB ios/dist/ViroRenderer/ViroKit.framework/Headers/VROHoverDistanceListener.h
npm notice 8.4kB ios/dist/ViroRenderer/ViroKit.framework/Headers/VROIKRig.h
npm notice 2.7kB ios/dist/ViroRenderer/ViroKit.framework/Headers/VROImage.h
npm notice 2.0kB ios/dist/ViroRenderer/ViroKit.framework/Headers/VROImageiOS.h
npm notice 1.7kB ios/dist/ViroRenderer/ViroKit.framework/Headers/VROImageUtil.h
npm notice 16.7kB ios/dist/ViroRenderer/ViroKit.framework/Headers/VROInputControllerBase.h
npm notice 2.1kB ios/dist/ViroRenderer/ViroKit.framework/Headers/VROInputControllerCardboardiOS.h
npm notice 9.3kB ios/dist/ViroRenderer/ViroKit.framework/Headers/VROInputPresenter.h
npm notice 2.2kB ios/dist/ViroRenderer/ViroKit.framework/Headers/VROInputPresenterCardboardiOS.h
npm notice 4.5kB ios/dist/ViroRenderer/ViroKit.framework/Headers/VROInputState.h
npm notice 3.3kB ios/dist/ViroRenderer/ViroKit.framework/Headers/VROInputType.h
npm notice 1.6kB ios/dist/ViroRenderer/ViroKit.framework/Headers/VROLazyMaterial.h
npm notice 11.3kB ios/dist/ViroRenderer/ViroKit.framework/Headers/VROLight.h
npm notice 8.6kB ios/dist/ViroRenderer/ViroKit.framework/Headers/VROLineSegment.h
npm notice 16.6kB ios/dist/ViroRenderer/ViroKit.framework/Headers/VROLog.h
npm notice 22.3kB ios/dist/ViroRenderer/ViroKit.framework/Headers/VROMaterial.h
npm notice 1.9kB ios/dist/ViroRenderer/ViroKit.framework/Headers/VROMaterialAnimation.h
npm notice 3.9kB ios/dist/ViroRenderer/ViroKit.framework/Headers/VROMaterialSubstrate.h
npm notice 4.4kB ios/dist/ViroRenderer/ViroKit.framework/Headers/VROMaterialVisual.h
npm notice 8.7kB ios/dist/ViroRenderer/ViroKit.framework/Headers/VROMath.h
npm notice 3.9kB ios/dist/ViroRenderer/ViroKit.framework/Headers/VROMatrix4f.h
npm notice 5.3kB ios/dist/ViroRenderer/ViroKit.framework/Headers/VROModelDownloader.h
npm notice 5.1kB ios/dist/ViroRenderer/ViroKit.framework/Headers/VROModelIOUtil.h
npm notice 13.6kB ios/dist/ViroRenderer/ViroKit.framework/Headers/VROMonocularDepthEstimator.h
npm notice 9.7kB ios/dist/ViroRenderer/ViroKit.framework/Headers/VROMorpher.h
npm notice 40.2kB ios/dist/ViroRenderer/ViroKit.framework/Headers/VRONode.h
npm notice 5.6kB ios/dist/ViroRenderer/ViroKit.framework/Headers/VRONodeCamera.h
npm notice 4.4kB ios/dist/ViroRenderer/ViroKit.framework/Headers/VROObjectDetector.h
npm notice 4.3kB ios/dist/ViroRenderer/ViroKit.framework/Headers/VROOBJLoader.h
npm notice 4.4kB ios/dist/ViroRenderer/ViroKit.framework/Headers/VROOneEuroFilter.h
npm notice 4.0kB ios/dist/ViroRenderer/ViroKit.framework/Headers/VROOpenGL.h
npm notice 3.5kB ios/dist/ViroRenderer/ViroKit.framework/Headers/VROParticle.h
npm notice 16.5kB ios/dist/ViroRenderer/ViroKit.framework/Headers/VROParticleEmitter.h
npm notice 9.6kB ios/dist/ViroRenderer/ViroKit.framework/Headers/VROParticleModifier.h
npm notice 4.1kB ios/dist/ViroRenderer/ViroKit.framework/Headers/VROParticleUBO.h
npm notice 4.9kB ios/dist/ViroRenderer/ViroKit.framework/Headers/VROPCMRingBuffer.h
npm notice 2.8kB ios/dist/ViroRenderer/ViroKit.framework/Headers/VROPencil.h
npm notice 9.6kB ios/dist/ViroRenderer/ViroKit.framework/Headers/VROPhysicsBody.h
npm notice 3.4kB ios/dist/ViroRenderer/ViroKit.framework/Headers/VROPhysicsBodyDelegate.h
npm notice 2.3kB ios/dist/ViroRenderer/ViroKit.framework/Headers/VROPhysicsBodyDelegateiOS.h
npm notice 3.7kB ios/dist/ViroRenderer/ViroKit.framework/Headers/VROPhysicsContactResultCallback.h
npm notice 2.6kB ios/dist/ViroRenderer/ViroKit.framework/Headers/VROPhysicsMotionState.h
npm notice 8.7kB ios/dist/ViroRenderer/ViroKit.framework/Headers/VROPhysicsShape.h
npm notice 6.3kB ios/dist/ViroRenderer/ViroKit.framework/Headers/VROPhysicsWorld.h
npm notice 2.4kB ios/dist/ViroRenderer/ViroKit.framework/Headers/VROPlane.h
npm notice 20.7kB ios/dist/ViroRenderer/ViroKit.framework/Headers/VROPlatformUtil.h
npm notice 3.5kB ios/dist/ViroRenderer/ViroKit.framework/Headers/VROPolygon.h
npm notice 4.7kB ios/dist/ViroRenderer/ViroKit.framework/Headers/VROPolyline.h
npm notice 11.6kB ios/dist/ViroRenderer/ViroKit.framework/Headers/VROPortal.h
npm notice 1.7kB ios/dist/ViroRenderer/ViroKit.framework/Headers/VROPortalDelegate.h
npm notice 2.2kB ios/dist/ViroRenderer/ViroKit.framework/Headers/VROPortalDelegateiOS.h
npm notice 4.5kB ios/dist/ViroRenderer/ViroKit.framework/Headers/VROPortalFrame.h
npm notice 2.7kB ios/dist/ViroRenderer/ViroKit.framework/Headers/VROPortalTraversalListener.h
npm notice 4.0kB ios/dist/ViroRenderer/ViroKit.framework/Headers/VROPoseFilter.h
npm notice 2.0kB ios/dist/ViroRenderer/ViroKit.framework/Headers/VROPoseFilterEuro.h
npm notice 8.6kB ios/dist/ViroRenderer/ViroKit.framework/Headers/VROPostProcessEffectFactory.h
npm notice 1.9kB ios/dist/ViroRenderer/ViroKit.framework/Headers/VROProjector.h
npm notice 3.1kB ios/dist/ViroRenderer/ViroKit.framework/Headers/VROPropertyAnimation.h
npm notice 7.0kB ios/dist/ViroRenderer/ViroKit.framework/Headers/VROQuaternion.h
npm notice 12.3kB ios/dist/ViroRenderer/ViroKit.framework/Headers/VRORenderContext.h
npm notice 1.6kB ios/dist/ViroRenderer/ViroKit.framework/Headers/VRORenderDelegate.h
npm notice 17.8kB ios/dist/ViroRenderer/ViroKit.framework/Headers/VRORenderer.h
npm notice 1.6kB ios/dist/ViroRenderer/ViroKit.framework/Headers/VRORendererConfiguration.h
npm notice 2.6kB ios/dist/ViroRenderer/ViroKit.framework/Headers/VRORendererTest.h
npm notice 2.8kB ios/dist/ViroRenderer/ViroKit.framework/Headers/VRORendererTestHarness.h
npm notice 2.5kB ios/dist/ViroRenderer/ViroKit.framework/Headers/VRORenderMetadata.h
npm notice 2.0kB ios/dist/ViroRenderer/ViroKit.framework/Headers/VRORenderParameters.h
npm notice 3.3kB ios/dist/ViroRenderer/ViroKit.framework/Headers/VRORenderPass.h
npm notice 2.1kB ios/dist/ViroRenderer/ViroKit.framework/Headers/VRORenderToTextureDelegate.h
npm notice 4.0kB ios/dist/ViroRenderer/ViroKit.framework/Headers/VROReticle.h
npm notice 10.2kB ios/dist/ViroRenderer/ViroKit.framework/Headers/VROScene.h
npm notice 4.1kB ios/dist/ViroRenderer/ViroKit.framework/Headers/VROSceneController.h
npm notice 4.5kB ios/dist/ViroRenderer/ViroKit.framework/Headers/VROSceneDelegateiOS.h
npm notice 9.0kB ios/dist/ViroRenderer/ViroKit.framework/Headers/VROSemantics.h
npm notice 13.0kB ios/dist/ViroRenderer/ViroKit.framework/Headers/VROShaderModifier.h
npm notice 11.4kB ios/dist/ViroRenderer/ViroKit.framework/Headers/VROShaderProgram.h
npm notice 2.7kB ios/dist/ViroRenderer/ViroKit.framework/Headers/VROShapeUtils.h
npm notice 2.6kB ios/dist/ViroRenderer/ViroKit.framework/Headers/VROSkeletalAnimationLayer.h
npm notice 2.3kB ios/dist/ViroRenderer/ViroKit.framework/Headers/VROSkeletonRenderer.h
npm notice 8.2kB ios/dist/ViroRenderer/ViroKit.framework/Headers/VROSkinner.h
npm notice 1.9kB ios/dist/ViroRenderer/ViroKit.framework/Headers/VROSkybox.h
npm notice 6.3kB ios/dist/ViroRenderer/ViroKit.framework/Headers/VROSortKey.h
npm notice 3.0kB ios/dist/ViroRenderer/ViroKit.framework/Headers/VROSound.h
npm notice 1.7kB ios/dist/ViroRenderer/ViroKit.framework/Headers/VROSoundData.h
npm notice 1.6kB ios/dist/ViroRenderer/ViroKit.framework/Headers/VROSoundDataDelegate.h
npm notice 2.6kB ios/dist/ViroRenderer/ViroKit.framework/Headers/VROSoundDataGVR.h
npm notice 1.5kB ios/dist/ViroRenderer/ViroKit.framework/Headers/VROSoundDelegate.h
npm notice 1.9kB ios/dist/ViroRenderer/ViroKit.framework/Headers/VROSoundDelegateInternal.h
npm notice 2.4kB ios/dist/ViroRenderer/ViroKit.framework/Headers/VROSoundDelegateiOS.h
npm notice 3.8kB ios/dist/ViroRenderer/ViroKit.framework/Headers/VROSoundGVR.h
npm notice 4.7kB ios/dist/ViroRenderer/ViroKit.framework/Headers/VROSparseBitSet.h
npm notice 2.2kB ios/dist/ViroRenderer/ViroKit.framework/Headers/VROSphere.h
npm notice 4.4kB ios/dist/ViroRenderer/ViroKit.framework/Headers/VROStringUtil.h
npm notice 3.7kB ios/dist/ViroRenderer/ViroKit.framework/Headers/VROSurface.h
npm notice 3.2kB ios/dist/ViroRenderer/ViroKit.framework/Headers/VROTaskQueue.h
npm notice 13.2kB ios/dist/ViroRenderer/ViroKit.framework/Headers/VROText.h
npm notice 11.8kB ios/dist/ViroRenderer/ViroKit.framework/Headers/VROTexture.h
npm notice 3.2kB ios/dist/ViroRenderer/ViroKit.framework/Headers/VROTextureUtil.h
npm notice 2.9kB ios/dist/ViroRenderer/ViroKit.framework/Headers/VROThreadRestricted.h
npm notice 1.6kB ios/dist/ViroRenderer/ViroKit.framework/Headers/VROTime.h
npm notice 1.8kB ios/dist/ViroRenderer/ViroKit.framework/Headers/VROTimingFunction.h
npm notice 1.9kB ios/dist/ViroRenderer/ViroKit.framework/Headers/VROTimingFunctionBounce.h
npm notice 2.6kB ios/dist/ViroRenderer/ViroKit.framework/Headers/VROTimingFunctionCubicBezier.h
npm notice 1.7kB ios/dist/ViroRenderer/ViroKit.framework/Headers/VROTimingFunctionEaseIn.h
npm notice 1.8kB ios/dist/ViroRenderer/ViroKit.framework/Headers/VROTimingFunctionEaseInEaseOut.h
npm notice 1.7kB ios/dist/ViroRenderer/ViroKit.framework/Headers/VROTimingFunctionEaseOut.h
npm notice 1.6kB ios/dist/ViroRenderer/ViroKit.framework/Headers/VROTimingFunctionLinear.h
npm notice 2.5kB ios/dist/ViroRenderer/ViroKit.framework/Headers/VROTimingFunctionPowerDeceleration.h
npm notice 1.9kB ios/dist/ViroRenderer/ViroKit.framework/Headers/VROTorusKnot.h
npm notice 7.2kB ios/dist/ViroRenderer/ViroKit.framework/Headers/VROTransaction.h
npm notice 1.8kB ios/dist/ViroRenderer/ViroKit.framework/Headers/VROTransformConstraint.h
npm notice 2.5kB ios/dist/ViroRenderer/ViroKit.framework/Headers/VROTransformDelegate.h
npm notice 2.0kB ios/dist/ViroRenderer/ViroKit.framework/Headers/VROTransformDelegateiOS.h
npm notice 1.6kB ios/dist/ViroRenderer/ViroKit.framework/Headers/VROTree.h
npm notice 3.2kB ios/dist/ViroRenderer/ViroKit.framework/Headers/VROTriangle.h
npm notice 5.3kB ios/dist/ViroRenderer/ViroKit.framework/Headers/VROTypeface.h
npm notice 3.5kB ios/dist/ViroRenderer/ViroKit.framework/Headers/VROTypefaceCollection.h
npm notice 10.9kB ios/dist/ViroRenderer/ViroKit.framework/Headers/VROUniform.h
npm notice 3.4kB ios/dist/ViroRenderer/ViroKit.framework/Headers/VROVector2f.h
npm notice 6.2kB ios/dist/ViroRenderer/ViroKit.framework/Headers/VROVector3f.h
npm notice 3.9kB ios/dist/ViroRenderer/ViroKit.framework/Headers/VROVector4f.h
npm notice 3.8kB ios/dist/ViroRenderer/ViroKit.framework/Headers/VROVertexBuffer.h
npm notice 1.8kB ios/dist/ViroRenderer/ViroKit.framework/Headers/VROVideoDelegate.h
npm notice 2.0kB ios/dist/ViroRenderer/ViroKit.framework/Headers/VROVideoDelegateInternal.h
npm notice 2.4kB ios/dist/ViroRenderer/ViroKit.framework/Headers/VROVideoDelegateiOS.h
npm notice 2.6kB ios/dist/ViroRenderer/ViroKit.framework/Headers/VROVideoSurface.h
npm notice 5.2kB ios/dist/ViroRenderer/ViroKit.framework/Headers/VROVideoTexture.h
npm notice 2.4kB ios/dist/ViroRenderer/ViroKit.framework/Headers/VROVideoTextureCache.h
npm notice 5.6kB ios/dist/ViroRenderer/ViroKit.framework/Headers/VROVideoTextureiOS.h
npm notice 3.9kB ios/dist/ViroRenderer/ViroKit.framework/Headers/VROView.h
npm notice 7.0kB ios/dist/ViroRenderer/ViroKit.framework/Headers/VROViewAR.h
npm notice 1.4kB ios/dist/ViroRenderer/ViroKit.framework/Headers/VROViewMetal.h
npm notice 3.6kB ios/dist/ViroRenderer/ViroKit.framework/Headers/VROViewport.h
npm notice 5.3kB ios/dist/ViroRenderer/ViroKit.framework/Headers/VROViewRecorder.h
npm notice 2.2kB ios/dist/ViroRenderer/ViroKit.framework/Headers/VROViewScene.h
npm notice 3.5kB ios/dist/ViroRenderer/ViroKit.framework/Headers/VROVirtualControllerRegistry.h
npm notice 8.8kB ios/dist/ViroRenderer/ViroKit.framework/Headers/VROVisionEngine.h
npm notice 1.7kB ios/dist/ViroRenderer/ViroKit.framework/Headers/VROVisionModel.h
npm notice 486B ios/dist/ViroRenderer/ViroKit.framework/hourglass_2_1_ds_t.mlmodelc/analytics/coremldata.bin
npm notice 195B ios/dist/ViroRenderer/ViroKit.framework/hourglass_2_1_ds_t.mlmodelc/coremldata.bin
npm notice 1.5kB ios/dist/ViroRenderer/ViroKit.framework/hourglass_2_1_ds_t.mlmodelc/metadata.json
npm notice 65.6kB ios/dist/ViroRenderer/ViroKit.framework/hourglass_2_1_ds_t.mlmodelc/model.espresso.net
npm notice 13.6kB ios/dist/ViroRenderer/ViroKit.framework/hourglass_2_1_ds_t.mlmodelc/model.espresso.shape
npm notice 1.9MB ios/dist/ViroRenderer/ViroKit.framework/hourglass_2_1_ds_t.mlmodelc/model.espresso.weights
npm notice 200B ios/dist/ViroRenderer/ViroKit.framework/hourglass_2_1_ds_t.mlmodelc/model/coremldata.bin
npm notice 40B ios/dist/ViroRenderer/ViroKit.framework/hourglass_2_1_ds_t.mlmodelc/neural_network_optionals/coremldata.bin
npm notice 483B ios/dist/ViroRenderer/ViroKit.framework/hourglass_2_1_t.mlmodelc/analytics/coremldata.bin
npm notice 195B ios/dist/ViroRenderer/ViroKit.framework/hourglass_2_1_t.mlmodelc/coremldata.bin
npm notice 1.5kB ios/dist/ViroRenderer/ViroKit.framework/hourglass_2_1_t.mlmodelc/metadata.json
npm notice 65.5kB ios/dist/ViroRenderer/ViroKit.framework/hourglass_2_1_t.mlmodelc/model.espresso.net
npm notice 13.6kB ios/dist/ViroRenderer/ViroKit.framework/hourglass_2_1_t.mlmodelc/model.espresso.shape
npm notice 4.9MB ios/dist/ViroRenderer/ViroKit.framework/hourglass_2_1_t.mlmodelc/model.espresso.weights
npm notice 200B ios/dist/ViroRenderer/ViroKit.framework/hourglass_2_1_t.mlmodelc/model/coremldata.bin
npm notice 40B ios/dist/ViroRenderer/ViroKit.framework/hourglass_2_1_t.mlmodelc/neural_network_optionals/coremldata.bin
npm notice 481B ios/dist/ViroRenderer/ViroKit.framework/hourglass_2_1.mlmodelc/analytics/coremldata.bin
npm notice 195B ios/dist/ViroRenderer/ViroKit.framework/hourglass_2_1.mlmodelc/coremldata.bin
npm notice 1.5kB ios/dist/ViroRenderer/ViroKit.framework/hourglass_2_1.mlmodelc/metadata.json
npm notice 65.5kB ios/dist/ViroRenderer/ViroKit.framework/hourglass_2_1.mlmodelc/model.espresso.net
npm notice 13.6kB ios/dist/ViroRenderer/ViroKit.framework/hourglass_2_1.mlmodelc/model.espresso.shape
npm notice 4.9MB ios/dist/ViroRenderer/ViroKit.framework/hourglass_2_1.mlmodelc/model.espresso.weights
npm notice 200B ios/dist/ViroRenderer/ViroKit.framework/hourglass_2_1.mlmodelc/model/coremldata.bin
npm notice 40B ios/dist/ViroRenderer/ViroKit.framework/hourglass_2_1.mlmodelc/neural_network_optionals/coremldata.bin
npm notice 154B ios/dist/ViroRenderer/ViroKit.framework/image_fsh.glsl
npm notice 163B ios/dist/ViroRenderer/ViroKit.framework/image_vsh.glsl
npm notice 812B ios/dist/ViroRenderer/ViroKit.framework/Info.plist
npm notice 2.2kB ios/dist/ViroRenderer/ViroKit.framework/irradiance_convolution_fsh.glsl
npm notice 241B ios/dist/ViroRenderer/ViroKit.framework/irradiance_convolution_vsh.glsl
npm notice 2.9kB ios/dist/ViroRenderer/ViroKit.framework/lighting_general_functions_fsh.glsl
npm notice 95B ios/dist/ViroRenderer/ViroKit.framework/Modules/module.modulemap
npm notice 200B ios/dist/ViroRenderer/ViroKit.framework/particles_fsh.glsl
npm notice 190B ios/dist/ViroRenderer/ViroKit.framework/particles_vsh.glsl
npm notice 5.1kB ios/dist/ViroRenderer/ViroKit.framework/pbr_fsh.glsl
npm notice 2.4kB ios/dist/ViroRenderer/ViroKit.framework/point_cloud.png
npm notice 3.6kB ios/dist/ViroRenderer/ViroKit.framework/prefilter_convolution_fsh.glsl
npm notice 243B ios/dist/ViroRenderer/ViroKit.framework/prefilter_convolution_vsh.glsl
npm notice 449B ios/dist/ViroRenderer/ViroKit.framework/Shaders.dat
npm notice 2.0kB ios/dist/ViroRenderer/ViroKit.framework/skinning_vsh.glsl
npm notice 3.0kB ios/dist/ViroRenderer/ViroKit.framework/standard_fsh.glsl
npm notice 2.2kB ios/dist/ViroRenderer/ViroKit.framework/standard_vsh_adreno.glsl
npm notice 2.1kB ios/dist/ViroRenderer/ViroKit.framework/standard_vsh.glsl
npm notice 339B ios/dist/ViroRenderer/ViroKit.framework/surface_functions_fsh_adreno.glsl
npm notice 475B ios/dist/ViroRenderer/ViroKit.framework/surface_functions_fsh.glsl
npm notice 1.2MB ios/dist/ViroRenderer/ViroKit.framework/test_uv.npy
npm notice 330.8kB ios/dist/ViroRenderer/ViroKit.framework/vbml_m_face_to_v.npy
npm notice 121.3kB ios/dist/ViroRenderer/ViroKit.framework/vbml_m_texcoords.npy
npm notice 50.3kB ios/dist/ViroRenderer/ViroKit.framework/vbml_m_uv_mask.npy
npm notice 220.6kB ios/dist/ViroRenderer/ViroKit.framework/vbml_m_v_to_vt.npy
npm notice 20.8MB ios/dist/ViroRenderer/ViroKit.framework/ViroKit
npm notice 2.4kB ios/dist/ViroRenderer/ViroKit.podspec
npm notice 2.0kB ios/dist/ViroRendererVisionOS/ViroKit.podspec
npm notice 105.9kB ios/dist/ViroRendererVisionOS/ViroShadersSource.txt
npm notice 12.0kB ios/ViroReact.podspec
npm notice 1.4kB ios/ViroReact/AR/Managers/VRTARImageMarkerManager.h
npm notice 3.0kB ios/ViroReact/AR/Managers/VRTARImageMarkerManager.mm
npm notice 1.4kB ios/ViroReact/AR/Managers/VRTARObjectMarkerManager.h
npm notice 3.0kB ios/ViroReact/AR/Managers/VRTARObjectMarkerManager.mm
npm notice 1.3kB ios/ViroReact/AR/Managers/VRTARPlaneManager.h
npm notice 3.1kB ios/ViroReact/AR/Managers/VRTARPlaneManager.mm
npm notice 1.4kB ios/ViroReact/AR/Managers/VRTARSceneManager.h
npm notice 3.8kB ios/ViroReact/AR/Managers/VRTARSceneManager.mm
npm notice 1.4kB ios/ViroReact/AR/Managers/VRTARSceneNavigatorManager.h
npm notice 3.4kB ios/ViroReact/AR/Managers/VRTARSceneNavigatorManager.mm
npm notice 1.4kB ios/ViroReact/AR/Modules/VRTARSceneModule.h
npm notice 13.3kB ios/ViroReact/AR/Modules/VRTARSceneModule.mm
npm notice 1.4kB ios/ViroReact/AR/Modules/VRTARSceneNavigatorModule.h
npm notice 77.8kB ios/ViroReact/AR/Modules/VRTARSceneNavigatorModule.mm
npm notice 4.5kB ios/ViroReact/AR/Modules/VRTARTrackingTargetsModule.h
npm notice 11.8kB ios/ViroReact/AR/Modules/VRTARTrackingTargetsModule.mm
npm notice 2.1kB ios/ViroReact/AR/Views/VRTARAnchorNode.h
npm notice 2.7kB ios/ViroReact/AR/Views/VRTARAnchorNode.mm
npm notice 1.5kB ios/ViroReact/AR/Views/VRTARImageMarker.h
npm notice 5.4kB ios/ViroReact/AR/Views/VRTARImageMarker.mm
npm notice 1.5kB ios/ViroReact/AR/Views/VRTARObjectMarker.h
npm notice 5.5kB ios/ViroReact/AR/Views/VRTARObjectMarker.mm
npm notice 1.6kB ios/ViroReact/AR/Views/VRTARPlane.h
npm notice 4.9kB ios/ViroReact/AR/Views/VRTARPlane.mm
npm notice 2.8kB ios/ViroReact/AR/Views/VRTARScene.h
npm notice 11.1kB ios/ViroReact/AR/Views/VRTARScene.mm
npm notice 14.8kB ios/ViroReact/AR/Views/VRTARSceneNavigator.h
npm notice 94.3kB ios/ViroReact/AR/Views/VRTARSceneNavigator.mm
npm notice 1.5kB ios/ViroReact/AR/VRTARUtils.h
npm notice 11.2kB ios/ViroReact/AR/VRTARUtils.m
npm notice 740B ios/ViroReact/Modules/RVStudioWatermarkState.h
npm notice 1.7kB ios/ViroReact/Modules/RVStudioWatermarkState.mm
npm notice 1.8kB ios/ViroReact/Modules/VRTAnimationManager.h
npm notice 8.0kB ios/ViroReact/Modules/VRTAnimationManager.mm
npm notice 1.4kB ios/ViroReact/Modules/VRTCameraModule.h
npm notice 3.9kB ios/ViroReact/Modules/VRTCameraModule.mm
npm notice 206B ios/ViroReact/Modules/VRTColocationModule.h
npm notice 3.2kB ios/ViroReact/Modules/VRTColocationModule.mm
npm notice 1.4kB ios/ViroReact/Modules/VRTControllerModule.h
npm notice 2.2kB ios/ViroReact/Modules/VRTControllerModule.mm
npm notice 2.8kB ios/ViroReact/Modules/VRTMaterialManager.h
npm notice 40.7kB ios/ViroReact/Modules/VRTMaterialManager.mm
npm notice 1.3kB ios/ViroReact/Modules/VRTNodeModule.h
npm notice 10.1kB ios/ViroReact/Modules/VRTNodeModule.mm
npm notice 1.5kB ios/ViroReact/Modules/VRTPerfMonitor.h
npm notice 2.9kB ios/ViroReact/Modules/VRTPerfMonitor.mm
npm notice 1.3kB ios/ViroReact/Modules/VRTSceneModule.h
npm notice 4.8kB ios/ViroReact/Modules/VRTSceneModule.mm
npm notice 1.4kB ios/ViroReact/Modules/VRTSceneNavigatorModule.h
npm notice 5.3kB ios/ViroReact/Modules/VRTSceneNavigatorModule.mm
npm notice 1.5kB ios/ViroReact/Modules/VRTSoundModule.h
npm notice 4.6kB ios/ViroReact/Modules/VRTSoundModule.mm
npm notice 813B ios/ViroReact/Modules/VRTStreamingAudioModule.h
npm notice 3.1kB ios/ViroReact/Modules/VRTStreamingAudioModule.mm
npm notice 125B ios/ViroReact/Modules/VRTStudioModule.h
npm notice 9.7kB ios/ViroReact/Modules/VRTStudioModule.mm
npm notice 1.4kB ios/ViroReact/Utility/VRTARHitTestUtil.h
npm notice 4.2kB ios/ViroReact/Utility/VRTARHitTestUtil.mm
npm notice 1.8kB ios/ViroReact/Utility/VRTCubeMap.h
npm notice 3.7kB ios/ViroReact/Utility/VRTCubeMap.m
npm notice 2.1kB ios/ViroReact/Utility/VRTHDRImageAsyncLoader.h
npm notice 4.8kB ios/ViroReact/Utility/VRTHDRImageAsyncLoader.mm
npm notice 1.7kB ios/ViroReact/Utility/VRTImageAsyncLoader.h
npm notice 4.0kB ios/ViroReact/Utility/VRTImageAsyncLoader.m
npm notice 1.5kB ios/ViroReact/Utility/VRTImageAsyncLoaderEventDelegate.h
npm notice 1.5kB ios/ViroReact/Utility/VRTMaterialChangedDelegate.h
npm notice 1.8kB ios/ViroReact/Utility/VRTPhotoLibraryAsyncLoader.h
npm notice 5.9kB ios/ViroReact/Utility/VRTPhotoLibraryAsyncLoader.m
npm notice 1.7kB ios/ViroReact/Utility/VRTTreeNode.h
npm notice 2.4kB ios/ViroReact/Utility/VRTTreeNode.m
npm notice 1.5kB ios/ViroReact/Utility/VRTUIImageWrapper.h
npm notice 4.4kB ios/ViroReact/Utility/VRTUIImageWrapper.m
npm notice 1.9kB ios/ViroReact/Views/VRT3DObject.h
npm notice 11.9kB ios/ViroReact/Views/VRT3DObject.mm
npm notice 2.0kB ios/ViroReact/Views/VRT360Image.h
npm notice 6.9kB ios/ViroReact/Views/VRT360Image.mm
npm notice 2.1kB ios/ViroReact/Views/VRT360Video.h
npm notice 6.7kB ios/ViroReact/Views/VRT360Video.mm
npm notice 1.8kB ios/ViroReact/Views/VRTAnimatedComponent.h
npm notice 7.1kB ios/ViroReact/Views/VRTAnimatedComponent.mm
npm notice 1.4kB ios/ViroReact/Views/VRTAnimatedComponentShadowView.h
npm notice 1.3kB ios/ViroReact/Views/VRTAnimatedComponentShadowView.mm
npm notice 1.5kB ios/ViroReact/Views/VRTAnimatedImage.h
npm notice 4.5kB ios/ViroReact/Views/VRTAnimatedImage.mm
npm notice 1.5kB ios/ViroReact/Views/VRTBox.h
npm notice 2.0kB ios/ViroReact/Views/VRTBox.mm
npm notice 7.1kB ios/ViroReact/Views/VRTButton.mm
npm notice 2.3kB ios/ViroReact/Views/VRTCamera.h
npm notice 3.7kB ios/ViroReact/Views/VRTCamera.mm
npm notice 2.8kB ios/ViroReact/Views/VRTCameraTexture.h
npm notice 8.5kB ios/ViroReact/Views/VRTCameraTexture.mm
npm notice 1.4kB ios/ViroReact/Views/VRTControl.h
npm notice 1.6kB ios/ViroReact/Views/VRTControl.mm
npm notice 2.0kB ios/ViroReact/Views/VRTController.h
npm notice 3.7kB ios/ViroReact/Views/VRTController.mm
npm notice 1.5kB ios/ViroReact/Views/VRTFlexView.h
npm notice 5.4kB ios/ViroReact/Views/VRTFlexView.mm
npm notice 681B ios/ViroReact/Views/VRTGameLoopView.h
npm notice 3.7kB ios/ViroReact/Views/VRTGameLoopView.mm
npm notice 189B ios/ViroReact/Views/VRTGameLoopViewManager.h
npm notice 535B ios/ViroReact/Views/VRTGameLoopViewManager.mm
npm notice 1.5kB ios/ViroReact/Views/VRTHUD.h
npm notice 2.0kB ios/ViroReact/Views/VRTHUD.mm
npm notice 1.6kB ios/ViroReact/Views/VRTHUDComponent.h
npm notice 2.7kB ios/ViroReact/Views/VRTHUDComponent.mm
npm notice 2.8kB ios/ViroReact/Views/VRTImage.h
npm notice 12.8kB ios/ViroReact/Views/VRTImage.mm
npm notice 1.3kB ios/ViroReact/Views/VRTLabelShadowView.h
npm notice 1.6kB ios/ViroReact/Views/VRTLabelShadowView.mm
npm notice 2.7kB ios/ViroReact/Views/VRTLight.h
npm notice 5.9kB ios/ViroReact/Views/VRTLight.mm
npm notice 1.8kB ios/ViroReact/Views/VRTLightingEnvironment.h
npm notice 4.7kB ios/ViroReact/Views/VRTLightingEnvironment.mm
npm notice 2.1kB ios/ViroReact/Views/VRTMaterialVideo.h
npm notice 6.4kB ios/ViroReact/Views/VRTMaterialVideo.mm
npm notice 8.0kB ios/ViroReact/Views/VRTNode.h
npm notice 93.2kB ios/ViroReact/Views/VRTNode.mm
npm notice 1.3kB ios/ViroReact/Views/VRTNodeContainer.h
npm notice 1.3kB ios/ViroReact/Views/VRTNodeContainer.mm
npm notice 1.4kB ios/ViroReact/Views/VRTNodeContainerShadowView.h
npm notice 1.3kB ios/ViroReact/Views/VRTNodeContainerShadowView.mm
npm notice 4.2kB ios/ViroReact/Views/VRTObjectDetectorView.h
npm notice 30.8kB ios/ViroReact/Views/VRTObjectDetectorView.mm
npm notice 1.3kB ios/ViroReact/Views/VRTObjectDetectorViewManager.h
npm notice 2.3kB ios/ViroReact/Views/VRTObjectDetectorViewManager.mm
npm notice 1.5kB ios/ViroReact/Views/VRTOrbitCamera.h
npm notice 2.0kB ios/ViroReact/Views/VRTOrbitCamera.mm
npm notice 2.0kB ios/ViroReact/Views/VRTParticleEmitter.h
npm notice 30.9kB ios/ViroReact/Views/VRTParticleEmitter.mm
npm notice 1.6kB ios/ViroReact/Views/VRTPolygon.h
npm notice 6.0kB ios/ViroReact/Views/VRTPolygon.mm
npm notice 1.6kB ios/ViroReact/Views/VRTPolyline.h
npm notice 3.6kB ios/ViroReact/Views/VRTPolyline.mm
npm notice 1.4kB ios/ViroReact/Views/VRTPortal.h
npm notice 2.0kB ios/ViroReact/Views/VRTPortal.mm
npm notice 1.7kB ios/ViroReact/Views/VRTPortalScene.h
npm notice 3.2kB ios/ViroReact/Views/VRTPortalScene.mm
npm notice 1.6kB ios/ViroReact/Views/VRTQuad.h
npm notice 3.5kB ios/ViroReact/Views/VRTQuad.mm
npm notice 2.4kB ios/ViroReact/Views/VRTScene.h
npm notice 14.7kB ios/ViroReact/Views/VRTScene.mm
npm notice 2.2kB ios/ViroReact/Views/VRTSceneNavigator.h
npm notice 14.4kB ios/ViroReact/Views/VRTSceneNavigator.mm
npm notice 1.3kB ios/ViroReact/Views/VRTSceneShadowView.h
npm notice 1.3kB ios/ViroReact/Views/VRTSceneShadowView.mm
npm notice 1.5kB ios/ViroReact/Views/VRTShadowFlexView.h
npm notice 2.3kB ios/ViroReact/Views/VRTShadowFlexView.mm
npm notice 2.3kB ios/ViroReact/Views/VRTShadowView.h
npm notice 8.4kB ios/ViroReact/Views/VRTShadowView.mm
npm notice 1.8kB ios/ViroReact/Views/VRTSkybox.h
npm notice 6.7kB ios/ViroReact/Views/VRTSkybox.mm
npm notice 3.4kB ios/ViroReact/Views/VRTSound.h
npm notice 13.9kB ios/ViroReact/Views/VRTSound.mm
npm notice 1.6kB ios/ViroReact/Views/VRTSphere.h
npm notice 2.9kB ios/ViroReact/Views/VRTSphere.mm
npm notice 2.7kB ios/ViroReact/Views/VRTText.h
npm notice 12.8kB ios/ViroReact/Views/VRTText.mm
npm notice 2.2kB ios/ViroReact/Views/VRTVideoSurface.h
npm notice 7.6kB ios/ViroReact/Views/VRTVideoSurface.mm
npm notice 3.8kB ios/ViroReact/Views/VRTView.h
npm notice 5.7kB ios/ViroReact/Views/VRTView.mm
npm notice 1.4kB ios/ViroReact/Views/VRTViewContainerManager.h
npm notice 3.4kB ios/ViroReact/Views/VRTViewContainerManager.mm
npm notice 2.0kB ios/ViroReact/Views/VRTVirtualButtonView.h
npm notice 6.3kB ios/ViroReact/Views/VRTVirtualButtonView.mm
npm notice 808B ios/ViroReact/Views/VRTVirtualButtonViewManager.h
npm notice 1.5kB ios/ViroReact/Views/VRTVirtualButtonViewManager.mm
npm notice 2.8kB ios/ViroReact/Views/VRTVirtualJoystickView.h
npm notice 7.6kB ios/ViroReact/Views/VRTVirtualJoystickView.mm
npm notice 1.0kB ios/ViroReact/Views/VRTVirtualJoystickViewManager.h
npm notice 1.6kB ios/ViroReact/Views/VRTVirtualJoystickViewManager.mm
npm notice 1.7kB ios/ViroReact/ViroViewManager.h
npm notice 11.1kB ios/ViroReact/ViroViewManager.mm
npm notice 2.7kB ios/ViroReact/VisionOS/ViroImmersiveCoordinator.swift
npm notice 23.5kB ios/ViroReact/VisionOS/ViroImmersiveRenderer.swift
npm notice 7.9kB ios/ViroReact/VisionOS/ViroImmersiveSpace.swift
npm notice 5.2kB ios/ViroReact/VisionOS/ViroSharedSpace.swift
npm notice 9.3kB ios/ViroReact/VisionOS/VRORendererBridge.h
npm notice 77.1kB ios/ViroReact/VisionOS/VRORendererBridge.mm
npm notice 1.7kB ios/ViroReact/VisionOS/VRORendererBridge+Scene.h
npm notice 1.9kB ios/ViroReact/VisionOS/VROSharedSpaceBridge.h
npm notice 606B ios/ViroReact/VisionOS/VROSharedSpaceBridge.mm
npm notice 340B ios/ViroReact/VisionOS/VRTVisionOSModule.h
npm notice 5.3kB ios/ViroReact/VisionOS/VRTVisionOSModule.mm
npm notice 1.4kB ios/ViroReact/VROHUDManager.h
npm notice 1.8kB ios/ViroReact/VROHUDManager.mm
npm notice 1.8kB ios/ViroReact/VROTextManager.mm
npm notice 1.4kB ios/ViroReact/VRT3DObjectManager.h
npm notice 4.0kB ios/ViroReact/VRT3DObjectManager.mm
npm notice 1.3kB ios/ViroReact/VRT360ImageManager.h
npm notice 1.9kB ios/ViroReact/VRT360ImageManager.mm
npm notice 1.3kB ios/ViroReact/VRT360VideoManager.h
npm notice 2.6kB ios/ViroReact/VRT360VideoManager.mm
npm notice 1.4kB ios/ViroReact/VRTAnimatedComponentManager.h
npm notice 1.9kB ios/ViroReact/VRTAnimatedComponentManager.mm
npm notice 1.3kB ios/ViroReact/VRTAnimatedImageManager.h
npm notice 4.0kB ios/ViroReact/VRTAnimatedImageManager.mm
npm notice 1.3kB ios/ViroReact/VRTBoxManager.h
npm notice 3.6kB ios/ViroReact/VRTBoxManager.mm
npm notice 1.4kB ios/ViroReact/VRTBundleURLProvider.h
npm notice 3.8kB ios/ViroReact/VRTBundleURLProvider.mm
npm notice 1.3kB ios/ViroReact/VRTCameraManager.h
npm notice 1.9kB ios/ViroReact/VRTCameraManager.mm
npm notice 1.3kB ios/ViroReact/VRTCameraTextureManager.h
npm notice 1.7kB ios/ViroReact/VRTCameraTextureManager.mm
npm notice 1.6kB ios/ViroReact/VRTCameraTextureModule.h
npm notice 7.4kB ios/ViroReact/VRTCameraTextureModule.mm
npm notice 1.3kB ios/ViroReact/VRTControllerManager.h
npm notice 2.0kB ios/ViroReact/VRTControllerManager.mm
npm notice 630B ios/ViroReact/VRTFabricCrashFix.h
npm notice 6.3kB ios/ViroReact/VRTFabricCrashFix.mm
npm notice 1.3kB ios/ViroReact/VRTFlexViewManager.h
npm notice 3.5kB ios/ViroReact/VRTFlexViewManager.mm
npm notice 1.3kB ios/ViroReact/VRTImageManager.h
npm notice 4.1kB ios/ViroReact/VRTImageManager.mm
npm notice 1.3kB ios/ViroReact/VRTLightingEnvironmentManager.h
npm notice 1.7kB ios/ViroReact/VRTLightingEnvironmentManager.mm
npm notice 1.6kB ios/ViroReact/VRTLightManager.h
npm notice 3.8kB ios/ViroReact/VRTLightManager.mm
npm notice 1.8kB ios/ViroReact/VRTLog.h
npm notice 1.5kB ios/ViroReact/VRTLog.mm
npm notice 1.4kB ios/ViroReact/VRTMaterialVideoManager.h
npm notice 3.2kB ios/ViroReact/VRTMaterialVideoManager.mm
npm notice 1.3kB ios/ViroReact/VRTNotifications.h
npm notice 1.4kB ios/ViroReact/VRTOrbitCameraManager.h
npm notice 1.7kB ios/ViroReact/VRTOrbitCameraManager.mm
npm notice 1.4kB ios/ViroReact/VRTParticleEmitterManager.h
npm notice 2.5kB ios/ViroReact/VRTParticleEmitterManager.mm
npm notice 1.3kB ios/ViroReact/VRTPolygonManager.h
npm notice 3.5kB ios/ViroReact/VRTPolygonManager.mm
npm notice 1.4kB ios/ViroReact/VRTPolylineManager.h
npm notice 3.4kB ios/ViroReact/VRTPolylineManager.mm
npm notice 1.4kB ios/ViroReact/VRTPortalManager.h
npm notice 3.4kB ios/ViroReact/VRTPortalManager.mm
npm notice 1.4kB ios/ViroReact/VRTPortalSceneManager.h
npm notice 3.5kB ios/ViroReact/VRTPortalSceneManager.mm
npm notice 1.3kB ios/ViroReact/VRTQuadManager.h
npm notice 3.6kB ios/ViroReact/VRTQuadManager.mm
npm notice 1.4kB ios/ViroReact/VRTSceneManager.h
npm notice 2.9kB ios/ViroReact/VRTSceneManager.mm
npm notice 1.4kB ios/ViroReact/VRTSceneNavigatorManager.h
npm notice 2.2kB ios/ViroReact/VRTSceneNavigatorManager.mm
npm notice 1.3kB ios/ViroReact/VRTSkyboxManager.h
npm notice 1.8kB ios/ViroReact/VRTSkyboxManager.mm
npm notice 1.5kB ios/ViroReact/VRTSoundManager.h
npm notice 4.7kB ios/ViroReact/VRTSoundManager.mm
npm notice 1.3kB ios/ViroReact/VRTSphereManager.h
npm notice 3.7kB ios/ViroReact/VRTSphereManager.mm
npm notice 1.3kB ios/ViroReact/VRTTextManager.h
npm notice 4.2kB ios/ViroReact/VRTTextManager.mm
npm notice 1.7kB ios/ViroReact/VRTUtils.h
npm notice 3.0kB ios/ViroReact/VRTUtils.mm
npm notice 1.4kB ios/ViroReact/VRTVideoSurfaceManager.h
npm notice 4.7kB ios/ViroReact/VRTVideoSurfaceManager.mm
npm notice 2.2kB ios/ViroReactUI.podspec
npm notice 2.4kB ios/VRT3DSceneNavigator.h
npm notice 10.8kB ios/VRT3DSceneNavigator.mm
npm notice 1.4kB ios/VRT3DSceneNavigatorManager.h
npm notice 2.4kB ios/VRT3DSceneNavigatorManager.mm
npm notice 1.4kB ios/VRT3DSceneNavigatorModule.h
npm notice 5.2kB ios/VRT3DSceneNavigatorModule.mm
npm notice 1.7kB ios/VRTGeometry.h
npm notice 7.6kB ios/VRTGeometry.mm
npm notice 1.4kB ios/VRTGeometryManager.h
npm notice 3.6kB ios/VRTGeometryManager.mm
npm notice 2.5kB ios/VRTManagedAnimation.h
npm notice 7.7kB ios/VRTManagedAnimation.mm
npm notice 399B ios/VRTUIImageWrapper.h
npm notice 3.1kB ios/VRTUIImageWrapper.m
npm notice 2.3kB ios/VRTVRSceneNavigator.h
npm notice 10.8kB ios/VRTVRSceneNavigator.mm
npm notice 1.4kB ios/VRTVRSceneNavigatorManager.h
npm notice 2.5kB ios/VRTVRSceneNavigatorManager.mm
npm notice 3.7kB package.json
npm notice 1.9kB patches/visionos/expo-linking+57.0.7.patch
npm notice 4.2kB patches/visionos/expo-modules-core+57.0.13.patch
npm notice 1.3kB patches/visionos/react-native-reanimated+4.5.1.patch
npm notice 4.1kB patches/visionos/react-native-screens+4.26.2.patch
npm notice 1.2kB patches/visionos/react-native-worklets+0.10.1.patch
npm notice 936B plugins/util/insertLinesHelper.ts
npm notice 7.6kB plugins/withViro.ts
npm notice 35.8kB plugins/withViroAndroid.ts
npm notice 13.0kB plugins/withViroIos.ts
npm notice 62B plugins/withViroVisionOS.js
npm notice 34.9kB plugins/withViroVisionOS.ts
npm notice 1.1kB scripts/build-rive-types.cjs
npm notice 1.4kB scripts/copy-types.js
npm notice 2.4kB scripts/sync-harness-assets.sh
npm notice 3.4kB scripts/viro_post_install.rb
npm notice 1.5kB shims/BlurView.tsx
npm notice 1.0kB shims/LinearGradient.tsx
npm notice Tarball Details
npm notice name: @reactvision/react-viro
npm notice version: 3.0.0-moyo.5-rive.10
npm notice filename: reactvision-react-viro-3.0.0-moyo.5-rive.10.tgz
npm notice package size: 47.2 MB
npm notice unpacked size: 85.3 MB
npm notice shasum: 0ae732e2637dcd37f47a868877785a1726a11f3e
npm notice integrity: sha512-rMp+QmN8KS6vf[...]H/V3xhhBpoXmw==
npm notice total files: 1644
npm notice
reactvision-react-viro-3.0.0-moyo.5-rive.10.tgz
