
> Configure project :virocore
Preprocessor: debug, I will not run preprocessor

> Task :viroar:preBuild UP-TO-DATE
> Task :viroar:preReleaseBuild UP-TO-DATE
> Task :viroar:configureCMakeRelWithDebInfo[arm64-v8a]
> Task :viroar:buildCMakeRelWithDebInfo[arm64-v8a][viro_arcore]
> Task :viroar:configureCMakeRelWithDebInfo[armeabi-v7a]
> Task :viroar:buildCMakeRelWithDebInfo[armeabi-v7a][viro_arcore]
> Task :viroar:mergeReleaseJniLibFolders UP-TO-DATE
> Task :viroar:mergeReleaseNativeLibs UP-TO-DATE
> Task :viroar:stripReleaseDebugSymbols UP-TO-DATE
> Task :viroar:copyReleaseJniLibsProjectAndLocalJars UP-TO-DATE
> Task :viroar:generateReleaseResValues UP-TO-DATE
> Task :viroar:extractDeepLinksForAarRelease UP-TO-DATE
> Task :viroar:generateReleaseResources UP-TO-DATE
> Task :viroar:packageReleaseResources UP-TO-DATE
> Task :viroar:parseReleaseLocalResources UP-TO-DATE
> Task :viroar:processReleaseManifest UP-TO-DATE
> Task :viroar:generateReleaseRFile UP-TO-DATE
> Task :viroar:extractReleaseAnnotations UP-TO-DATE
> Task :viroar:javaPreCompileRelease UP-TO-DATE
> Task :viroar:compileReleaseJavaWithJavac NO-SOURCE
> Task :viroar:mergeReleaseGeneratedProguardFiles UP-TO-DATE
> Task :viroar:mergeReleaseConsumerProguardFiles UP-TO-DATE
> Task :viroar:mergeReleaseShaders UP-TO-DATE
> Task :viroar:compileReleaseShaders NO-SOURCE
> Task :viroar:generateReleaseAssets UP-TO-DATE
> Task :viroar:packageReleaseAssets UP-TO-DATE
> Task :viroar:prepareLintJarForPublish UP-TO-DATE
> Task :viroar:prepareReleaseArtProfile UP-TO-DATE
> Task :viroar:processReleaseJavaRes NO-SOURCE
> Task :viroar:mergeReleaseJavaResource UP-TO-DATE
> Task :viroar:syncReleaseLibJars UP-TO-DATE
> Task :viroar:writeReleaseAarMetadata UP-TO-DATE
> Task :viroar:bundleReleaseAar UP-TO-DATE
> Task :viroar:mapReleaseSourceSetPaths UP-TO-DATE
> Task :viroar:mergeReleaseResources UP-TO-DATE
> Task :viroar:verifyReleaseResources UP-TO-DATE
> Task :viroar:assembleRelease UP-TO-DATE
> Task :viroar:extractNativeLibraries
> Task :viroreact:syncShaderAssets
> Task :viroreact:preBuild
> Task :viroreact:preReleaseBuild
> Task :viroreact:configureCMakeRelWithDebInfo[arm64-v8a]

> Task :viroreact:buildCMakeRelWithDebInfo[arm64-v8a][viro_renderer]
C/C++: ninja: Entering directory `/Users/mikevocalz/virocore-rive-panel/android/viroreact/.cxx/RelWithDebInfo/51176w6g/arm64-v8a'
C/C++: In file included from /Users/mikevocalz/virocore-rive-panel/ViroRenderer/capi/ViroContext_JNI.cpp:33:
C/C++: In file included from /Users/mikevocalz/virocore-rive-panel/android/sharedCode/../sharedCode/src/main/cpp/jni/VRORenderer_JNI.h:30:
C/C++: In file included from /Users/mikevocalz/virocore-rive-panel/android/sharedCode/../sharedCode/src/main/cpp/VROSceneRenderer.h:35:
C/C++: In file included from /Users/mikevocalz/virocore-rive-panel/android/sharedCode/../sharedCode/src/main/cpp/VRODriverOpenGLAndroid.h:31:
C/C++: In file included from /Users/mikevocalz/virocore-rive-panel/android/sharedCode/../../ViroRenderer/VRODriverOpenGL.h:37:
C/C++: /Users/mikevocalz/virocore-rive-panel/android/sharedCode/../../ViroRenderer/VROMaterialSubstrateOpenGL.h:69:10: warning: 'bindShader' overrides a member function but is not marked 'override' [-Winconsistent-missing-override]
C/C++:    69 |     bool bindShader(int lightsHash,
C/C++:       |          ^
C/C++: /Users/mikevocalz/virocore-rive-panel/android/sharedCode/../../ViroRenderer/VROMaterialSubstrate.h:70:18: note: overridden virtual function is here
C/C++:    70 |     virtual bool bindShader(int lightsHash,
C/C++:       |                  ^
C/C++: In file included from /Users/mikevocalz/virocore-rive-panel/ViroRenderer/capi/ViroContext_JNI.cpp:33:
C/C++: In file included from /Users/mikevocalz/virocore-rive-panel/android/sharedCode/../sharedCode/src/main/cpp/jni/VRORenderer_JNI.h:30:
C/C++: In file included from /Users/mikevocalz/virocore-rive-panel/android/sharedCode/../sharedCode/src/main/cpp/VROSceneRenderer.h:35:
C/C++: In file included from /Users/mikevocalz/virocore-rive-panel/android/sharedCode/../sharedCode/src/main/cpp/VRODriverOpenGLAndroid.h:31:
C/C++: In file included from /Users/mikevocalz/virocore-rive-panel/android/sharedCode/../../ViroRenderer/VRODriverOpenGL.h:37:
C/C++: /Users/mikevocalz/virocore-rive-panel/android/sharedCode/../../ViroRenderer/VROMaterialSubstrateOpenGL.h:79:10: warning: 'bindProperties' overrides a member function but is not marked 'override' [-Winconsistent-missing-override]
C/C++:    79 |     void bindProperties(std::shared_ptr<VRODriver> &driver);
C/C++:       |          ^
C/C++: /Users/mikevocalz/virocore-rive-panel/android/sharedCode/../../ViroRenderer/VROMaterialSubstrate.h:80:18: note: overridden virtual function is here
C/C++:    80 |     virtual void bindProperties(std::shared_ptr<VRODriver> &driver) = 0;
C/C++:       |                  ^
C/C++: In file included from /Users/mikevocalz/virocore-rive-panel/ViroRenderer/capi/ViroContext_JNI.cpp:33:
C/C++: In file included from /Users/mikevocalz/virocore-rive-panel/android/sharedCode/../sharedCode/src/main/cpp/jni/VRORenderer_JNI.h:30:
C/C++: In file included from /Users/mikevocalz/virocore-rive-panel/android/sharedCode/../sharedCode/src/main/cpp/VROSceneRenderer.h:35:
C/C++: In file included from /Users/mikevocalz/virocore-rive-panel/android/sharedCode/../sharedCode/src/main/cpp/VRODriverOpenGLAndroid.h:31:
C/C++: In file included from /Users/mikevocalz/virocore-rive-panel/android/sharedCode/../../ViroRenderer/VRODriverOpenGL.h:37:
C/C++: /Users/mikevocalz/virocore-rive-panel/android/sharedCode/../../ViroRenderer/VROMaterialSubstrateOpenGL.h:86:10: warning: 'bindGeometry' overrides a member function but is not marked 'override' [-Winconsistent-missing-override]
C/C++:    86 |     void bindGeometry(float opacity, const VROGeometry &geometry);
C/C++:       |          ^
C/C++: /Users/mikevocalz/virocore-rive-panel/android/sharedCode/../../ViroRenderer/VROMaterialSubstrate.h:87:18: note: overridden virtual function is here
C/C++:    87 |     virtual void bindGeometry(float opacity, const VROGeometry &geometry) = 0;
C/C++:       |                  ^
C/C++: In file included from /Users/mikevocalz/virocore-rive-panel/ViroRenderer/capi/ViroContext_JNI.cpp:33:
C/C++: In file included from /Users/mikevocalz/virocore-rive-panel/android/sharedCode/../sharedCode/src/main/cpp/jni/VRORenderer_JNI.h:30:
C/C++: In file included from /Users/mikevocalz/virocore-rive-panel/android/sharedCode/../sharedCode/src/main/cpp/VROSceneRenderer.h:35:
C/C++: In file included from /Users/mikevocalz/virocore-rive-panel/android/sharedCode/../sharedCode/src/main/cpp/VRODriverOpenGLAndroid.h:31:
C/C++: In file included from /Users/mikevocalz/virocore-rive-panel/android/sharedCode/../../ViroRenderer/VRODriverOpenGL.h:38:
C/C++: /Users/mikevocalz/virocore-rive-panel/android/sharedCode/../../ViroRenderer/VROTextureSubstrateOpenGL.h:94:10: warning: 'updateWrapMode' overrides a member function but is not marked 'override' [-Winconsistent-missing-override]
C/C++:    94 |     void updateWrapMode(VROWrapMode wrapModeS, VROWrapMode wrapModeT);
C/C++:       |          ^
C/C++: /Users/mikevocalz/virocore-rive-panel/android/sharedCode/../../ViroRenderer/VROTextureSubstrate.h:37:18: note: overridden virtual function is here
C/C++:    37 |     virtual void updateWrapMode(VROWrapMode wrapModeS, VROWrapMode wrapModeT) = 0;
C/C++:       |                  ^
C/C++: In file included from /Users/mikevocalz/virocore-rive-panel/ViroRenderer/capi/ViroContext_JNI.cpp:33:
C/C++: In file included from /Users/mikevocalz/virocore-rive-panel/android/sharedCode/../sharedCode/src/main/cpp/jni/VRORenderer_JNI.h:30:
C/C++: In file included from /Users/mikevocalz/virocore-rive-panel/android/sharedCode/../sharedCode/src/main/cpp/VROSceneRenderer.h:35:
C/C++: In file included from /Users/mikevocalz/virocore-rive-panel/android/sharedCode/../sharedCode/src/main/cpp/VRODriverOpenGLAndroid.h:31:
C/C++: /Users/mikevocalz/virocore-rive-panel/android/sharedCode/../../ViroRenderer/VRODriverOpenGL.h:64:10: warning: 'willRenderFrame' overrides a member function but is not marked 'override' [-Winconsistent-missing-override]
C/C++:    64 |     void willRenderFrame(const VRORenderContext &context) {
C/C++:       |          ^
C/C++: /Users/mikevocalz/virocore-rive-panel/android/sharedCode/../../ViroRenderer/VRODriver.h:172:18: note: overridden virtual function is here
C/C++:   172 |     virtual void willRenderFrame(const VRORenderContext &context) = 0;
C/C++:       |                  ^
C/C++: In file included from /Users/mikevocalz/virocore-rive-panel/ViroRenderer/capi/ViroContext_JNI.cpp:33:
C/C++: In file included from /Users/mikevocalz/virocore-rive-panel/android/sharedCode/../sharedCode/src/main/cpp/jni/VRORenderer_JNI.h:30:
C/C++: In file included from /Users/mikevocalz/virocore-rive-panel/android/sharedCode/../sharedCode/src/main/cpp/VROSceneRenderer.h:35:
C/C++: In file included from /Users/mikevocalz/virocore-rive-panel/android/sharedCode/../sharedCode/src/main/cpp/VRODriverOpenGLAndroid.h:31:
C/C++: /Users/mikevocalz/virocore-rive-panel/android/sharedCode/../../ViroRenderer/VRODriverOpenGL.h:152:10: warning: 'didRenderFrame' overrides a member function but is not marked 'override' [-Winconsistent-missing-override]
C/C++:   152 |     void didRenderFrame(const VROFrameTimer &timer, const VRORenderContext &context) {
C/C++:       |          ^
C/C++: /Users/mikevocalz/virocore-rive-panel/android/sharedCode/../../ViroRenderer/VRODriver.h:173:18: note: overridden virtual function is here
C/C++:   173 |     virtual void didRenderFrame(const VROFrameTimer &timer, const VRORenderContext &context) = 0;
C/C++:       |                  ^
C/C++: In file included from /Users/mikevocalz/virocore-rive-panel/ViroRenderer/capi/ViroContext_JNI.cpp:33:
C/C++: In file included from /Users/mikevocalz/virocore-rive-panel/android/sharedCode/../sharedCode/src/main/cpp/jni/VRORenderer_JNI.h:30:
C/C++: In file included from /Users/mikevocalz/virocore-rive-panel/android/sharedCode/../sharedCode/src/main/cpp/VROSceneRenderer.h:35:
C/C++: In file included from /Users/mikevocalz/virocore-rive-panel/android/sharedCode/../sharedCode/src/main/cpp/VRODriverOpenGLAndroid.h:31:
C/C++: /Users/mikevocalz/virocore-rive-panel/android/sharedCode/../../ViroRenderer/VRODriverOpenGL.h:166:10: warning: 'willRenderEye' overrides a member function but is not marked 'override' [-Winconsistent-missing-override]
C/C++:   166 |     void willRenderEye(const VRORenderContext &context) {
C/C++:       |          ^
C/C++: /Users/mikevocalz/virocore-rive-panel/android/sharedCode/../../ViroRenderer/VRODriver.h:179:18: note: overridden virtual function is here
C/C++:   179 |     virtual void willRenderEye(const VRORenderContext &context) = 0;
C/C++:       |                  ^
C/C++: In file included from /Users/mikevocalz/virocore-rive-panel/ViroRenderer/capi/ViroContext_JNI.cpp:33:
C/C++: In file included from /Users/mikevocalz/virocore-rive-panel/android/sharedCode/../sharedCode/src/main/cpp/jni/VRORenderer_JNI.h:30:
C/C++: In file included from /Users/mikevocalz/virocore-rive-panel/android/sharedCode/../sharedCode/src/main/cpp/VROSceneRenderer.h:35:
C/C++: In file included from /Users/mikevocalz/virocore-rive-panel/android/sharedCode/../sharedCode/src/main/cpp/VRODriverOpenGLAndroid.h:31:
C/C++: /Users/mikevocalz/virocore-rive-panel/android/sharedCode/../../ViroRenderer/VRODriverOpenGL.h:170:10: warning: 'didRenderEye' overrides a member function but is not marked 'override' [-Winconsistent-missing-override]
C/C++:   170 |     void didRenderEye(const VRORenderContext &context) {
C/C++:       |          ^
C/C++: /Users/mikevocalz/virocore-rive-panel/android/sharedCode/../../ViroRenderer/VRODriver.h:180:18: note: overridden virtual function is here
C/C++:   180 |     virtual void didRenderEye(const VRORenderContext &context) = 0;
C/C++:       |                  ^
C/C++: In file included from /Users/mikevocalz/virocore-rive-panel/ViroRenderer/capi/ViroContext_JNI.cpp:33:
C/C++: In file included from /Users/mikevocalz/virocore-rive-panel/android/sharedCode/../sharedCode/src/main/cpp/jni/VRORenderer_JNI.h:30:
C/C++: In file included from /Users/mikevocalz/virocore-rive-panel/android/sharedCode/../sharedCode/src/main/cpp/VROSceneRenderer.h:35:
C/C++: In file included from /Users/mikevocalz/virocore-rive-panel/android/sharedCode/../sharedCode/src/main/cpp/VRODriverOpenGLAndroid.h:31:
C/C++: /Users/mikevocalz/virocore-rive-panel/android/sharedCode/../../ViroRenderer/VRODriverOpenGL.h:181:10: warning: 'setActiveTextureUnit' overrides a member function but is not marked 'override' [-Winconsistent-missing-override]
C/C++:   181 |     void setActiveTextureUnit(int unit) {
C/C++:       |          ^
C/C++: /Users/mikevocalz/virocore-rive-panel/android/sharedCode/../../ViroRenderer/VRODriver.h:212:18: note: overridden virtual function is here
C/C++:   212 |     virtual void setActiveTextureUnit(int unit) = 0;
C/C++:       |                  ^
C/C++: In file included from /Users/mikevocalz/virocore-rive-panel/ViroRenderer/capi/ViroContext_JNI.cpp:33:
C/C++: In file included from /Users/mikevocalz/virocore-rive-panel/android/sharedCode/../sharedCode/src/main/cpp/jni/VRORenderer_JNI.h:30:
C/C++: In file included from /Users/mikevocalz/virocore-rive-panel/android/sharedCode/../sharedCode/src/main/cpp/VROSceneRenderer.h:35:
C/C++: In file included from /Users/mikevocalz/virocore-rive-panel/android/sharedCode/../sharedCode/src/main/cpp/VRODriverOpenGLAndroid.h:31:
C/C++: /Users/mikevocalz/virocore-rive-panel/android/sharedCode/../../ViroRenderer/VRODriverOpenGL.h:197:10: warning: 'bindTexture' overrides a member function but is not marked 'override' [-Winconsistent-missing-override]
C/C++:   197 |     void bindTexture(int target, int texture) {
C/C++:       |          ^
C/C++: /Users/mikevocalz/virocore-rive-panel/android/sharedCode/../../ViroRenderer/VRODriver.h:213:18: note: overridden virtual function is here
C/C++:   213 |     virtual void bindTexture(int target, int texture) = 0;
C/C++:       |                  ^
C/C++: In file included from /Users/mikevocalz/virocore-rive-panel/ViroRenderer/capi/ViroContext_JNI.cpp:33:
C/C++: In file included from /Users/mikevocalz/virocore-rive-panel/android/sharedCode/../sharedCode/src/main/cpp/jni/VRORenderer_JNI.h:30:
C/C++: In file included from /Users/mikevocalz/virocore-rive-panel/android/sharedCode/../sharedCode/src/main/cpp/VROSceneRenderer.h:35:
C/C++: In file included from /Users/mikevocalz/virocore-rive-panel/android/sharedCode/../sharedCode/src/main/cpp/VRODriverOpenGLAndroid.h:31:
C/C++: /Users/mikevocalz/virocore-rive-panel/android/sharedCode/../../ViroRenderer/VRODriverOpenGL.h:204:10: warning: 'bindTexture' overrides a member function but is not marked 'override' [-Winconsistent-missing-override]
C/C++:   204 |     void bindTexture(int unit, int target, int texture) {
C/C++:       |          ^
C/C++: /Users/mikevocalz/virocore-rive-panel/android/sharedCode/../../ViroRenderer/VRODriver.h:214:18: note: overridden virtual function is here
C/C++:   214 |     virtual void bindTexture(int unit, int target, int texture) = 0;
C/C++:       |                  ^
C/C++: In file included from /Users/mikevocalz/virocore-rive-panel/ViroRenderer/capi/ViroContext_JNI.cpp:33:
C/C++: In file included from /Users/mikevocalz/virocore-rive-panel/android/sharedCode/../sharedCode/src/main/cpp/jni/VRORenderer_JNI.h:30:
C/C++: In file included from /Users/mikevocalz/virocore-rive-panel/android/sharedCode/../sharedCode/src/main/cpp/VROSceneRenderer.h:35:
C/C++: In file included from /Users/mikevocalz/virocore-rive-panel/android/sharedCode/../sharedCode/src/main/cpp/VRODriverOpenGLAndroid.h:31:
C/C++: /Users/mikevocalz/virocore-rive-panel/android/sharedCode/../../ViroRenderer/VRODriverOpenGL.h:234:10: warning: 'setDepthWritingEnabled' overrides a member function but is not marked 'override' [-Winconsistent-missing-override]
C/C++:   234 |     void setDepthWritingEnabled(bool enabled) {
C/C++:       |          ^
C/C++: /Users/mikevocalz/virocore-rive-panel/android/sharedCode/../../ViroRenderer/VRODriver.h:215:18: note: overridden virtual function is here
C/C++:   215 |     virtual void setDepthWritingEnabled(bool enabled) = 0;
C/C++:       |                  ^
C/C++: In file included from /Users/mikevocalz/virocore-rive-panel/ViroRenderer/capi/ViroContext_JNI.cpp:33:
C/C++: In file included from /Users/mikevocalz/virocore-rive-panel/android/sharedCode/../sharedCode/src/main/cpp/jni/VRORenderer_JNI.h:30:
C/C++: In file included from /Users/mikevocalz/virocore-rive-panel/android/sharedCode/../sharedCode/src/main/cpp/VROSceneRenderer.h:35:
C/C++: In file included from /Users/mikevocalz/virocore-rive-panel/android/sharedCode/../sharedCode/src/main/cpp/VRODriverOpenGLAndroid.h:31:
C/C++: /Users/mikevocalz/virocore-rive-panel/android/sharedCode/../../ViroRenderer/VRODriverOpenGL.h:248:10: warning: 'setDepthReadingEnabled' overrides a member function but is not marked 'override' [-Winconsistent-missing-override]
C/C++:   248 |     void setDepthReadingEnabled(bool enabled) {
C/C++:       |          ^
C/C++: /Users/mikevocalz/virocore-rive-panel/android/sharedCode/../../ViroRenderer/VRODriver.h:216:18: note: overridden virtual function is here
C/C++:   216 |     virtual void setDepthReadingEnabled(bool enabled) = 0;
C/C++:       |                  ^
C/C++: In file included from /Users/mikevocalz/virocore-rive-panel/ViroRenderer/capi/ViroContext_JNI.cpp:33:
C/C++: In file included from /Users/mikevocalz/virocore-rive-panel/android/sharedCode/../sharedCode/src/main/cpp/jni/VRORenderer_JNI.h:30:
C/C++: In file included from /Users/mikevocalz/virocore-rive-panel/android/sharedCode/../sharedCode/src/main/cpp/VROSceneRenderer.h:35:
C/C++: In file included from /Users/mikevocalz/virocore-rive-panel/android/sharedCode/../sharedCode/src/main/cpp/VRODriverOpenGLAndroid.h:31:
C/C++: /Users/mikevocalz/virocore-rive-panel/android/sharedCode/../../ViroRenderer/VRODriverOpenGL.h:262:10: warning: 'setStencilTestEnabled' overrides a member function but is not marked 'override' [-Winconsistent-missing-override]
C/C++:   262 |     void setStencilTestEnabled(bool enabled) {
C/C++:       |          ^
C/C++: /Users/mikevocalz/virocore-rive-panel/android/sharedCode/../../ViroRenderer/VRODriver.h:217:18: note: overridden virtual function is here
C/C++:   217 |     virtual void setStencilTestEnabled(bool enabled) = 0;
C/C++:       |                  ^
C/C++: In file included from /Users/mikevocalz/virocore-rive-panel/ViroRenderer/capi/ViroContext_JNI.cpp:33:
C/C++: In file included from /Users/mikevocalz/virocore-rive-panel/android/sharedCode/../sharedCode/src/main/cpp/jni/VRORenderer_JNI.h:30:
C/C++: In file included from /Users/mikevocalz/virocore-rive-panel/android/sharedCode/../sharedCode/src/main/cpp/VROSceneRenderer.h:35:
C/C++: In file included from /Users/mikevocalz/virocore-rive-panel/android/sharedCode/../sharedCode/src/main/cpp/VRODriverOpenGLAndroid.h:31:
C/C++: /Users/mikevocalz/virocore-rive-panel/android/sharedCode/../../ViroRenderer/VRODriverOpenGL.h:276:10: warning: 'setCullMode' overrides a member function but is not marked 'override' [-Winconsistent-missing-override]
C/C++:   276 |     void setCullMode(VROCullMode cullMode) {
C/C++:       |          ^
C/C++: /Users/mikevocalz/virocore-rive-panel/android/sharedCode/../../ViroRenderer/VRODriver.h:218:18: note: overridden virtual function is here
C/C++:   218 |     virtual void setCullMode(VROCullMode cullMode) = 0;
C/C++:       |                  ^
C/C++: In file included from /Users/mikevocalz/virocore-rive-panel/ViroRenderer/capi/ViroContext_JNI.cpp:33:
C/C++: In file included from /Users/mikevocalz/virocore-rive-panel/android/sharedCode/../sharedCode/src/main/cpp/jni/VRORenderer_JNI.h:30:
C/C++: In file included from /Users/mikevocalz/virocore-rive-panel/android/sharedCode/../sharedCode/src/main/cpp/VROSceneRenderer.h:35:
C/C++: In file included from /Users/mikevocalz/virocore-rive-panel/android/sharedCode/../sharedCode/src/main/cpp/VRODriverOpenGLAndroid.h:31:
C/C++: /Users/mikevocalz/virocore-rive-panel/android/sharedCode/../../ViroRenderer/VRODriverOpenGL.h:295:10: warning: 'setBlendingMode' overrides a member function but is not marked 'override' [-Winconsistent-missing-override]
C/C++:   295 |     void setBlendingMode(VROBlendMode mode) {
C/C++:       |          ^
C/C++: /Users/mikevocalz/virocore-rive-panel/android/sharedCode/../../ViroRenderer/VRODriver.h:311:18: note: overridden virtual function is here
C/C++:   311 |     virtual void setBlendingMode(VROBlendMode mode) = 0;
C/C++:       |                  ^
C/C++: In file included from /Users/mikevocalz/virocore-rive-panel/ViroRenderer/capi/ViroContext_JNI.cpp:33:
C/C++: In file included from /Users/mikevocalz/virocore-rive-panel/android/sharedCode/../sharedCode/src/main/cpp/jni/VRORenderer_JNI.h:30:
C/C++: In file included from /Users/mikevocalz/virocore-rive-panel/android/sharedCode/../sharedCode/src/main/cpp/VROSceneRenderer.h:35:
C/C++: In file included from /Users/mikevocalz/virocore-rive-panel/android/sharedCode/../sharedCode/src/main/cpp/VRODriverOpenGLAndroid.h:31:
C/C++: /Users/mikevocalz/virocore-rive-panel/android/sharedCode/../../ViroRenderer/VRODriverOpenGL.h:339:10: warning: 'setRenderTargetColorWritingMask' overrides a member function but is not marked 'override' [-Winconsistent-missing-override]
C/C++:   339 |     void setRenderTargetColorWritingMask(VROColorMask mask) {
C/C++:       |          ^
C/C++: /Users/mikevocalz/virocore-rive-panel/android/sharedCode/../../ViroRenderer/VRODriver.h:219:18: note: overridden virtual function is here
C/C++:   219 |     virtual void setRenderTargetColorWritingMask(VROColorMask mask) = 0;
C/C++:       |                  ^
C/C++: In file included from /Users/mikevocalz/virocore-rive-panel/ViroRenderer/capi/ViroContext_JNI.cpp:33:
C/C++: In file included from /Users/mikevocalz/virocore-rive-panel/android/sharedCode/../sharedCode/src/main/cpp/jni/VRORenderer_JNI.h:30:
C/C++: In file included from /Users/mikevocalz/virocore-rive-panel/android/sharedCode/../sharedCode/src/main/cpp/VROSceneRenderer.h:35:
C/C++: In file included from /Users/mikevocalz/virocore-rive-panel/android/sharedCode/../sharedCode/src/main/cpp/VRODriverOpenGLAndroid.h:31:
C/C++: /Users/mikevocalz/virocore-rive-panel/android/sharedCode/../../ViroRenderer/VRODriverOpenGL.h:347:10: warning: 'setMaterialColorWritingMask' overrides a member function but is not marked 'override' [-Winconsistent-missing-override]
C/C++:   347 |     void setMaterialColorWritingMask(VROColorMask mask) {
C/C++:       |          ^
C/C++: /Users/mikevocalz/virocore-rive-panel/android/sharedCode/../../ViroRenderer/VRODriver.h:220:18: note: overridden virtual function is here
C/C++:   220 |     virtual void setMaterialColorWritingMask(VROColorMask mask) = 0;
C/C++:       |                  ^
C/C++: In file included from /Users/mikevocalz/virocore-rive-panel/ViroRenderer/capi/ViroContext_JNI.cpp:33:
C/C++: In file included from /Users/mikevocalz/virocore-rive-panel/android/sharedCode/../sharedCode/src/main/cpp/jni/VRORenderer_JNI.h:30:
C/C++: In file included from /Users/mikevocalz/virocore-rive-panel/android/sharedCode/../sharedCode/src/main/cpp/VROSceneRenderer.h:35:
C/C++: In file included from /Users/mikevocalz/virocore-rive-panel/android/sharedCode/../sharedCode/src/main/cpp/VRODriverOpenGLAndroid.h:31:
C/C++: /Users/mikevocalz/virocore-rive-panel/android/sharedCode/../../ViroRenderer/VRODriverOpenGL.h:355:10: warning: 'bindShader' overrides a member function but is not marked 'override' [-Winconsistent-missing-override]
C/C++:   355 |     void bindShader(std::shared_ptr<VROShaderProgram> program) {
C/C++:       |          ^
C/C++: /Users/mikevocalz/virocore-rive-panel/android/sharedCode/../../ViroRenderer/VRODriver.h:221:18: note: overridden virtual function is here
C/C++:   221 |     virtual void bindShader(std::shared_ptr<VROShaderProgram> program) = 0;
C/C++:       |                  ^
C/C++: In file included from /Users/mikevocalz/virocore-rive-panel/ViroRenderer/capi/ViroContext_JNI.cpp:33:
C/C++: In file included from /Users/mikevocalz/virocore-rive-panel/android/sharedCode/../sharedCode/src/main/cpp/jni/VRORenderer_JNI.h:30:
C/C++: In file included from /Users/mikevocalz/virocore-rive-panel/android/sharedCode/../sharedCode/src/main/cpp/VROSceneRenderer.h:35:
C/C++: In file included from /Users/mikevocalz/virocore-rive-panel/android/sharedCode/../sharedCode/src/main/cpp/VRODriverOpenGLAndroid.h:31:
C/C++: /Users/mikevocalz/virocore-rive-panel/android/sharedCode/../../ViroRenderer/VRODriverOpenGL.h:373:10: warning: 'unbindShader' overrides a member function but is not marked 'override' [-Winconsistent-missing-override]
C/C++:   373 |     void unbindShader() {
C/C++:       |          ^
C/C++: /Users/mikevocalz/virocore-rive-panel/android/sharedCode/../../ViroRenderer/VRODriver.h:222:18: note: overridden virtual function is here
C/C++:   222 |     virtual void unbindShader() = 0;
C/C++:       |                  ^
C/C++: In file included from /Users/mikevocalz/virocore-rive-panel/ViroRenderer/capi/ViroContext_JNI.cpp:33:
C/C++: In file included from /Users/mikevocalz/virocore-rive-panel/android/sharedCode/../sharedCode/src/main/cpp/jni/VRORenderer_JNI.h:30:
C/C++: In file included from /Users/mikevocalz/virocore-rive-panel/android/sharedCode/../sharedCode/src/main/cpp/VROSceneRenderer.h:35:
C/C++: In file included from /Users/mikevocalz/virocore-rive-panel/android/sharedCode/../sharedCode/src/main/cpp/VRODriverOpenGLAndroid.h:31:
C/C++: /Users/mikevocalz/virocore-rive-panel/android/sharedCode/../../ViroRenderer/VRODriverOpenGL.h:381:10: warning: 'bindRenderTarget' overrides a member function but is not marked 'override' [-Winconsistent-missing-override]
C/C++:   381 |     bool bindRenderTarget(std::shared_ptr<VRORenderTarget> target, VRORenderTargetUnbindOp unbindOp) {
C/C++:       |          ^
C/C++: /Users/mikevocalz/virocore-rive-panel/android/sharedCode/../../ViroRenderer/VRODriver.h:229:18: note: overridden virtual function is here
C/C++:   229 |     virtual bool bindRenderTarget(std::shared_ptr<VRORenderTarget> target, VRORenderTargetUnbindOp unbindOp) = 0;
C/C++:       |                  ^
C/C++: In file included from /Users/mikevocalz/virocore-rive-panel/ViroRenderer/capi/ViroContext_JNI.cpp:33:
C/C++: In file included from /Users/mikevocalz/virocore-rive-panel/android/sharedCode/../sharedCode/src/main/cpp/jni/VRORenderer_JNI.h:30:
C/C++: In file included from /Users/mikevocalz/virocore-rive-panel/android/sharedCode/../sharedCode/src/main/cpp/VROSceneRenderer.h:35:
C/C++: In file included from /Users/mikevocalz/virocore-rive-panel/android/sharedCode/../sharedCode/src/main/cpp/VRODriverOpenGLAndroid.h:31:
C/C++: /Users/mikevocalz/virocore-rive-panel/android/sharedCode/../../ViroRenderer/VRODriverOpenGL.h:416:10: warning: 'unbindRenderTarget' overrides a member function but is not marked 'override' [-Winconsistent-missing-override]
C/C++:   416 |     void unbindRenderTarget() {
C/C++:       |          ^
C/C++: /Users/mikevocalz/virocore-rive-panel/android/sharedCode/../../ViroRenderer/VRODriver.h:230:18: note: overridden virtual function is here
C/C++:   230 |     virtual void unbindRenderTarget() = 0;
C/C++:       |                  ^
C/C++: In file included from /Users/mikevocalz/virocore-rive-panel/ViroRenderer/capi/ViroContext_JNI.cpp:33:
C/C++: In file included from /Users/mikevocalz/virocore-rive-panel/android/sharedCode/../sharedCode/src/main/cpp/jni/VRORenderer_JNI.h:30:
C/C++: In file included from /Users/mikevocalz/virocore-rive-panel/android/sharedCode/../sharedCode/src/main/cpp/VROSceneRenderer.h:35:
C/C++: In file included from /Users/mikevocalz/virocore-rive-panel/android/sharedCode/../sharedCode/src/main/cpp/VRODriverOpenGLAndroid.h:31:
C/C++: /Users/mikevocalz/virocore-rive-panel/android/sharedCode/../../ViroRenderer/VRODriverOpenGL.h:424:38: warning: 'getRenderTarget' overrides a member function but is not marked 'override' [-Winconsistent-missing-override]
C/C++:   424 |     std::shared_ptr<VRORenderTarget> getRenderTarget() {
C/C++:       |                                      ^
C/C++: /Users/mikevocalz/virocore-rive-panel/android/sharedCode/../../ViroRenderer/VRODriver.h:236:46: note: overridden virtual function is here
C/C++:   236 |     virtual std::shared_ptr<VRORenderTarget> getRenderTarget() = 0;
C/C++:       |                                              ^
C/C++: In file included from /Users/mikevocalz/virocore-rive-panel/ViroRenderer/capi/ViroContext_JNI.cpp:33:
C/C++: In file included from /Users/mikevocalz/virocore-rive-panel/android/sharedCode/../sharedCode/src/main/cpp/jni/VRORenderer_JNI.h:30:
C/C++: In file included from /Users/mikevocalz/virocore-rive-panel/android/sharedCode/../sharedCode/src/main/cpp/VROSceneRenderer.h:35:
C/C++: In file included from /Users/mikevocalz/virocore-rive-panel/android/sharedCode/../sharedCode/src/main/cpp/VRODriverOpenGLAndroid.h:31:
C/C++: /Users/mikevocalz/virocore-rive-panel/android/sharedCode/../../ViroRenderer/VRODriverOpenGL.h:428:18: warning: 'isBloomSupported' overrides a member function but is not marked 'override' [-Winconsistent-missing-override]
C/C++:   428 |     virtual bool isBloomSupported() {
C/C++:       |                  ^
C/C++: /Users/mikevocalz/virocore-rive-panel/android/sharedCode/../../ViroRenderer/VRODriver.h:267:18: note: overridden virtual function is here
C/C++:   267 |     virtual bool isBloomSupported() = 0;
C/C++:       |                  ^
C/C++: In file included from /Users/mikevocalz/virocore-rive-panel/ViroRenderer/capi/ViroContext_JNI.cpp:33:
C/C++: In file included from /Users/mikevocalz/virocore-rive-panel/android/sharedCode/../sharedCode/src/main/cpp/jni/VRORenderer_JNI.h:30:
C/C++: In file included from /Users/mikevocalz/virocore-rive-panel/android/sharedCode/../sharedCode/src/main/cpp/VROSceneRenderer.h:35:
C/C++: In file included from /Users/mikevocalz/virocore-rive-panel/android/sharedCode/../sharedCode/src/main/cpp/VRODriverOpenGLAndroid.h:31:
C/C++: /Users/mikevocalz/virocore-rive-panel/android/sharedCode/../../ViroRenderer/VRODriverOpenGL.h:432:27: warning: 'newGeometrySubstrate' overrides a member function but is not marked 'override' [-Winconsistent-missing-override]
C/C++:   432 |     VROGeometrySubstrate *newGeometrySubstrate(const VROGeometry &geometry) {
C/C++:       |                           ^
C/C++: /Users/mikevocalz/virocore-rive-panel/android/sharedCode/../../ViroRenderer/VRODriver.h:269:35: note: overridden virtual function is here
C/C++:   269 |     virtual VROGeometrySubstrate *newGeometrySubstrate(const VROGeometry &geometry) = 0;
C/C++:       |                                   ^
C/C++: In file included from /Users/mikevocalz/virocore-rive-panel/ViroRenderer/capi/ViroContext_JNI.cpp:33:
C/C++: In file included from /Users/mikevocalz/virocore-rive-panel/android/sharedCode/../sharedCode/src/main/cpp/jni/VRORenderer_JNI.h:30:
C/C++: In file included from /Users/mikevocalz/virocore-rive-panel/android/sharedCode/../sharedCode/src/main/cpp/VROSceneRenderer.h:35:
C/C++: In file included from /Users/mikevocalz/virocore-rive-panel/android/sharedCode/../sharedCode/src/main/cpp/VRODriverOpenGLAndroid.h:31:
C/C++: /Users/mikevocalz/virocore-rive-panel/android/sharedCode/../../ViroRenderer/VRODriverOpenGL.h:437:27: warning: 'newMaterialSubstrate' overrides a member function but is not marked 'override' [-Winconsistent-missing-override]
C/C++:   437 |     VROMaterialSubstrate *newMaterialSubstrate(VROMaterial &material) {
C/C++:       |                           ^
C/C++: /Users/mikevocalz/virocore-rive-panel/android/sharedCode/../../ViroRenderer/VRODriver.h:270:35: note: overridden virtual function is here
C/C++:   270 |     virtual VROMaterialSubstrate *newMaterialSubstrate(VROMaterial &material) = 0;
C/C++:       |                                   ^
C/C++: In file included from /Users/mikevocalz/virocore-rive-panel/ViroRenderer/capi/ViroContext_JNI.cpp:33:
C/C++: In file included from /Users/mikevocalz/virocore-rive-panel/android/sharedCode/../sharedCode/src/main/cpp/jni/VRORenderer_JNI.h:30:
C/C++: In file included from /Users/mikevocalz/virocore-rive-panel/android/sharedCode/../sharedCode/src/main/cpp/VROSceneRenderer.h:35:
C/C++: In file included from /Users/mikevocalz/virocore-rive-panel/android/sharedCode/../sharedCode/src/main/cpp/VRODriverOpenGLAndroid.h:31:
C/C++: /Users/mikevocalz/virocore-rive-panel/android/sharedCode/../../ViroRenderer/VRODriverOpenGL.h:442:26: warning: 'newTextureSubstrate' overrides a member function but is not marked 'override' [-Winconsistent-missing-override]
C/C++:   442 |     VROTextureSubstrate *newTextureSubstrate(VROTextureType type,
C/C++:       |                          ^
C/C++: /Users/mikevocalz/virocore-rive-panel/android/sharedCode/../../ViroRenderer/VRODriver.h:271:34: note: overridden virtual function is here
C/C++:   271 |     virtual VROTextureSubstrate *newTextureSubstrate(VROTextureType type,
C/C++:       |                                  ^
C/C++: In file included from /Users/mikevocalz/virocore-rive-panel/ViroRenderer/capi/ViroContext_JNI.cpp:33:
C/C++: In file included from /Users/mikevocalz/virocore-rive-panel/android/sharedCode/../sharedCode/src/main/cpp/jni/VRORenderer_JNI.h:30:
C/C++: In file included from /Users/mikevocalz/virocore-rive-panel/android/sharedCode/../sharedCode/src/main/cpp/VROSceneRenderer.h:35:
C/C++: In file included from /Users/mikevocalz/virocore-rive-panel/android/sharedCode/../sharedCode/src/main/cpp/VRODriverOpenGLAndroid.h:31:
C/C++: /Users/mikevocalz/virocore-rive-panel/android/sharedCode/../../ViroRenderer/VRODriverOpenGL.h:457:38: warning: 'newRenderTarget' overrides a member function but is not marked 'override' [-Winconsistent-missing-override]
C/C++:   457 |     std::shared_ptr<VRORenderTarget> newRenderTarget(VRORenderTargetType type, int numAttachments, int numImages, bool enableMipmaps,
C/C++:       |                                      ^
C/C++: /Users/mikevocalz/virocore-rive-panel/android/sharedCode/../../ViroRenderer/VRODriver.h:279:46: note: overridden virtual function is here
C/C++:   279 |     virtual std::shared_ptr<VRORenderTarget> newRenderTarget(VRORenderTargetType type, int numAttachments, int numImages,
C/C++:       |                                              ^
C/C++: In file included from /Users/mikevocalz/virocore-rive-panel/ViroRenderer/capi/ViroContext_JNI.cpp:33:
C/C++: In file included from /Users/mikevocalz/virocore-rive-panel/android/sharedCode/../sharedCode/src/main/cpp/jni/VRORenderer_JNI.h:30:
C/C++: In file included from /Users/mikevocalz/virocore-rive-panel/android/sharedCode/../sharedCode/src/main/cpp/VROSceneRenderer.h:35:
C/C++: In file included from /Users/mikevocalz/virocore-rive-panel/android/sharedCode/../sharedCode/src/main/cpp/VRODriverOpenGLAndroid.h:31:
C/C++: /Users/mikevocalz/virocore-rive-panel/android/sharedCode/../../ViroRenderer/VRODriverOpenGL.h:465:38: warning: 'newVertexBuffer' overrides a member function but is not marked 'override' [-Winconsistent-missing-override]
C/C++:   465 |     std::shared_ptr<VROVertexBuffer> newVertexBuffer(std::shared_ptr<VROData> data) {
C/C++:       |                                      ^
C/C++: /Users/mikevocalz/virocore-rive-panel/android/sharedCode/../../ViroRenderer/VRODriver.h:281:46: note: overridden virtual function is here
C/C++:   281 |     virtual std::shared_ptr<VROVertexBuffer> newVertexBuffer(std::shared_ptr<VROData> data) = 0;
C/C++:       |                                              ^
C/C++: In file included from /Users/mikevocalz/virocore-rive-panel/ViroRenderer/capi/ViroContext_JNI.cpp:33:
C/C++: In file included from /Users/mikevocalz/virocore-rive-panel/android/sharedCode/../sharedCode/src/main/cpp/jni/VRORenderer_JNI.h:30:
C/C++: In file included from /Users/mikevocalz/virocore-rive-panel/android/sharedCode/../sharedCode/src/main/cpp/VROSceneRenderer.h:35:
C/C++: In file included from /Users/mikevocalz/virocore-rive-panel/android/sharedCode/../sharedCode/src/main/cpp/VRODriverOpenGLAndroid.h:31:
C/C++: /Users/mikevocalz/virocore-rive-panel/android/sharedCode/../../ViroRenderer/VRODriverOpenGL.h:476:42: warning: 'newImagePostProcess' overrides a member function but is not marked 'override' [-Winconsistent-missing-override]
C/C++:   476 |     std::shared_ptr<VROImagePostProcess> newImagePostProcess(std::shared_ptr<VROShaderProgram> shader) {
C/C++:       |                                          ^
C/C++: /Users/mikevocalz/virocore-rive-panel/android/sharedCode/../../ViroRenderer/VRODriver.h:293:50: note: overridden virtual function is here
C/C++:   293 |     virtual std::shared_ptr<VROImagePostProcess> newImagePostProcess(std::shared_ptr<VROShaderProgram> shader) = 0;
C/C++:       |                                                  ^
C/C++: In file included from /Users/mikevocalz/virocore-rive-panel/ViroRenderer/capi/ViroContext_JNI.cpp:33:
C/C++: In file included from /Users/mikevocalz/virocore-rive-panel/android/sharedCode/../sharedCode/src/main/cpp/jni/VRORenderer_JNI.h:30:
C/C++: In file included from /Users/mikevocalz/virocore-rive-panel/android/sharedCode/../sharedCode/src/main/cpp/VROSceneRenderer.h:35:
C/C++: In file included from /Users/mikevocalz/virocore-rive-panel/android/sharedCode/../sharedCode/src/main/cpp/VRODriverOpenGLAndroid.h:31:
C/C++: /Users/mikevocalz/virocore-rive-panel/android/sharedCode/../../ViroRenderer/VRODriverOpenGL.h:480:10: warning: 'readGPUType' overrides a member function but is not marked 'override' [-Winconsistent-missing-override]
C/C++:   480 |     void readGPUType() {
C/C++:       |          ^
C/C++: /Users/mikevocalz/virocore-rive-panel/android/sharedCode/../../ViroRenderer/VRODriver.h:193:18: note: overridden virtual function is here
C/C++:   193 |     virtual void readGPUType() = 0;
C/C++:       |                  ^
C/C++: In file included from /Users/mikevocalz/virocore-rive-panel/ViroRenderer/capi/ViroContext_JNI.cpp:33:
C/C++: In file included from /Users/mikevocalz/virocore-rive-panel/android/sharedCode/../sharedCode/src/main/cpp/jni/VRORenderer_JNI.h:30:
C/C++: In file included from /Users/mikevocalz/virocore-rive-panel/android/sharedCode/../sharedCode/src/main/cpp/VROSceneRenderer.h:35:
C/C++: In file included from /Users/mikevocalz/virocore-rive-panel/android/sharedCode/../sharedCode/src/main/cpp/VRODriverOpenGLAndroid.h:31:
C/C++: /Users/mikevocalz/virocore-rive-panel/android/sharedCode/../../ViroRenderer/VRODriverOpenGL.h:507:10: warning: 'setHasSoftwareGammaPass' overrides a member function but is not marked 'override' [-Winconsistent-missing-override]
C/C++:   507 |     void setHasSoftwareGammaPass(bool gammaPass) {
C/C++:       |          ^
C/C++: /Users/mikevocalz/virocore-rive-panel/android/sharedCode/../../ViroRenderer/VRODriver.h:248:18: note: overridden virtual function is here
C/C++:   248 |     virtual void setHasSoftwareGammaPass(bool softwareGamma) = 0;
C/C++:       |                  ^
C/C++: In file included from /Users/mikevocalz/virocore-rive-panel/ViroRenderer/capi/ViroContext_JNI.cpp:33:
C/C++: In file included from /Users/mikevocalz/virocore-rive-panel/android/sharedCode/../sharedCode/src/main/cpp/jni/VRORenderer_JNI.h:30:
C/C++: In file included from /Users/mikevocalz/virocore-rive-panel/android/sharedCode/../sharedCode/src/main/cpp/VROSceneRenderer.h:35:
C/C++: In file included from /Users/mikevocalz/virocore-rive-panel/android/sharedCode/../sharedCode/src/main/cpp/VRODriverOpenGLAndroid.h:31:
C/C++: /Users/mikevocalz/virocore-rive-panel/android/sharedCode/../../ViroRenderer/VRODriverOpenGL.h:510:10: warning: 'hasSoftwareGammaPass' overrides a member function but is not marked 'override' [-Winconsistent-missing-override]
C/C++:   510 |     bool hasSoftwareGammaPass() const {
C/C++:       |          ^
C/C++: /Users/mikevocalz/virocore-rive-panel/android/sharedCode/../../ViroRenderer/VRODriver.h:249:18: note: overridden virtual function is here
C/C++:   249 |     virtual bool hasSoftwareGammaPass() const = 0;
C/C++:       |                  ^
C/C++: In file included from /Users/mikevocalz/virocore-rive-panel/ViroRenderer/capi/ViroContext_JNI.cpp:33:
C/C++: In file included from /Users/mikevocalz/virocore-rive-panel/android/sharedCode/../sharedCode/src/main/cpp/jni/VRORenderer_JNI.h:30:
C/C++: In file included from /Users/mikevocalz/virocore-rive-panel/android/sharedCode/../sharedCode/src/main/cpp/VROSceneRenderer.h:35:
C/C++: In file included from /Users/mikevocalz/virocore-rive-panel/android/sharedCode/../sharedCode/src/main/cpp/VRODriverOpenGLAndroid.h:31:
C/C++: /Users/mikevocalz/virocore-rive-panel/android/sharedCode/../../ViroRenderer/VRODriverOpenGL.h:514:16: warning: 'getGPUType' overrides a member function but is not marked 'override' [-Winconsistent-missing-override]
C/C++:   514 |     VROGPUType getGPUType() {
C/C++:       |                ^
C/C++: /Users/mikevocalz/virocore-rive-panel/android/sharedCode/../../ViroRenderer/VRODriver.h:198:24: note: overridden virtual function is here
C/C++:   198 |     virtual VROGPUType getGPUType() = 0;
C/C++:       |                        ^
C/C++: In file included from /Users/mikevocalz/virocore-rive-panel/ViroRenderer/capi/ViroContext_JNI.cpp:33:
C/C++: In file included from /Users/mikevocalz/virocore-rive-panel/android/sharedCode/../sharedCode/src/main/cpp/jni/VRORenderer_JNI.h:30:
C/C++: In file included from /Users/mikevocalz/virocore-rive-panel/android/sharedCode/../sharedCode/src/main/cpp/VROSceneRenderer.h:35:
C/C++: In file included from /Users/mikevocalz/virocore-rive-panel/android/sharedCode/../sharedCode/src/main/cpp/VRODriverOpenGLAndroid.h:31:
C/C++: /Users/mikevocalz/virocore-rive-panel/android/sharedCode/../../ViroRenderer/VRODriverOpenGL.h:518:10: warning: 'readDisplayFramebuffer' overrides a member function but is not marked 'override' [-Winconsistent-missing-override]
C/C++:   518 |     void readDisplayFramebuffer() {
C/C++:       |          ^
C/C++: /Users/mikevocalz/virocore-rive-panel/android/sharedCode/../../ViroRenderer/VRODriver.h:205:18: note: overridden virtual function is here
C/C++:   205 |     virtual void readDisplayFramebuffer() = 0;
C/C++:       |                  ^
C/C++: In file included from /Users/mikevocalz/virocore-rive-panel/ViroRenderer/capi/ViroContext_JNI.cpp:33:
C/C++: In file included from /Users/mikevocalz/virocore-rive-panel/android/sharedCode/../sharedCode/src/main/cpp/jni/VRORenderer_JNI.h:30:
C/C++: In file included from /Users/mikevocalz/virocore-rive-panel/android/sharedCode/../sharedCode/src/main/cpp/VROSceneRenderer.h:35:
C/C++: In file included from /Users/mikevocalz/virocore-rive-panel/android/sharedCode/../sharedCode/src/main/cpp/VRODriverOpenGLAndroid.h:31:
C/C++: /Users/mikevocalz/virocore-rive-panel/android/sharedCode/../../ViroRenderer/VRODriverOpenGL.h:522:46: warning: 'getDisplay' overrides a member function but is not marked 'override' [-Winconsistent-missing-override]
C/C++:   522 |     virtual std::shared_ptr<VRORenderTarget> getDisplay() {
C/C++:       |                                              ^
C/C++: /Users/mikevocalz/virocore-rive-panel/android/sharedCode/../../ViroRenderer/VRODriver.h:292:46: note: overridden virtual function is here
C/C++:   292 |     virtual std::shared_ptr<VRORenderTarget> getDisplay() = 0;
C/C++:       |                                              ^
C/C++: In file included from /Users/mikevocalz/virocore-rive-panel/ViroRenderer/capi/ViroContext_JNI.cpp:33:
C/C++: In file included from /Users/mikevocalz/virocore-rive-panel/android/sharedCode/../sharedCode/src/main/cpp/jni/VRORenderer_JNI.h:30:
C/C++: In file included from /Users/mikevocalz/virocore-rive-panel/android/sharedCode/../sharedCode/src/main/cpp/VROSceneRenderer.h:35:
C/C++: In file included from /Users/mikevocalz/virocore-rive-panel/android/sharedCode/../sharedCode/src/main/cpp/VRODriverOpenGLAndroid.h:31:
C/C++: /Users/mikevocalz/virocore-rive-panel/android/sharedCode/../../ViroRenderer/VRODriverOpenGL.h:556:44: warning: 'newTypefaceCollection' overrides a member function but is not marked 'override' [-Winconsistent-missing-override]
C/C++:   556 |     std::shared_ptr<VROTypefaceCollection> newTypefaceCollection(std::string typefaces, int size, VROFontStyle style,
C/C++:       |                                            ^
C/C++: /Users/mikevocalz/virocore-rive-panel/android/sharedCode/../../ViroRenderer/VRODriver.h:308:52: note: overridden virtual function is here
C/C++:   308 |     virtual std::shared_ptr<VROTypefaceCollection> newTypefaceCollection(std::string typefaces, int size, VROFontStyle style, VROFontWeight weight) = 0;
C/C++:       |                                                    ^
C/C++: In file included from /Users/mikevocalz/virocore-rive-panel/ViroRenderer/capi/ViroContext_JNI.cpp:33:
C/C++: In file included from /Users/mikevocalz/virocore-rive-panel/android/sharedCode/../sharedCode/src/main/cpp/jni/VRORenderer_JNI.h:30:
C/C++: In file included from /Users/mikevocalz/virocore-rive-panel/android/sharedCode/../sharedCode/src/main/cpp/VROSceneRenderer.h:35:
C/C++: In file included from /Users/mikevocalz/virocore-rive-panel/android/sharedCode/../sharedCode/src/main/cpp/VRODriverOpenGLAndroid.h:31:
C/C++: /Users/mikevocalz/virocore-rive-panel/android/sharedCode/../../ViroRenderer/VRODriverOpenGL.h:580:40: warning: 'getFrameScheduler' overrides a member function but is not marked 'override' [-Winconsistent-missing-override]
C/C++:   580 |     std::shared_ptr<VROFrameScheduler> getFrameScheduler() {
C/C++:       |                                        ^
C/C++: /Users/mikevocalz/virocore-rive-panel/android/sharedCode/../../ViroRenderer/VRODriver.h:313:48: note: overridden virtual function is here
C/C++:   313 |     virtual std::shared_ptr<VROFrameScheduler> getFrameScheduler() = 0;
C/C++:       |                                                ^
C/C++: In file included from /Users/mikevocalz/virocore-rive-panel/ViroRenderer/capi/ViroContext_JNI.cpp:33:
C/C++: In file included from /Users/mikevocalz/virocore-rive-panel/android/sharedCode/../sharedCode/src/main/cpp/jni/VRORenderer_JNI.h:30:
C/C++: In file included from /Users/mikevocalz/virocore-rive-panel/android/sharedCode/../sharedCode/src/main/cpp/VROSceneRenderer.h:35:
C/C++: In file included from /Users/mikevocalz/virocore-rive-panel/android/sharedCode/../sharedCode/src/main/cpp/VRODriverOpenGLAndroid.h:31:
C/C++: /Users/mikevocalz/virocore-rive-panel/android/sharedCode/../../ViroRenderer/VRODriverOpenGL.h:635:19: warning: 'getGraphicsContext' overrides a member function but is not marked 'override' [-Winconsistent-missing-override]
C/C++:   635 |     virtual void *getGraphicsContext() { return nullptr; }
C/C++:       |                   ^
C/C++: /Users/mikevocalz/virocore-rive-panel/android/sharedCode/../../ViroRenderer/VRODriver.h:314:19: note: overridden virtual function is here
C/C++:   314 |     virtual void *getGraphicsContext() = 0;
C/C++:       |                   ^
C/C++: In file included from /Users/mikevocalz/virocore-rive-panel/ViroRenderer/capi/ViroContext_JNI.cpp:33:
C/C++: In file included from /Users/mikevocalz/virocore-rive-panel/android/sharedCode/../sharedCode/src/main/cpp/jni/VRORenderer_JNI.h:30:
C/C++: In file included from /Users/mikevocalz/virocore-rive-panel/android/sharedCode/../sharedCode/src/main/cpp/VROSceneRenderer.h:35:
C/C++: /Users/mikevocalz/virocore-rive-panel/android/sharedCode/../sharedCode/src/main/cpp/VRODriverOpenGLAndroid.h:49:35: warning: 'getColorRenderingMode' overrides a member function but is not marked 'override' [-Winconsistent-missing-override]
C/C++:    49 |     virtual VROColorRenderingMode getColorRenderingMode() {
C/C++:       |                                   ^
C/C++: /Users/mikevocalz/virocore-rive-panel/android/sharedCode/../../ViroRenderer/VRODriver.h:242:35: note: overridden virtual function is here
C/C++:   242 |     virtual VROColorRenderingMode getColorRenderingMode() = 0;
C/C++:       |                                   ^
C/C++: In file included from /Users/mikevocalz/virocore-rive-panel/ViroRenderer/capi/ViroContext_JNI.cpp:33:
C/C++: In file included from /Users/mikevocalz/virocore-rive-panel/android/sharedCode/../sharedCode/src/main/cpp/jni/VRORenderer_JNI.h:30:
C/C++: In file included from /Users/mikevocalz/virocore-rive-panel/android/sharedCode/../sharedCode/src/main/cpp/VROSceneRenderer.h:35:
C/C++: /Users/mikevocalz/virocore-rive-panel/android/sharedCode/../sharedCode/src/main/cpp/VRODriverOpenGLAndroid.h:63:18: warning: 'isBloomSupported' overrides a member function but is not marked 'override' [-Winconsistent-missing-override]
C/C++:    63 |     virtual bool isBloomSupported() {
C/C++:       |                  ^
C/C++: /Users/mikevocalz/virocore-rive-panel/android/sharedCode/../../ViroRenderer/VRODriverOpenGL.h:428:18: note: overridden virtual function is here
C/C++:   428 |     virtual bool isBloomSupported() {
C/C++:       |                  ^
C/C++: In file included from /Users/mikevocalz/virocore-rive-panel/ViroRenderer/capi/ViroContext_JNI.cpp:33:
C/C++: In file included from /Users/mikevocalz/virocore-rive-panel/android/sharedCode/../sharedCode/src/main/cpp/jni/VRORenderer_JNI.h:30:
C/C++: In file included from /Users/mikevocalz/virocore-rive-panel/android/sharedCode/../sharedCode/src/main/cpp/VROSceneRenderer.h:35:
C/C++: /Users/mikevocalz/virocore-rive-panel/android/sharedCode/../sharedCode/src/main/cpp/VRODriverOpenGLAndroid.h:72:10: warning: 'willRenderFrame' overrides a member function but is not marked 'override' [-Winconsistent-missing-override]
C/C++:    72 |     void willRenderFrame(const VRORenderContext &context) {
C/C++:       |          ^
C/C++: /Users/mikevocalz/virocore-rive-panel/android/sharedCode/../../ViroRenderer/VRODriverOpenGL.h:64:10: note: overridden virtual function is here
C/C++:    64 |     void willRenderFrame(const VRORenderContext &context) {
C/C++:       |          ^
C/C++: In file included from /Users/mikevocalz/virocore-rive-panel/ViroRenderer/capi/ViroContext_JNI.cpp:33:
C/C++: In file included from /Users/mikevocalz/virocore-rive-panel/android/sharedCode/../sharedCode/src/main/cpp/jni/VRORenderer_JNI.h:30:
C/C++: In file included from /Users/mikevocalz/virocore-rive-panel/android/sharedCode/../sharedCode/src/main/cpp/VROSceneRenderer.h:35:
C/C++: /Users/mikevocalz/virocore-rive-panel/android/sharedCode/../sharedCode/src/main/cpp/VRODriverOpenGLAndroid.h:79:10: warning: 'pause' overrides a member function but is not marked 'override' [-Winconsistent-missing-override]
C/C++:    79 |     void pause() {
C/C++:       |          ^
C/C++: /Users/mikevocalz/virocore-rive-panel/android/sharedCode/../../ViroRenderer/VRODriver.h:185:18: note: overridden virtual function is here
C/C++:   185 |     virtual void pause() = 0;
C/C++:       |                  ^
C/C++: In file included from /Users/mikevocalz/virocore-rive-panel/ViroRenderer/capi/ViroContext_JNI.cpp:33:
C/C++: In file included from /Users/mikevocalz/virocore-rive-panel/android/sharedCode/../sharedCode/src/main/cpp/jni/VRORenderer_JNI.h:30:
C/C++: In file included from /Users/mikevocalz/virocore-rive-panel/android/sharedCode/../sharedCode/src/main/cpp/VROSceneRenderer.h:35:
C/C++: /Users/mikevocalz/virocore-rive-panel/android/sharedCode/../sharedCode/src/main/cpp/VRODriverOpenGLAndroid.h:83:10: warning: 'resume' overrides a member function but is not marked 'override' [-Winconsistent-missing-override]
C/C++:    83 |     void resume() {
C/C++:       |          ^
C/C++: /Users/mikevocalz/virocore-rive-panel/android/sharedCode/../../ViroRenderer/VRODriver.h:186:18: note: overridden virtual function is here
C/C++:   186 |     virtual void resume() = 0;
C/C++:       |                  ^
C/C++: In file included from /Users/mikevocalz/virocore-rive-panel/ViroRenderer/capi/ViroContext_JNI.cpp:33:
C/C++: In file included from /Users/mikevocalz/virocore-rive-panel/android/sharedCode/../sharedCode/src/main/cpp/jni/VRORenderer_JNI.h:30:
C/C++: In file included from /Users/mikevocalz/virocore-rive-panel/android/sharedCode/../sharedCode/src/main/cpp/VROSceneRenderer.h:35:
C/C++: /Users/mikevocalz/virocore-rive-panel/android/sharedCode/../sharedCode/src/main/cpp/VRODriverOpenGLAndroid.h:87:43: warning: 'newVideoTextureCache' overrides a member function but is not marked 'override' [-Winconsistent-missing-override]
C/C++:    87 |     std::shared_ptr<VROVideoTextureCache> newVideoTextureCache() {
C/C++:       |                                           ^
C/C++: /Users/mikevocalz/virocore-rive-panel/android/sharedCode/../../ViroRenderer/VRODriver.h:294:51: note: overridden virtual function is here
C/C++:   294 |     virtual std::shared_ptr<VROVideoTextureCache> newVideoTextureCache() = 0;
C/C++:       |                                                   ^
C/C++: In file included from /Users/mikevocalz/virocore-rive-panel/ViroRenderer/capi/ViroContext_JNI.cpp:33:
C/C++: In file included from /Users/mikevocalz/virocore-rive-panel/android/sharedCode/../sharedCode/src/main/cpp/jni/VRORenderer_JNI.h:30:
C/C++: In file included from /Users/mikevocalz/virocore-rive-panel/android/sharedCode/../sharedCode/src/main/cpp/VROSceneRenderer.h:35:
C/C++: /Users/mikevocalz/virocore-rive-panel/android/sharedCode/../sharedCode/src/main/cpp/VRODriverOpenGLAndroid.h:92:31: warning: 'newSound' overrides a member function but is not marked 'override' [-Winconsistent-missing-override]
C/C++:    92 |     std::shared_ptr<VROSound> newSound(std::shared_ptr<VROSoundData> data, VROSoundType type) {
C/C++:       |                               ^
C/C++: /Users/mikevocalz/virocore-rive-panel/android/sharedCode/../../ViroRenderer/VRODriver.h:295:39: note: overridden virtual function is here
C/C++:   295 |     virtual std::shared_ptr<VROSound> newSound(std::shared_ptr<VROSoundData> data, VROSoundType type) = 0;
C/C++:       |                                       ^
C/C++: In file included from /Users/mikevocalz/virocore-rive-panel/ViroRenderer/capi/ViroContext_JNI.cpp:33:
C/C++: In file included from /Users/mikevocalz/virocore-rive-panel/android/sharedCode/../sharedCode/src/main/cpp/jni/VRORenderer_JNI.h:30:
C/C++: In file included from /Users/mikevocalz/virocore-rive-panel/android/sharedCode/../sharedCode/src/main/cpp/VROSceneRenderer.h:35:
C/C++: /Users/mikevocalz/virocore-rive-panel/android/sharedCode/../sharedCode/src/main/cpp/VRODriverOpenGLAndroid.h:96:31: warning: 'newSound' overrides a member function but is not marked 'override' [-Winconsistent-missing-override]
C/C++:    96 |     std::shared_ptr<VROSound> newSound(std::string resource, VROResourceType resourceType, VROSoundType type) {
C/C++:       |                               ^
C/C++: /Users/mikevocalz/virocore-rive-panel/android/sharedCode/../../ViroRenderer/VRODriver.h:296:39: note: overridden virtual function is here
C/C++:   296 |     virtual std::shared_ptr<VROSound> newSound(std::string resource, VROResourceType resourceType, VROSoundType type) = 0;
C/C++:       |                                       ^
C/C++: In file included from /Users/mikevocalz/virocore-rive-panel/ViroRenderer/capi/ViroContext_JNI.cpp:33:
C/C++: In file included from /Users/mikevocalz/virocore-rive-panel/android/sharedCode/../sharedCode/src/main/cpp/jni/VRORenderer_JNI.h:30:
C/C++: In file included from /Users/mikevocalz/virocore-rive-panel/android/sharedCode/../sharedCode/src/main/cpp/VROSceneRenderer.h:35:
C/C++: /Users/mikevocalz/virocore-rive-panel/android/sharedCode/../sharedCode/src/main/cpp/VRODriverOpenGLAndroid.h:100:37: warning: 'newAudioPlayer' overrides a member function but is not marked 'override' [-Winconsistent-missing-override]
C/C++:   100 |     std::shared_ptr<VROAudioPlayer> newAudioPlayer(std::shared_ptr<VROSoundData> data) {
C/C++:       |                                     ^
C/C++: /Users/mikevocalz/virocore-rive-panel/android/sharedCode/../../ViroRenderer/VRODriver.h:297:45: note: overridden virtual function is here
C/C++:   297 |     virtual std::shared_ptr<VROAudioPlayer> newAudioPlayer(std::shared_ptr<VROSoundData> data) = 0;
C/C++:       |                                             ^
C/C++: In file included from /Users/mikevocalz/virocore-rive-panel/ViroRenderer/capi/ViroContext_JNI.cpp:33:
C/C++: In file included from /Users/mikevocalz/virocore-rive-panel/android/sharedCode/../sharedCode/src/main/cpp/jni/VRORenderer_JNI.h:30:
C/C++: In file included from /Users/mikevocalz/virocore-rive-panel/android/sharedCode/../sharedCode/src/main/cpp/VROSceneRenderer.h:35:
C/C++: /Users/mikevocalz/virocore-rive-panel/android/sharedCode/../sharedCode/src/main/cpp/VRODriverOpenGLAndroid.h:104:37: warning: 'newAudioPlayer' overrides a member function but is not marked 'override' [-Winconsistent-missing-override]
C/C++:   104 |     std::shared_ptr<VROAudioPlayer> newAudioPlayer(std::string fileName, bool isLocal) {
C/C++:       |                                     ^
C/C++: /Users/mikevocalz/virocore-rive-panel/android/sharedCode/../../ViroRenderer/VRODriver.h:298:45: note: overridden virtual function is here
C/C++:   298 |     virtual std::shared_ptr<VROAudioPlayer> newAudioPlayer(std::string path, bool isLocal) = 0;
C/C++:       |                                             ^
C/C++: In file included from /Users/mikevocalz/virocore-rive-panel/ViroRenderer/capi/ViroContext_JNI.cpp:33:
C/C++: In file included from /Users/mikevocalz/virocore-rive-panel/android/sharedCode/../sharedCode/src/main/cpp/jni/VRORenderer_JNI.h:30:
C/C++: In file included from /Users/mikevocalz/virocore-rive-panel/android/sharedCode/../sharedCode/src/main/cpp/VROSceneRenderer.h:35:
C/C++: /Users/mikevocalz/virocore-rive-panel/android/sharedCode/../sharedCode/src/main/cpp/VRODriverOpenGLAndroid.h:116:10: warning: 'setSoundRoom' overrides a member function but is not marked 'override' [-Winconsistent-missing-override]
C/C++:   116 |     void setSoundRoom(float sizeX, float sizeY, float sizeZ, std::string wallMaterial,
C/C++:       |          ^
C/C++: /Users/mikevocalz/virocore-rive-panel/android/sharedCode/../../ViroRenderer/VRODriver.h:309:18: note: overridden virtual function is here
C/C++:   309 |     virtual void setSoundRoom(float sizeX, float sizeY, float sizeZ, std::string wallMaterial,
C/C++:       |                  ^
C/C++: In file included from /Users/mikevocalz/virocore-rive-panel/ViroRenderer/capi/ViroContext_JNI.cpp:33:
C/C++: In file included from /Users/mikevocalz/virocore-rive-panel/android/sharedCode/../sharedCode/src/main/cpp/jni/VRORenderer_JNI.h:30:
C/C++: In file included from /Users/mikevocalz/virocore-rive-panel/android/sharedCode/../sharedCode/src/main/cpp/VROSceneRenderer.h:35:
C/C++: /Users/mikevocalz/virocore-rive-panel/android/sharedCode/../sharedCode/src/main/cpp/VRODriverOpenGLAndroid.h:135:44: warning: 'createTypefaceCollection' overrides a member function but is not marked 'override' [-Winconsistent-missing-override]
C/C++:   135 |     std::shared_ptr<VROTypefaceCollection> createTypefaceCollection(std::string typefaceNames, int size, VROFontStyle style,
C/C++:       |                                            ^
C/C++: /Users/mikevocalz/virocore-rive-panel/android/sharedCode/../../ViroRenderer/VRODriverOpenGL.h:628:52: note: overridden virtual function is here
C/C++:   628 |     virtual std::shared_ptr<VROTypefaceCollection> createTypefaceCollection(std::string typefaces, int size, VROFontStyle style,
C/C++:       |                                                    ^
C/C++: 51 warnings generated.
C/C++: In file included from /Users/mikevocalz/virocore-rive-panel/android/sharedCode/src/main/cpp/VROSceneRendererSceneView.cpp:27:
C/C++: In file included from /Users/mikevocalz/virocore-rive-panel/android/sharedCode/src/main/cpp/VROSceneRendererSceneView.h:35:
C/C++: In file included from /Users/mikevocalz/virocore-rive-panel/android/sharedCode/src/main/cpp/VROSceneRenderer.h:35:
C/C++: In file included from /Users/mikevocalz/virocore-rive-panel/android/sharedCode/src/main/cpp/VRODriverOpenGLAndroid.h:31:
C/C++: In file included from /Users/mikevocalz/virocore-rive-panel/android/sharedCode/../../ViroRenderer/VRODriverOpenGL.h:37:
C/C++: /Users/mikevocalz/virocore-rive-panel/android/sharedCode/../../ViroRenderer/VROMaterialSubstrateOpenGL.h:69:10: warning: 'bindShader' overrides a member function but is not marked 'override' [-Winconsistent-missing-override]
C/C++:    69 |     bool bindShader(int lightsHash,
C/C++:       |          ^
C/C++: /Users/mikevocalz/virocore-rive-panel/android/sharedCode/../../ViroRenderer/VROMaterialSubstrate.h:70:18: note: overridden virtual function is here
C/C++:    70 |     virtual bool bindShader(int lightsHash,
C/C++:       |                  ^
C/C++: In file included from /Users/mikevocalz/virocore-rive-panel/android/sharedCode/src/main/cpp/VROSceneRendererSceneView.cpp:27:
C/C++: In file included from /Users/mikevocalz/virocore-rive-panel/android/sharedCode/src/main/cpp/VROSceneRendererSceneView.h:35:
C/C++: In file included from /Users/mikevocalz/virocore-rive-panel/android/sharedCode/src/main/cpp/VROSceneRenderer.h:35:
C/C++: In file included from /Users/mikevocalz/virocore-rive-panel/android/sharedCode/src/main/cpp/VRODriverOpenGLAndroid.h:31:
C/C++: In file included from /Users/mikevocalz/virocore-rive-panel/android/sharedCode/../../ViroRenderer/VRODriverOpenGL.h:37:
C/C++: /Users/mikevocalz/virocore-rive-panel/android/sharedCode/../../ViroRenderer/VROMaterialSubstrateOpenGL.h:79:10: warning: 'bindProperties' overrides a member function but is not marked 'override' [-Winconsistent-missing-override]
C/C++:    79 |     void bindProperties(std::shared_ptr<VRODriver> &driver);
C/C++:       |          ^
C/C++: /Users/mikevocalz/virocore-rive-panel/android/sharedCode/../../ViroRenderer/VROMaterialSubstrate.h:80:18: note: overridden virtual function is here
C/C++:    80 |     virtual void bindProperties(std::shared_ptr<VRODriver> &driver) = 0;
C/C++:       |                  ^
C/C++: In file included from /Users/mikevocalz/virocore-rive-panel/android/sharedCode/src/main/cpp/VROSceneRendererSceneView.cpp:27:
C/C++: In file included from /Users/mikevocalz/virocore-rive-panel/android/sharedCode/src/main/cpp/VROSceneRendererSceneView.h:35:
C/C++: In file included from /Users/mikevocalz/virocore-rive-panel/android/sharedCode/src/main/cpp/VROSceneRenderer.h:35:
C/C++: In file included from /Users/mikevocalz/virocore-rive-panel/android/sharedCode/src/main/cpp/VRODriverOpenGLAndroid.h:31:
C/C++: In file included from /Users/mikevocalz/virocore-rive-panel/android/sharedCode/../../ViroRenderer/VRODriverOpenGL.h:37:
C/C++: /Users/mikevocalz/virocore-rive-panel/android/sharedCode/../../ViroRenderer/VROMaterialSubstrateOpenGL.h:86:10: warning: 'bindGeometry' overrides a member function but is not marked 'override' [-Winconsistent-missing-override]
C/C++:    86 |     void bindGeometry(float opacity, const VROGeometry &geometry);
C/C++:       |          ^
C/C++: /Users/mikevocalz/virocore-rive-panel/android/sharedCode/../../ViroRenderer/VROMaterialSubstrate.h:87:18: note: overridden virtual function is here
C/C++:    87 |     virtual void bindGeometry(float opacity, const VROGeometry &geometry) = 0;
C/C++:       |                  ^
C/C++: In file included from /Users/mikevocalz/virocore-rive-panel/android/sharedCode/src/main/cpp/VROSceneRendererSceneView.cpp:27:
C/C++: In file included from /Users/mikevocalz/virocore-rive-panel/android/sharedCode/src/main/cpp/VROSceneRendererSceneView.h:35:
C/C++: In file included from /Users/mikevocalz/virocore-rive-panel/android/sharedCode/src/main/cpp/VROSceneRenderer.h:35:
C/C++: In file included from /Users/mikevocalz/virocore-rive-panel/android/sharedCode/src/main/cpp/VRODriverOpenGLAndroid.h:31:
C/C++: In file included from /Users/mikevocalz/virocore-rive-panel/android/sharedCode/../../ViroRenderer/VRODriverOpenGL.h:38:
C/C++: /Users/mikevocalz/virocore-rive-panel/android/sharedCode/../../ViroRenderer/VROTextureSubstrateOpenGL.h:94:10: warning: 'updateWrapMode' overrides a member function but is not marked 'override' [-Winconsistent-missing-override]
C/C++:    94 |     void updateWrapMode(VROWrapMode wrapModeS, VROWrapMode wrapModeT);
C/C++:       |          ^
C/C++: /Users/mikevocalz/virocore-rive-panel/android/sharedCode/../../ViroRenderer/VROTextureSubstrate.h:37:18: note: overridden virtual function is here
C/C++:    37 |     virtual void updateWrapMode(VROWrapMode wrapModeS, VROWrapMode wrapModeT) = 0;
C/C++:       |                  ^
C/C++: In file included from /Users/mikevocalz/virocore-rive-panel/android/sharedCode/src/main/cpp/VROSceneRendererSceneView.cpp:27:
C/C++: In file included from /Users/mikevocalz/virocore-rive-panel/android/sharedCode/src/main/cpp/VROSceneRendererSceneView.h:35:
C/C++: In file included from /Users/mikevocalz/virocore-rive-panel/android/sharedCode/src/main/cpp/VROSceneRenderer.h:35:
C/C++: In file included from /Users/mikevocalz/virocore-rive-panel/android/sharedCode/src/main/cpp/VRODriverOpenGLAndroid.h:31:
C/C++: /Users/mikevocalz/virocore-rive-panel/android/sharedCode/../../ViroRenderer/VRODriverOpenGL.h:64:10: warning: 'willRenderFrame' overrides a member function but is not marked 'override' [-Winconsistent-missing-override]
C/C++:    64 |     void willRenderFrame(const VRORenderContext &context) {
C/C++:       |          ^
C/C++: /Users/mikevocalz/virocore-rive-panel/android/sharedCode/../../ViroRenderer/VRODriver.h:172:18: note: overridden virtual function is here
C/C++:   172 |     virtual void willRenderFrame(const VRORenderContext &context) = 0;
C/C++:       |                  ^
C/C++: In file included from /Users/mikevocalz/virocore-rive-panel/android/sharedCode/src/main/cpp/VROSceneRendererSceneView.cpp:27:
C/C++: In file included from /Users/mikevocalz/virocore-rive-panel/android/sharedCode/src/main/cpp/VROSceneRendererSceneView.h:35:
C/C++: In file included from /Users/mikevocalz/virocore-rive-panel/android/sharedCode/src/main/cpp/VROSceneRenderer.h:35:
C/C++: In file included from /Users/mikevocalz/virocore-rive-panel/android/sharedCode/src/main/cpp/VRODriverOpenGLAndroid.h:31:
C/C++: /Users/mikevocalz/virocore-rive-panel/android/sharedCode/../../ViroRenderer/VRODriverOpenGL.h:152:10: warning: 'didRenderFrame' overrides a member function but is not marked 'override' [-Winconsistent-missing-override]
C/C++:   152 |     void didRenderFrame(const VROFrameTimer &timer, const VRORenderContext &context) {
C/C++:       |          ^
C/C++: /Users/mikevocalz/virocore-rive-panel/android/sharedCode/../../ViroRenderer/VRODriver.h:173:18: note: overridden virtual function is here
C/C++:   173 |     virtual void didRenderFrame(const VROFrameTimer &timer, const VRORenderContext &context) = 0;
C/C++:       |                  ^
C/C++: In file included from /Users/mikevocalz/virocore-rive-panel/android/sharedCode/src/main/cpp/VROSceneRendererSceneView.cpp:27:
C/C++: In file included from /Users/mikevocalz/virocore-rive-panel/android/sharedCode/src/main/cpp/VROSceneRendererSceneView.h:35:
C/C++: In file included from /Users/mikevocalz/virocore-rive-panel/android/sharedCode/src/main/cpp/VROSceneRenderer.h:35:
C/C++: In file included from /Users/mikevocalz/virocore-rive-panel/android/sharedCode/src/main/cpp/VRODriverOpenGLAndroid.h:31:
C/C++: /Users/mikevocalz/virocore-rive-panel/android/sharedCode/../../ViroRenderer/VRODriverOpenGL.h:166:10: warning: 'willRenderEye' overrides a member function but is not marked 'override' [-Winconsistent-missing-override]
C/C++:   166 |     void willRenderEye(const VRORenderContext &context) {
C/C++:       |          ^
C/C++: /Users/mikevocalz/virocore-rive-panel/android/sharedCode/../../ViroRenderer/VRODriver.h:179:18: note: overridden virtual function is here
C/C++:   179 |     virtual void willRenderEye(const VRORenderContext &context) = 0;
C/C++:       |                  ^
C/C++: In file included from /Users/mikevocalz/virocore-rive-panel/android/sharedCode/src/main/cpp/VROSceneRendererSceneView.cpp:27:
C/C++: In file included from /Users/mikevocalz/virocore-rive-panel/android/sharedCode/src/main/cpp/VROSceneRendererSceneView.h:35:
C/C++: In file included from /Users/mikevocalz/virocore-rive-panel/android/sharedCode/src/main/cpp/VROSceneRenderer.h:35:
C/C++: In file included from /Users/mikevocalz/virocore-rive-panel/android/sharedCode/src/main/cpp/VRODriverOpenGLAndroid.h:31:
C/C++: /Users/mikevocalz/virocore-rive-panel/android/sharedCode/../../ViroRenderer/VRODriverOpenGL.h:170:10: warning: 'didRenderEye' overrides a member function but is not marked 'override' [-Winconsistent-missing-override]
C/C++:   170 |     void didRenderEye(const VRORenderContext &context) {
C/C++:       |          ^
C/C++: /Users/mikevocalz/virocore-rive-panel/android/sharedCode/../../ViroRenderer/VRODriver.h:180:18: note: overridden virtual function is here
C/C++:   180 |     virtual void didRenderEye(const VRORenderContext &context) = 0;
C/C++:       |                  ^
C/C++: In file included from /Users/mikevocalz/virocore-rive-panel/android/sharedCode/src/main/cpp/VROSceneRendererSceneView.cpp:27:
C/C++: In file included from /Users/mikevocalz/virocore-rive-panel/android/sharedCode/src/main/cpp/VROSceneRendererSceneView.h:35:
C/C++: In file included from /Users/mikevocalz/virocore-rive-panel/android/sharedCode/src/main/cpp/VROSceneRenderer.h:35:
C/C++: In file included from /Users/mikevocalz/virocore-rive-panel/android/sharedCode/src/main/cpp/VRODriverOpenGLAndroid.h:31:
C/C++: /Users/mikevocalz/virocore-rive-panel/android/sharedCode/../../ViroRenderer/VRODriverOpenGL.h:181:10: warning: 'setActiveTextureUnit' overrides a member function but is not marked 'override' [-Winconsistent-missing-override]
C/C++:   181 |     void setActiveTextureUnit(int unit) {
C/C++:       |          ^
C/C++: /Users/mikevocalz/virocore-rive-panel/android/sharedCode/../../ViroRenderer/VRODriver.h:212:18: note: overridden virtual function is here
C/C++:   212 |     virtual void setActiveTextureUnit(int unit) = 0;
C/C++:       |                  ^
C/C++: In file included from /Users/mikevocalz/virocore-rive-panel/android/sharedCode/src/main/cpp/VROSceneRendererSceneView.cpp:27:
C/C++: In file included from /Users/mikevocalz/virocore-rive-panel/android/sharedCode/src/main/cpp/VROSceneRendererSceneView.h:35:
C/C++: In file included from /Users/mikevocalz/virocore-rive-panel/android/sharedCode/src/main/cpp/VROSceneRenderer.h:35:
C/C++: In file included from /Users/mikevocalz/virocore-rive-panel/android/sharedCode/src/main/cpp/VRODriverOpenGLAndroid.h:31:
C/C++: /Users/mikevocalz/virocore-rive-panel/android/sharedCode/../../ViroRenderer/VRODriverOpenGL.h:197:10: warning: 'bindTexture' overrides a member function but is not marked 'override' [-Winconsistent-missing-override]
C/C++:   197 |     void bindTexture(int target, int texture) {
C/C++:       |          ^
C/C++: /Users/mikevocalz/virocore-rive-panel/android/sharedCode/../../ViroRenderer/VRODriver.h:213:18: note: overridden virtual function is here
C/C++:   213 |     virtual void bindTexture(int target, int texture) = 0;
C/C++:       |                  ^
C/C++: In file included from /Users/mikevocalz/virocore-rive-panel/android/sharedCode/src/main/cpp/VROSceneRendererSceneView.cpp:27:
C/C++: In file included from /Users/mikevocalz/virocore-rive-panel/android/sharedCode/src/main/cpp/VROSceneRendererSceneView.h:35:
C/C++: In file included from /Users/mikevocalz/virocore-rive-panel/android/sharedCode/src/main/cpp/VROSceneRenderer.h:35:
C/C++: In file included from /Users/mikevocalz/virocore-rive-panel/android/sharedCode/src/main/cpp/VRODriverOpenGLAndroid.h:31:
C/C++: /Users/mikevocalz/virocore-rive-panel/android/sharedCode/../../ViroRenderer/VRODriverOpenGL.h:204:10: warning: 'bindTexture' overrides a member function but is not marked 'override' [-Winconsistent-missing-override]
C/C++:   204 |     void bindTexture(int unit, int target, int texture) {
C/C++:       |          ^
C/C++: /Users/mikevocalz/virocore-rive-panel/android/sharedCode/../../ViroRenderer/VRODriver.h:214:18: note: overridden virtual function is here
C/C++:   214 |     virtual void bindTexture(int unit, int target, int texture) = 0;
C/C++:       |                  ^
C/C++: In file included from /Users/mikevocalz/virocore-rive-panel/android/sharedCode/src/main/cpp/VROSceneRendererSceneView.cpp:27:
C/C++: In file included from /Users/mikevocalz/virocore-rive-panel/android/sharedCode/src/main/cpp/VROSceneRendererSceneView.h:35:
C/C++: In file included from /Users/mikevocalz/virocore-rive-panel/android/sharedCode/src/main/cpp/VROSceneRenderer.h:35:
C/C++: In file included from /Users/mikevocalz/virocore-rive-panel/android/sharedCode/src/main/cpp/VRODriverOpenGLAndroid.h:31:
C/C++: /Users/mikevocalz/virocore-rive-panel/android/sharedCode/../../ViroRenderer/VRODriverOpenGL.h:234:10: warning: 'setDepthWritingEnabled' overrides a member function but is not marked 'override' [-Winconsistent-missing-override]
C/C++:   234 |     void setDepthWritingEnabled(bool enabled) {
C/C++:       |          ^
C/C++: /Users/mikevocalz/virocore-rive-panel/android/sharedCode/../../ViroRenderer/VRODriver.h:215:18: note: overridden virtual function is here
C/C++:   215 |     virtual void setDepthWritingEnabled(bool enabled) = 0;
C/C++:       |                  ^
C/C++: In file included from /Users/mikevocalz/virocore-rive-panel/android/sharedCode/src/main/cpp/VROSceneRendererSceneView.cpp:27:
C/C++: In file included from /Users/mikevocalz/virocore-rive-panel/android/sharedCode/src/main/cpp/VROSceneRendererSceneView.h:35:
C/C++: In file included from /Users/mikevocalz/virocore-rive-panel/android/sharedCode/src/main/cpp/VROSceneRenderer.h:35:
C/C++: In file included from /Users/mikevocalz/virocore-rive-panel/android/sharedCode/src/main/cpp/VRODriverOpenGLAndroid.h:31:
C/C++: /Users/mikevocalz/virocore-rive-panel/android/sharedCode/../../ViroRenderer/VRODriverOpenGL.h:248:10: warning: 'setDepthReadingEnabled' overrides a member function but is not marked 'override' [-Winconsistent-missing-override]
C/C++:   248 |     void setDepthReadingEnabled(bool enabled) {
C/C++:       |          ^
C/C++: /Users/mikevocalz/virocore-rive-panel/android/sharedCode/../../ViroRenderer/VRODriver.h:216:18: note: overridden virtual function is here
C/C++:   216 |     virtual void setDepthReadingEnabled(bool enabled) = 0;
C/C++:       |                  ^
C/C++: In file included from /Users/mikevocalz/virocore-rive-panel/android/sharedCode/src/main/cpp/VROSceneRendererSceneView.cpp:27:
C/C++: In file included from /Users/mikevocalz/virocore-rive-panel/android/sharedCode/src/main/cpp/VROSceneRendererSceneView.h:35:
C/C++: In file included from /Users/mikevocalz/virocore-rive-panel/android/sharedCode/src/main/cpp/VROSceneRenderer.h:35:
C/C++: In file included from /Users/mikevocalz/virocore-rive-panel/android/sharedCode/src/main/cpp/VRODriverOpenGLAndroid.h:31:
C/C++: /Users/mikevocalz/virocore-rive-panel/android/sharedCode/../../ViroRenderer/VRODriverOpenGL.h:262:10: warning: 'setStencilTestEnabled' overrides a member function but is not marked 'override' [-Winconsistent-missing-override]
C/C++:   262 |     void setStencilTestEnabled(bool enabled) {
C/C++:       |          ^
C/C++: /Users/mikevocalz/virocore-rive-panel/android/sharedCode/../../ViroRenderer/VRODriver.h:217:18: note: overridden virtual function is here
C/C++:   217 |     virtual void setStencilTestEnabled(bool enabled) = 0;
C/C++:       |                  ^
C/C++: In file included from /Users/mikevocalz/virocore-rive-panel/android/sharedCode/src/main/cpp/VROSceneRendererSceneView.cpp:27:
C/C++: In file included from /Users/mikevocalz/virocore-rive-panel/android/sharedCode/src/main/cpp/VROSceneRendererSceneView.h:35:
C/C++: In file included from /Users/mikevocalz/virocore-rive-panel/android/sharedCode/src/main/cpp/VROSceneRenderer.h:35:
C/C++: In file included from /Users/mikevocalz/virocore-rive-panel/android/sharedCode/src/main/cpp/VRODriverOpenGLAndroid.h:31:
C/C++: /Users/mikevocalz/virocore-rive-panel/android/sharedCode/../../ViroRenderer/VRODriverOpenGL.h:276:10: warning: 'setCullMode' overrides a member function but is not marked 'override' [-Winconsistent-missing-override]
C/C++:   276 |     void setCullMode(VROCullMode cullMode) {
C/C++:       |          ^
C/C++: /Users/mikevocalz/virocore-rive-panel/android/sharedCode/../../ViroRenderer/VRODriver.h:218:18: note: overridden virtual function is here
C/C++:   218 |     virtual void setCullMode(VROCullMode cullMode) = 0;
C/C++:       |                  ^
C/C++: In file included from /Users/mikevocalz/virocore-rive-panel/android/sharedCode/src/main/cpp/VROSceneRendererSceneView.cpp:27:
C/C++: In file included from /Users/mikevocalz/virocore-rive-panel/android/sharedCode/src/main/cpp/VROSceneRendererSceneView.h:35:
C/C++: In file included from /Users/mikevocalz/virocore-rive-panel/android/sharedCode/src/main/cpp/VROSceneRenderer.h:35:
C/C++: In file included from /Users/mikevocalz/virocore-rive-panel/android/sharedCode/src/main/cpp/VRODriverOpenGLAndroid.h:31:
C/C++: /Users/mikevocalz/virocore-rive-panel/android/sharedCode/../../ViroRenderer/VRODriverOpenGL.h:295:10: warning: 'setBlendingMode' overrides a member function but is not marked 'override' [-Winconsistent-missing-override]
C/C++:   295 |     void setBlendingMode(VROBlendMode mode) {
C/C++:       |          ^
C/C++: /Users/mikevocalz/virocore-rive-panel/android/sharedCode/../../ViroRenderer/VRODriver.h:311:18: note: overridden virtual function is here
C/C++:   311 |     virtual void setBlendingMode(VROBlendMode mode) = 0;
C/C++:       |                  ^
C/C++: In file included from /Users/mikevocalz/virocore-rive-panel/android/sharedCode/src/main/cpp/VROSceneRendererSceneView.cpp:27:
C/C++: In file included from /Users/mikevocalz/virocore-rive-panel/android/sharedCode/src/main/cpp/VROSceneRendererSceneView.h:35:
C/C++: In file included from /Users/mikevocalz/virocore-rive-panel/android/sharedCode/src/main/cpp/VROSceneRenderer.h:35:
C/C++: In file included from /Users/mikevocalz/virocore-rive-panel/android/sharedCode/src/main/cpp/VRODriverOpenGLAndroid.h:31:
C/C++: /Users/mikevocalz/virocore-rive-panel/android/sharedCode/../../ViroRenderer/VRODriverOpenGL.h:339:10: warning: 'setRenderTargetColorWritingMask' overrides a member function but is not marked 'override' [-Winconsistent-missing-override]
C/C++:   339 |     void setRenderTargetColorWritingMask(VROColorMask mask) {
C/C++:       |          ^
C/C++: /Users/mikevocalz/virocore-rive-panel/android/sharedCode/../../ViroRenderer/VRODriver.h:219:18: note: overridden virtual function is here
C/C++:   219 |     virtual void setRenderTargetColorWritingMask(VROColorMask mask) = 0;
C/C++:       |                  ^
C/C++: In file included from /Users/mikevocalz/virocore-rive-panel/android/sharedCode/src/main/cpp/VROSceneRendererSceneView.cpp:27:
C/C++: In file included from /Users/mikevocalz/virocore-rive-panel/android/sharedCode/src/main/cpp/VROSceneRendererSceneView.h:35:
C/C++: In file included from /Users/mikevocalz/virocore-rive-panel/android/sharedCode/src/main/cpp/VROSceneRenderer.h:35:
C/C++: In file included from /Users/mikevocalz/virocore-rive-panel/android/sharedCode/src/main/cpp/VRODriverOpenGLAndroid.h:31:
C/C++: /Users/mikevocalz/virocore-rive-panel/android/sharedCode/../../ViroRenderer/VRODriverOpenGL.h:347:10: warning: 'setMaterialColorWritingMask' overrides a member function but is not marked 'override' [-Winconsistent-missing-override]
C/C++:   347 |     void setMaterialColorWritingMask(VROColorMask mask) {
C/C++:       |          ^
C/C++: /Users/mikevocalz/virocore-rive-panel/android/sharedCode/../../ViroRenderer/VRODriver.h:220:18: note: overridden virtual function is here
C/C++:   220 |     virtual void setMaterialColorWritingMask(VROColorMask mask) = 0;
C/C++:       |                  ^
C/C++: In file included from /Users/mikevocalz/virocore-rive-panel/android/sharedCode/src/main/cpp/VROSceneRendererSceneView.cpp:27:
C/C++: In file included from /Users/mikevocalz/virocore-rive-panel/android/sharedCode/src/main/cpp/VROSceneRendererSceneView.h:35:
C/C++: In file included from /Users/mikevocalz/virocore-rive-panel/android/sharedCode/src/main/cpp/VROSceneRenderer.h:35:
C/C++: In file included from /Users/mikevocalz/virocore-rive-panel/android/sharedCode/src/main/cpp/VRODriverOpenGLAndroid.h:31:
C/C++: /Users/mikevocalz/virocore-rive-panel/android/sharedCode/../../ViroRenderer/VRODriverOpenGL.h:355:10: warning: 'bindShader' overrides a member function but is not marked 'override' [-Winconsistent-missing-override]
C/C++:   355 |     void bindShader(std::shared_ptr<VROShaderProgram> program) {
C/C++:       |          ^
C/C++: /Users/mikevocalz/virocore-rive-panel/android/sharedCode/../../ViroRenderer/VRODriver.h:221:18: note: overridden virtual function is here
C/C++:   221 |     virtual void bindShader(std::shared_ptr<VROShaderProgram> program) = 0;
C/C++:       |                  ^
C/C++: In file included from /Users/mikevocalz/virocore-rive-panel/android/sharedCode/src/main/cpp/VROSceneRendererSceneView.cpp:27:
C/C++: In file included from /Users/mikevocalz/virocore-rive-panel/android/sharedCode/src/main/cpp/VROSceneRendererSceneView.h:35:
C/C++: In file included from /Users/mikevocalz/virocore-rive-panel/android/sharedCode/src/main/cpp/VROSceneRenderer.h:35:
C/C++: In file included from /Users/mikevocalz/virocore-rive-panel/android/sharedCode/src/main/cpp/VRODriverOpenGLAndroid.h:31:
C/C++: /Users/mikevocalz/virocore-rive-panel/android/sharedCode/../../ViroRenderer/VRODriverOpenGL.h:373:10: warning: 'unbindShader' overrides a member function but is not marked 'override' [-Winconsistent-missing-override]
C/C++:   373 |     void unbindShader() {
C/C++:       |          ^
C/C++: /Users/mikevocalz/virocore-rive-panel/android/sharedCode/../../ViroRenderer/VRODriver.h:222:18: note: overridden virtual function is here
C/C++:   222 |     virtual void unbindShader() = 0;
C/C++:       |                  ^
C/C++: In file included from /Users/mikevocalz/virocore-rive-panel/android/sharedCode/src/main/cpp/VROSceneRendererSceneView.cpp:27:
C/C++: In file included from /Users/mikevocalz/virocore-rive-panel/android/sharedCode/src/main/cpp/VROSceneRendererSceneView.h:35:
C/C++: In file included from /Users/mikevocalz/virocore-rive-panel/android/sharedCode/src/main/cpp/VROSceneRenderer.h:35:
C/C++: In file included from /Users/mikevocalz/virocore-rive-panel/android/sharedCode/src/main/cpp/VRODriverOpenGLAndroid.h:31:
C/C++: /Users/mikevocalz/virocore-rive-panel/android/sharedCode/../../ViroRenderer/VRODriverOpenGL.h:381:10: warning: 'bindRenderTarget' overrides a member function but is not marked 'override' [-Winconsistent-missing-override]
C/C++:   381 |     bool bindRenderTarget(std::shared_ptr<VRORenderTarget> target, VRORenderTargetUnbindOp unbindOp) {
C/C++:       |          ^
C/C++: /Users/mikevocalz/virocore-rive-panel/android/sharedCode/../../ViroRenderer/VRODriver.h:229:18: note: overridden virtual function is here
C/C++:   229 |     virtual bool bindRenderTarget(std::shared_ptr<VRORenderTarget> target, VRORenderTargetUnbindOp unbindOp) = 0;
C/C++:       |                  ^
C/C++: In file included from /Users/mikevocalz/virocore-rive-panel/android/sharedCode/src/main/cpp/VROSceneRendererSceneView.cpp:27:
C/C++: In file included from /Users/mikevocalz/virocore-rive-panel/android/sharedCode/src/main/cpp/VROSceneRendererSceneView.h:35:
C/C++: In file included from /Users/mikevocalz/virocore-rive-panel/android/sharedCode/src/main/cpp/VROSceneRenderer.h:35:
C/C++: In file included from /Users/mikevocalz/virocore-rive-panel/android/sharedCode/src/main/cpp/VRODriverOpenGLAndroid.h:31:
C/C++: /Users/mikevocalz/virocore-rive-panel/android/sharedCode/../../ViroRenderer/VRODriverOpenGL.h:416:10: warning: 'unbindRenderTarget' overrides a member function but is not marked 'override' [-Winconsistent-missing-override]
C/C++:   416 |     void unbindRenderTarget() {
C/C++:       |          ^
C/C++: /Users/mikevocalz/virocore-rive-panel/android/sharedCode/../../ViroRenderer/VRODriver.h:230:18: note: overridden virtual function is here
C/C++:   230 |     virtual void unbindRenderTarget() = 0;
C/C++:       |                  ^
C/C++: In file included from /Users/mikevocalz/virocore-rive-panel/android/sharedCode/src/main/cpp/VROSceneRendererSceneView.cpp:27:
C/C++: In file included from /Users/mikevocalz/virocore-rive-panel/android/sharedCode/src/main/cpp/VROSceneRendererSceneView.h:35:
C/C++: In file included from /Users/mikevocalz/virocore-rive-panel/android/sharedCode/src/main/cpp/VROSceneRenderer.h:35:
C/C++: In file included from /Users/mikevocalz/virocore-rive-panel/android/sharedCode/src/main/cpp/VRODriverOpenGLAndroid.h:31:
C/C++: /Users/mikevocalz/virocore-rive-panel/android/sharedCode/../../ViroRenderer/VRODriverOpenGL.h:424:38: warning: 'getRenderTarget' overrides a member function but is not marked 'override' [-Winconsistent-missing-override]
C/C++:   424 |     std::shared_ptr<VRORenderTarget> getRenderTarget() {
C/C++:       |                                      ^
C/C++: /Users/mikevocalz/virocore-rive-panel/android/sharedCode/../../ViroRenderer/VRODriver.h:236:46: note: overridden virtual function is here
C/C++:   236 |     virtual std::shared_ptr<VRORenderTarget> getRenderTarget() = 0;
C/C++:       |                                              ^
C/C++: In file included from /Users/mikevocalz/virocore-rive-panel/android/sharedCode/src/main/cpp/VROSceneRendererSceneView.cpp:27:
C/C++: In file included from /Users/mikevocalz/virocore-rive-panel/android/sharedCode/src/main/cpp/VROSceneRendererSceneView.h:35:
C/C++: In file included from /Users/mikevocalz/virocore-rive-panel/android/sharedCode/src/main/cpp/VROSceneRenderer.h:35:
C/C++: In file included from /Users/mikevocalz/virocore-rive-panel/android/sharedCode/src/main/cpp/VRODriverOpenGLAndroid.h:31:
C/C++: /Users/mikevocalz/virocore-rive-panel/android/sharedCode/../../ViroRenderer/VRODriverOpenGL.h:428:18: warning: 'isBloomSupported' overrides a member function but is not marked 'override' [-Winconsistent-missing-override]
C/C++:   428 |     virtual bool isBloomSupported() {
C/C++:       |                  ^
C/C++: /Users/mikevocalz/virocore-rive-panel/android/sharedCode/../../ViroRenderer/VRODriver.h:267:18: note: overridden virtual function is here
C/C++:   267 |     virtual bool isBloomSupported() = 0;
C/C++:       |                  ^
C/C++: In file included from /Users/mikevocalz/virocore-rive-panel/android/sharedCode/src/main/cpp/VROSceneRendererSceneView.cpp:27:
C/C++: In file included from /Users/mikevocalz/virocore-rive-panel/android/sharedCode/src/main/cpp/VROSceneRendererSceneView.h:35:
C/C++: In file included from /Users/mikevocalz/virocore-rive-panel/android/sharedCode/src/main/cpp/VROSceneRenderer.h:35:
C/C++: In file included from /Users/mikevocalz/virocore-rive-panel/android/sharedCode/src/main/cpp/VRODriverOpenGLAndroid.h:31:
C/C++: /Users/mikevocalz/virocore-rive-panel/android/sharedCode/../../ViroRenderer/VRODriverOpenGL.h:432:27: warning: 'newGeometrySubstrate' overrides a member function but is not marked 'override' [-Winconsistent-missing-override]
C/C++:   432 |     VROGeometrySubstrate *newGeometrySubstrate(const VROGeometry &geometry) {
C/C++:       |                           ^
C/C++: /Users/mikevocalz/virocore-rive-panel/android/sharedCode/../../ViroRenderer/VRODriver.h:269:35: note: overridden virtual function is here
C/C++:   269 |     virtual VROGeometrySubstrate *newGeometrySubstrate(const VROGeometry &geometry) = 0;
C/C++:       |                                   ^
C/C++: In file included from /Users/mikevocalz/virocore-rive-panel/android/sharedCode/src/main/cpp/VROSceneRendererSceneView.cpp:27:
C/C++: In file included from /Users/mikevocalz/virocore-rive-panel/android/sharedCode/src/main/cpp/VROSceneRendererSceneView.h:35:
C/C++: In file included from /Users/mikevocalz/virocore-rive-panel/android/sharedCode/src/main/cpp/VROSceneRenderer.h:35:
C/C++: In file included from /Users/mikevocalz/virocore-rive-panel/android/sharedCode/src/main/cpp/VRODriverOpenGLAndroid.h:31:
C/C++: /Users/mikevocalz/virocore-rive-panel/android/sharedCode/../../ViroRenderer/VRODriverOpenGL.h:437:27: warning: 'newMaterialSubstrate' overrides a member function but is not marked 'override' [-Winconsistent-missing-override]
C/C++:   437 |     VROMaterialSubstrate *newMaterialSubstrate(VROMaterial &material) {
C/C++:       |                           ^
C/C++: /Users/mikevocalz/virocore-rive-panel/android/sharedCode/../../ViroRenderer/VRODriver.h:270:35: note: overridden virtual function is here
C/C++:   270 |     virtual VROMaterialSubstrate *newMaterialSubstrate(VROMaterial &material) = 0;
C/C++:       |                                   ^
C/C++: In file included from /Users/mikevocalz/virocore-rive-panel/android/sharedCode/src/main/cpp/VROSceneRendererSceneView.cpp:27:
C/C++: In file included from /Users/mikevocalz/virocore-rive-panel/android/sharedCode/src/main/cpp/VROSceneRendererSceneView.h:35:
C/C++: In file included from /Users/mikevocalz/virocore-rive-panel/android/sharedCode/src/main/cpp/VROSceneRenderer.h:35:
C/C++: In file included from /Users/mikevocalz/virocore-rive-panel/android/sharedCode/src/main/cpp/VRODriverOpenGLAndroid.h:31:
C/C++: /Users/mikevocalz/virocore-rive-panel/android/sharedCode/../../ViroRenderer/VRODriverOpenGL.h:442:26: warning: 'newTextureSubstrate' overrides a member function but is not marked 'override' [-Winconsistent-missing-override]
C/C++:   442 |     VROTextureSubstrate *newTextureSubstrate(VROTextureType type,
C/C++:       |                          ^
C/C++: /Users/mikevocalz/virocore-rive-panel/android/sharedCode/../../ViroRenderer/VRODriver.h:271:34: note: overridden virtual function is here
C/C++:   271 |     virtual VROTextureSubstrate *newTextureSubstrate(VROTextureType type,
C/C++:       |                                  ^
C/C++: In file included from /Users/mikevocalz/virocore-rive-panel/android/sharedCode/src/main/cpp/VROSceneRendererSceneView.cpp:27:
C/C++: In file included from /Users/mikevocalz/virocore-rive-panel/android/sharedCode/src/main/cpp/VROSceneRendererSceneView.h:35:
C/C++: In file included from /Users/mikevocalz/virocore-rive-panel/android/sharedCode/src/main/cpp/VROSceneRenderer.h:35:
C/C++: In file included from /Users/mikevocalz/virocore-rive-panel/android/sharedCode/src/main/cpp/VRODriverOpenGLAndroid.h:31:
C/C++: /Users/mikevocalz/virocore-rive-panel/android/sharedCode/../../ViroRenderer/VRODriverOpenGL.h:457:38: warning: 'newRenderTarget' overrides a member function but is not marked 'override' [-Winconsistent-missing-override]
C/C++:   457 |     std::shared_ptr<VRORenderTarget> newRenderTarget(VRORenderTargetType type, int numAttachments, int numImages, bool enableMipmaps,
C/C++:       |                                      ^
C/C++: /Users/mikevocalz/virocore-rive-panel/android/sharedCode/../../ViroRenderer/VRODriver.h:279:46: note: overridden virtual function is here
C/C++:   279 |     virtual std::shared_ptr<VRORenderTarget> newRenderTarget(VRORenderTargetType type, int numAttachments, int numImages,
C/C++:       |                                              ^
C/C++: In file included from /Users/mikevocalz/virocore-rive-panel/android/sharedCode/src/main/cpp/VROSceneRendererSceneView.cpp:27:
C/C++: In file included from /Users/mikevocalz/virocore-rive-panel/android/sharedCode/src/main/cpp/VROSceneRendererSceneView.h:35:
C/C++: In file included from /Users/mikevocalz/virocore-rive-panel/android/sharedCode/src/main/cpp/VROSceneRenderer.h:35:
C/C++: In file included from /Users/mikevocalz/virocore-rive-panel/android/sharedCode/src/main/cpp/VRODriverOpenGLAndroid.h:31:
C/C++: /Users/mikevocalz/virocore-rive-panel/android/sharedCode/../../ViroRenderer/VRODriverOpenGL.h:465:38: warning: 'newVertexBuffer' overrides a member function but is not marked 'override' [-Winconsistent-missing-override]
C/C++:   465 |     std::shared_ptr<VROVertexBuffer> newVertexBuffer(std::shared_ptr<VROData> data) {
C/C++:       |                                      ^
C/C++: /Users/mikevocalz/virocore-rive-panel/android/sharedCode/../../ViroRenderer/VRODriver.h:281:46: note: overridden virtual function is here
C/C++:   281 |     virtual std::shared_ptr<VROVertexBuffer> newVertexBuffer(std::shared_ptr<VROData> data) = 0;
C/C++:       |                                              ^
C/C++: In file included from /Users/mikevocalz/virocore-rive-panel/android/sharedCode/src/main/cpp/VROSceneRendererSceneView.cpp:27:
C/C++: In file included from /Users/mikevocalz/virocore-rive-panel/android/sharedCode/src/main/cpp/VROSceneRendererSceneView.h:35:
C/C++: In file included from /Users/mikevocalz/virocore-rive-panel/android/sharedCode/src/main/cpp/VROSceneRenderer.h:35:
C/C++: In file included from /Users/mikevocalz/virocore-rive-panel/android/sharedCode/src/main/cpp/VRODriverOpenGLAndroid.h:31:
C/C++: /Users/mikevocalz/virocore-rive-panel/android/sharedCode/../../ViroRenderer/VRODriverOpenGL.h:476:42: warning: 'newImagePostProcess' overrides a member function but is not marked 'override' [-Winconsistent-missing-override]
C/C++:   476 |     std::shared_ptr<VROImagePostProcess> newImagePostProcess(std::shared_ptr<VROShaderProgram> shader) {
C/C++:       |                                          ^
C/C++: /Users/mikevocalz/virocore-rive-panel/android/sharedCode/../../ViroRenderer/VRODriver.h:293:50: note: overridden virtual function is here
C/C++:   293 |     virtual std::shared_ptr<VROImagePostProcess> newImagePostProcess(std::shared_ptr<VROShaderProgram> shader) = 0;
C/C++:       |                                                  ^
C/C++: In file included from /Users/mikevocalz/virocore-rive-panel/android/sharedCode/src/main/cpp/VROSceneRendererSceneView.cpp:27:
C/C++: In file included from /Users/mikevocalz/virocore-rive-panel/android/sharedCode/src/main/cpp/VROSceneRendererSceneView.h:35:
C/C++: In file included from /Users/mikevocalz/virocore-rive-panel/android/sharedCode/src/main/cpp/VROSceneRenderer.h:35:
C/C++: In file included from /Users/mikevocalz/virocore-rive-panel/android/sharedCode/src/main/cpp/VRODriverOpenGLAndroid.h:31:
C/C++: /Users/mikevocalz/virocore-rive-panel/android/sharedCode/../../ViroRenderer/VRODriverOpenGL.h:480:10: warning: 'readGPUType' overrides a member function but is not marked 'override' [-Winconsistent-missing-override]
C/C++:   480 |     void readGPUType() {
C/C++:       |          ^
C/C++: /Users/mikevocalz/virocore-rive-panel/android/sharedCode/../../ViroRenderer/VRODriver.h:193:18: note: overridden virtual function is here
C/C++:   193 |     virtual void readGPUType() = 0;
C/C++:       |                  ^
C/C++: In file included from /Users/mikevocalz/virocore-rive-panel/android/sharedCode/src/main/cpp/VROSceneRendererSceneView.cpp:27:
C/C++: In file included from /Users/mikevocalz/virocore-rive-panel/android/sharedCode/src/main/cpp/VROSceneRendererSceneView.h:35:
C/C++: In file included from /Users/mikevocalz/virocore-rive-panel/android/sharedCode/src/main/cpp/VROSceneRenderer.h:35:
C/C++: In file included from /Users/mikevocalz/virocore-rive-panel/android/sharedCode/src/main/cpp/VRODriverOpenGLAndroid.h:31:
C/C++: /Users/mikevocalz/virocore-rive-panel/android/sharedCode/../../ViroRenderer/VRODriverOpenGL.h:507:10: warning: 'setHasSoftwareGammaPass' overrides a member function but is not marked 'override' [-Winconsistent-missing-override]
C/C++:   507 |     void setHasSoftwareGammaPass(bool gammaPass) {
C/C++:       |          ^
C/C++: /Users/mikevocalz/virocore-rive-panel/android/sharedCode/../../ViroRenderer/VRODriver.h:248:18: note: overridden virtual function is here
C/C++:   248 |     virtual void setHasSoftwareGammaPass(bool softwareGamma) = 0;
C/C++:       |                  ^
C/C++: In file included from /Users/mikevocalz/virocore-rive-panel/android/sharedCode/src/main/cpp/VROSceneRendererSceneView.cpp:27:
C/C++: In file included from /Users/mikevocalz/virocore-rive-panel/android/sharedCode/src/main/cpp/VROSceneRendererSceneView.h:35:
C/C++: In file included from /Users/mikevocalz/virocore-rive-panel/android/sharedCode/src/main/cpp/VROSceneRenderer.h:35:
C/C++: In file included from /Users/mikevocalz/virocore-rive-panel/android/sharedCode/src/main/cpp/VRODriverOpenGLAndroid.h:31:
C/C++: /Users/mikevocalz/virocore-rive-panel/android/sharedCode/../../ViroRenderer/VRODriverOpenGL.h:510:10: warning: 'hasSoftwareGammaPass' overrides a member function but is not marked 'override' [-Winconsistent-missing-override]
C/C++:   510 |     bool hasSoftwareGammaPass() const {
C/C++:       |          ^
C/C++: /Users/mikevocalz/virocore-rive-panel/android/sharedCode/../../ViroRenderer/VRODriver.h:249:18: note: overridden virtual function is here
C/C++:   249 |     virtual bool hasSoftwareGammaPass() const = 0;
C/C++:       |                  ^
C/C++: In file included from /Users/mikevocalz/virocore-rive-panel/android/sharedCode/src/main/cpp/VROSceneRendererSceneView.cpp:27:
C/C++: In file included from /Users/mikevocalz/virocore-rive-panel/android/sharedCode/src/main/cpp/VROSceneRendererSceneView.h:35:
C/C++: In file included from /Users/mikevocalz/virocore-rive-panel/android/sharedCode/src/main/cpp/VROSceneRenderer.h:35:
C/C++: In file included from /Users/mikevocalz/virocore-rive-panel/android/sharedCode/src/main/cpp/VRODriverOpenGLAndroid.h:31:
C/C++: /Users/mikevocalz/virocore-rive-panel/android/sharedCode/../../ViroRenderer/VRODriverOpenGL.h:514:16: warning: 'getGPUType' overrides a member function but is not marked 'override' [-Winconsistent-missing-override]
C/C++:   514 |     VROGPUType getGPUType() {
C/C++:       |                ^
C/C++: /Users/mikevocalz/virocore-rive-panel/android/sharedCode/../../ViroRenderer/VRODriver.h:198:24: note: overridden virtual function is here
C/C++:   198 |     virtual VROGPUType getGPUType() = 0;
C/C++:       |                        ^
C/C++: In file included from /Users/mikevocalz/virocore-rive-panel/android/sharedCode/src/main/cpp/VROSceneRendererSceneView.cpp:27:
C/C++: In file included from /Users/mikevocalz/virocore-rive-panel/android/sharedCode/src/main/cpp/VROSceneRendererSceneView.h:35:
C/C++: In file included from /Users/mikevocalz/virocore-rive-panel/android/sharedCode/src/main/cpp/VROSceneRenderer.h:35:
C/C++: In file included from /Users/mikevocalz/virocore-rive-panel/android/sharedCode/src/main/cpp/VRODriverOpenGLAndroid.h:31:
C/C++: /Users/mikevocalz/virocore-rive-panel/android/sharedCode/../../ViroRenderer/VRODriverOpenGL.h:518:10: warning: 'readDisplayFramebuffer' overrides a member function but is not marked 'override' [-Winconsistent-missing-override]
C/C++:   518 |     void readDisplayFramebuffer() {
C/C++:       |          ^
C/C++: /Users/mikevocalz/virocore-rive-panel/android/sharedCode/../../ViroRenderer/VRODriver.h:205:18: note: overridden virtual function is here
C/C++:   205 |     virtual void readDisplayFramebuffer() = 0;
C/C++:       |                  ^
C/C++: In file included from /Users/mikevocalz/virocore-rive-panel/android/sharedCode/src/main/cpp/VROSceneRendererSceneView.cpp:27:
C/C++: In file included from /Users/mikevocalz/virocore-rive-panel/android/sharedCode/src/main/cpp/VROSceneRendererSceneView.h:35:
C/C++: In file included from /Users/mikevocalz/virocore-rive-panel/android/sharedCode/src/main/cpp/VROSceneRenderer.h:35:
C/C++: In file included from /Users/mikevocalz/virocore-rive-panel/android/sharedCode/src/main/cpp/VRODriverOpenGLAndroid.h:31:
C/C++: /Users/mikevocalz/virocore-rive-panel/android/sharedCode/../../ViroRenderer/VRODriverOpenGL.h:522:46: warning: 'getDisplay' overrides a member function but is not marked 'override' [-Winconsistent-missing-override]
C/C++:   522 |     virtual std::shared_ptr<VRORenderTarget> getDisplay() {
C/C++:       |                                              ^
C/C++: /Users/mikevocalz/virocore-rive-panel/android/sharedCode/../../ViroRenderer/VRODriver.h:292:46: note: overridden virtual function is here
C/C++:   292 |     virtual std::shared_ptr<VRORenderTarget> getDisplay() = 0;
C/C++:       |                                              ^
C/C++: In file included from /Users/mikevocalz/virocore-rive-panel/android/sharedCode/src/main/cpp/VROSceneRendererSceneView.cpp:27:
C/C++: In file included from /Users/mikevocalz/virocore-rive-panel/android/sharedCode/src/main/cpp/VROSceneRendererSceneView.h:35:
C/C++: In file included from /Users/mikevocalz/virocore-rive-panel/android/sharedCode/src/main/cpp/VROSceneRenderer.h:35:
C/C++: In file included from /Users/mikevocalz/virocore-rive-panel/android/sharedCode/src/main/cpp/VRODriverOpenGLAndroid.h:31:
C/C++: /Users/mikevocalz/virocore-rive-panel/android/sharedCode/../../ViroRenderer/VRODriverOpenGL.h:556:44: warning: 'newTypefaceCollection' overrides a member function but is not marked 'override' [-Winconsistent-missing-override]
C/C++:   556 |     std::shared_ptr<VROTypefaceCollection> newTypefaceCollection(std::string typefaces, int size, VROFontStyle style,
C/C++:       |                                            ^
C/C++: /Users/mikevocalz/virocore-rive-panel/android/sharedCode/../../ViroRenderer/VRODriver.h:308:52: note: overridden virtual function is here
C/C++:   308 |     virtual std::shared_ptr<VROTypefaceCollection> newTypefaceCollection(std::string typefaces, int size, VROFontStyle style, VROFontWeight weight) = 0;
C/C++:       |                                                    ^
C/C++: In file included from /Users/mikevocalz/virocore-rive-panel/android/sharedCode/src/main/cpp/VROSceneRendererSceneView.cpp:27:
C/C++: In file included from /Users/mikevocalz/virocore-rive-panel/android/sharedCode/src/main/cpp/VROSceneRendererSceneView.h:35:
C/C++: In file included from /Users/mikevocalz/virocore-rive-panel/android/sharedCode/src/main/cpp/VROSceneRenderer.h:35:
C/C++: In file included from /Users/mikevocalz/virocore-rive-panel/android/sharedCode/src/main/cpp/VRODriverOpenGLAndroid.h:31:
C/C++: /Users/mikevocalz/virocore-rive-panel/android/sharedCode/../../ViroRenderer/VRODriverOpenGL.h:580:40: warning: 'getFrameScheduler' overrides a member function but is not marked 'override' [-Winconsistent-missing-override]
C/C++:   580 |     std::shared_ptr<VROFrameScheduler> getFrameScheduler() {
C/C++:       |                                        ^
C/C++: /Users/mikevocalz/virocore-rive-panel/android/sharedCode/../../ViroRenderer/VRODriver.h:313:48: note: overridden virtual function is here
C/C++:   313 |     virtual std::shared_ptr<VROFrameScheduler> getFrameScheduler() = 0;
C/C++:       |                                                ^
C/C++: In file included from /Users/mikevocalz/virocore-rive-panel/android/sharedCode/src/main/cpp/VROSceneRendererSceneView.cpp:27:
C/C++: In file included from /Users/mikevocalz/virocore-rive-panel/android/sharedCode/src/main/cpp/VROSceneRendererSceneView.h:35:
C/C++: In file included from /Users/mikevocalz/virocore-rive-panel/android/sharedCode/src/main/cpp/VROSceneRenderer.h:35:
C/C++: In file included from /Users/mikevocalz/virocore-rive-panel/android/sharedCode/src/main/cpp/VRODriverOpenGLAndroid.h:31:
C/C++: /Users/mikevocalz/virocore-rive-panel/android/sharedCode/../../ViroRenderer/VRODriverOpenGL.h:635:19: warning: 'getGraphicsContext' overrides a member function but is not marked 'override' [-Winconsistent-missing-override]
C/C++:   635 |     virtual void *getGraphicsContext() { return nullptr; }
C/C++:       |                   ^
C/C++: /Users/mikevocalz/virocore-rive-panel/android/sharedCode/../../ViroRenderer/VRODriver.h:314:19: note: overridden virtual function is here
C/C++:   314 |     virtual void *getGraphicsContext() = 0;
C/C++:       |                   ^
C/C++: In file included from /Users/mikevocalz/virocore-rive-panel/android/sharedCode/src/main/cpp/VROSceneRendererSceneView.cpp:27:
C/C++: In file included from /Users/mikevocalz/virocore-rive-panel/android/sharedCode/src/main/cpp/VROSceneRendererSceneView.h:35:
C/C++: In file included from /Users/mikevocalz/virocore-rive-panel/android/sharedCode/src/main/cpp/VROSceneRenderer.h:35:
C/C++: /Users/mikevocalz/virocore-rive-panel/android/sharedCode/src/main/cpp/VRODriverOpenGLAndroid.h:49:35: warning: 'getColorRenderingMode' overrides a member function but is not marked 'override' [-Winconsistent-missing-override]
C/C++:    49 |     virtual VROColorRenderingMode getColorRenderingMode() {
C/C++:       |                                   ^
C/C++: /Users/mikevocalz/virocore-rive-panel/android/sharedCode/../../ViroRenderer/VRODriver.h:242:35: note: overridden virtual function is here
C/C++:   242 |     virtual VROColorRenderingMode getColorRenderingMode() = 0;
C/C++:       |                                   ^
C/C++: In file included from /Users/mikevocalz/virocore-rive-panel/android/sharedCode/src/main/cpp/VROSceneRendererSceneView.cpp:27:
C/C++: In file included from /Users/mikevocalz/virocore-rive-panel/android/sharedCode/src/main/cpp/VROSceneRendererSceneView.h:35:
C/C++: In file included from /Users/mikevocalz/virocore-rive-panel/android/sharedCode/src/main/cpp/VROSceneRenderer.h:35:
C/C++: /Users/mikevocalz/virocore-rive-panel/android/sharedCode/src/main/cpp/VRODriverOpenGLAndroid.h:63:18: warning: 'isBloomSupported' overrides a member function but is not marked 'override' [-Winconsistent-missing-override]
C/C++:    63 |     virtual bool isBloomSupported() {
C/C++:       |                  ^
C/C++: /Users/mikevocalz/virocore-rive-panel/android/sharedCode/../../ViroRenderer/VRODriverOpenGL.h:428:18: note: overridden virtual function is here
C/C++:   428 |     virtual bool isBloomSupported() {
C/C++:       |                  ^
C/C++: In file included from /Users/mikevocalz/virocore-rive-panel/android/sharedCode/src/main/cpp/VROSceneRendererSceneView.cpp:27:
C/C++: In file included from /Users/mikevocalz/virocore-rive-panel/android/sharedCode/src/main/cpp/VROSceneRendererSceneView.h:35:
C/C++: In file included from /Users/mikevocalz/virocore-rive-panel/android/sharedCode/src/main/cpp/VROSceneRenderer.h:35:
C/C++: /Users/mikevocalz/virocore-rive-panel/android/sharedCode/src/main/cpp/VRODriverOpenGLAndroid.h:72:10: warning: 'willRenderFrame' overrides a member function but is not marked 'override' [-Winconsistent-missing-override]
C/C++:    72 |     void willRenderFrame(const VRORenderContext &context) {
C/C++:       |          ^
C/C++: /Users/mikevocalz/virocore-rive-panel/android/sharedCode/../../ViroRenderer/VRODriverOpenGL.h:64:10: note: overridden virtual function is here
C/C++:    64 |     void willRenderFrame(const VRORenderContext &context) {
C/C++:       |          ^
C/C++: In file included from /Users/mikevocalz/virocore-rive-panel/android/sharedCode/src/main/cpp/VROSceneRendererSceneView.cpp:27:
C/C++: In file included from /Users/mikevocalz/virocore-rive-panel/android/sharedCode/src/main/cpp/VROSceneRendererSceneView.h:35:
C/C++: In file included from /Users/mikevocalz/virocore-rive-panel/android/sharedCode/src/main/cpp/VROSceneRenderer.h:35:
C/C++: /Users/mikevocalz/virocore-rive-panel/android/sharedCode/src/main/cpp/VRODriverOpenGLAndroid.h:79:10: warning: 'pause' overrides a member function but is not marked 'override' [-Winconsistent-missing-override]
C/C++:    79 |     void pause() {
C/C++:       |          ^
C/C++: /Users/mikevocalz/virocore-rive-panel/android/sharedCode/../../ViroRenderer/VRODriver.h:185:18: note: overridden virtual function is here
C/C++:   185 |     virtual void pause() = 0;
C/C++:       |                  ^
C/C++: In file included from /Users/mikevocalz/virocore-rive-panel/android/sharedCode/src/main/cpp/VROSceneRendererSceneView.cpp:27:
C/C++: In file included from /Users/mikevocalz/virocore-rive-panel/android/sharedCode/src/main/cpp/VROSceneRendererSceneView.h:35:
C/C++: In file included from /Users/mikevocalz/virocore-rive-panel/android/sharedCode/src/main/cpp/VROSceneRenderer.h:35:
C/C++: /Users/mikevocalz/virocore-rive-panel/android/sharedCode/src/main/cpp/VRODriverOpenGLAndroid.h:83:10: warning: 'resume' overrides a member function but is not marked 'override' [-Winconsistent-missing-override]
C/C++:    83 |     void resume() {
C/C++:       |          ^
C/C++: /Users/mikevocalz/virocore-rive-panel/android/sharedCode/../../ViroRenderer/VRODriver.h:186:18: note: overridden virtual function is here
C/C++:   186 |     virtual void resume() = 0;
C/C++:       |                  ^
C/C++: In file included from /Users/mikevocalz/virocore-rive-panel/android/sharedCode/src/main/cpp/VROSceneRendererSceneView.cpp:27:
C/C++: In file included from /Users/mikevocalz/virocore-rive-panel/android/sharedCode/src/main/cpp/VROSceneRendererSceneView.h:35:
C/C++: In file included from /Users/mikevocalz/virocore-rive-panel/android/sharedCode/src/main/cpp/VROSceneRenderer.h:35:
C/C++: /Users/mikevocalz/virocore-rive-panel/android/sharedCode/src/main/cpp/VRODriverOpenGLAndroid.h:87:43: warning: 'newVideoTextureCache' overrides a member function but is not marked 'override' [-Winconsistent-missing-override]
C/C++:    87 |     std::shared_ptr<VROVideoTextureCache> newVideoTextureCache() {
C/C++:       |                                           ^
C/C++: /Users/mikevocalz/virocore-rive-panel/android/sharedCode/../../ViroRenderer/VRODriver.h:294:51: note: overridden virtual function is here
C/C++:   294 |     virtual std::shared_ptr<VROVideoTextureCache> newVideoTextureCache() = 0;
C/C++:       |                                                   ^
C/C++: In file included from /Users/mikevocalz/virocore-rive-panel/android/sharedCode/src/main/cpp/VROSceneRendererSceneView.cpp:27:
C/C++: In file included from /Users/mikevocalz/virocore-rive-panel/android/sharedCode/src/main/cpp/VROSceneRendererSceneView.h:35:
C/C++: In file included from /Users/mikevocalz/virocore-rive-panel/android/sharedCode/src/main/cpp/VROSceneRenderer.h:35:
C/C++: /Users/mikevocalz/virocore-rive-panel/android/sharedCode/src/main/cpp/VRODriverOpenGLAndroid.h:92:31: warning: 'newSound' overrides a member function but is not marked 'override' [-Winconsistent-missing-override]
C/C++:    92 |     std::shared_ptr<VROSound> newSound(std::shared_ptr<VROSoundData> data, VROSoundType type) {
C/C++:       |                               ^
C/C++: /Users/mikevocalz/virocore-rive-panel/android/sharedCode/../../ViroRenderer/VRODriver.h:295:39: note: overridden virtual function is here
C/C++:   295 |     virtual std::shared_ptr<VROSound> newSound(std::shared_ptr<VROSoundData> data, VROSoundType type) = 0;
C/C++:       |                                       ^
C/C++: In file included from /Users/mikevocalz/virocore-rive-panel/android/sharedCode/src/main/cpp/VROSceneRendererSceneView.cpp:27:
C/C++: In file included from /Users/mikevocalz/virocore-rive-panel/android/sharedCode/src/main/cpp/VROSceneRendererSceneView.h:35:
C/C++: In file included from /Users/mikevocalz/virocore-rive-panel/android/sharedCode/src/main/cpp/VROSceneRenderer.h:35:
C/C++: /Users/mikevocalz/virocore-rive-panel/android/sharedCode/src/main/cpp/VRODriverOpenGLAndroid.h:96:31: warning: 'newSound' overrides a member function but is not marked 'override' [-Winconsistent-missing-override]
C/C++:    96 |     std::shared_ptr<VROSound> newSound(std::string resource, VROResourceType resourceType, VROSoundType type) {
C/C++:       |                               ^
C/C++: /Users/mikevocalz/virocore-rive-panel/android/sharedCode/../../ViroRenderer/VRODriver.h:296:39: note: overridden virtual function is here
C/C++:   296 |     virtual std::shared_ptr<VROSound> newSound(std::string resource, VROResourceType resourceType, VROSoundType type) = 0;
C/C++:       |                                       ^
C/C++: In file included from /Users/mikevocalz/virocore-rive-panel/android/sharedCode/src/main/cpp/VROSceneRendererSceneView.cpp:27:
C/C++: In file included from /Users/mikevocalz/virocore-rive-panel/android/sharedCode/src/main/cpp/VROSceneRendererSceneView.h:35:
C/C++: In file included from /Users/mikevocalz/virocore-rive-panel/android/sharedCode/src/main/cpp/VROSceneRenderer.h:35:
C/C++: /Users/mikevocalz/virocore-rive-panel/android/sharedCode/src/main/cpp/VRODriverOpenGLAndroid.h:100:37: warning: 'newAudioPlayer' overrides a member function but is not marked 'override' [-Winconsistent-missing-override]
C/C++:   100 |     std::shared_ptr<VROAudioPlayer> newAudioPlayer(std::shared_ptr<VROSoundData> data) {
C/C++:       |                                     ^
C/C++: /Users/mikevocalz/virocore-rive-panel/android/sharedCode/../../ViroRenderer/VRODriver.h:297:45: note: overridden virtual function is here
C/C++:   297 |     virtual std::shared_ptr<VROAudioPlayer> newAudioPlayer(std::shared_ptr<VROSoundData> data) = 0;
C/C++:       |                                             ^
C/C++: In file included from /Users/mikevocalz/virocore-rive-panel/android/sharedCode/src/main/cpp/VROSceneRendererSceneView.cpp:27:
C/C++: In file included from /Users/mikevocalz/virocore-rive-panel/android/sharedCode/src/main/cpp/VROSceneRendererSceneView.h:35:
C/C++: In file included from /Users/mikevocalz/virocore-rive-panel/android/sharedCode/src/main/cpp/VROSceneRenderer.h:35:
C/C++: /Users/mikevocalz/virocore-rive-panel/android/sharedCode/src/main/cpp/VRODriverOpenGLAndroid.h:104:37: warning: 'newAudioPlayer' overrides a member function but is not marked 'override' [-Winconsistent-missing-override]
C/C++:   104 |     std::shared_ptr<VROAudioPlayer> newAudioPlayer(std::string fileName, bool isLocal) {
C/C++:       |                                     ^
C/C++: /Users/mikevocalz/virocore-rive-panel/android/sharedCode/../../ViroRenderer/VRODriver.h:298:45: note: overridden virtual function is here
C/C++:   298 |     virtual std::shared_ptr<VROAudioPlayer> newAudioPlayer(std::string path, bool isLocal) = 0;
C/C++:       |                                             ^
C/C++: In file included from /Users/mikevocalz/virocore-rive-panel/android/sharedCode/src/main/cpp/VROSceneRendererSceneView.cpp:27:
C/C++: In file included from /Users/mikevocalz/virocore-rive-panel/android/sharedCode/src/main/cpp/VROSceneRendererSceneView.h:35:
C/C++: In file included from /Users/mikevocalz/virocore-rive-panel/android/sharedCode/src/main/cpp/VROSceneRenderer.h:35:
C/C++: /Users/mikevocalz/virocore-rive-panel/android/sharedCode/src/main/cpp/VRODriverOpenGLAndroid.h:116:10: warning: 'setSoundRoom' overrides a member function but is not marked 'override' [-Winconsistent-missing-override]
C/C++:   116 |     void setSoundRoom(float sizeX, float sizeY, float sizeZ, std::string wallMaterial,
C/C++:       |          ^
C/C++: /Users/mikevocalz/virocore-rive-panel/android/sharedCode/../../ViroRenderer/VRODriver.h:309:18: note: overridden virtual function is here
C/C++:   309 |     virtual void setSoundRoom(float sizeX, float sizeY, float sizeZ, std::string wallMaterial,
C/C++:       |                  ^
C/C++: In file included from /Users/mikevocalz/virocore-rive-panel/android/sharedCode/src/main/cpp/VROSceneRendererSceneView.cpp:27:
C/C++: In file included from /Users/mikevocalz/virocore-rive-panel/android/sharedCode/src/main/cpp/VROSceneRendererSceneView.h:35:
C/C++: In file included from /Users/mikevocalz/virocore-rive-panel/android/sharedCode/src/main/cpp/VROSceneRenderer.h:35:
C/C++: /Users/mikevocalz/virocore-rive-panel/android/sharedCode/src/main/cpp/VRODriverOpenGLAndroid.h:135:44: warning: 'createTypefaceCollection' overrides a member function but is not marked 'override' [-Winconsistent-missing-override]
C/C++:   135 |     std::shared_ptr<VROTypefaceCollection> createTypefaceCollection(std::string typefaceNames, int size, VROFontStyle style,
C/C++:       |                                            ^
C/C++: /Users/mikevocalz/virocore-rive-panel/android/sharedCode/../../ViroRenderer/VRODriverOpenGL.h:628:52: note: overridden virtual function is here
C/C++:   628 |     virtual std::shared_ptr<VROTypefaceCollection> createTypefaceCollection(std::string typefaces, int size, VROFontStyle style,
C/C++:       |                                                    ^
C/C++: 51 warnings generated.
C/C++: In file included from /Users/mikevocalz/virocore-rive-panel/ViroRenderer/capi/Quad_JNI.cpp:33:
C/C++: In file included from /Users/mikevocalz/virocore-rive-panel/android/sharedCode/../sharedCode/src/main/cpp/jni/VRORenderer_JNI.h:30:
C/C++: In file included from /Users/mikevocalz/virocore-rive-panel/android/sharedCode/../sharedCode/src/main/cpp/VROSceneRenderer.h:35:
C/C++: In file included from /Users/mikevocalz/virocore-rive-panel/android/sharedCode/../sharedCode/src/main/cpp/VRODriverOpenGLAndroid.h:31:
C/C++: In file included from /Users/mikevocalz/virocore-rive-panel/android/sharedCode/../../ViroRenderer/VRODriverOpenGL.h:37:
C/C++: /Users/mikevocalz/virocore-rive-panel/android/sharedCode/../../ViroRenderer/VROMaterialSubstrateOpenGL.h:69:10: warning: 'bindShader' overrides a member function but is not marked 'override' [-Winconsistent-missing-override]
C/C++:    69 |     bool bindShader(int lightsHash,
C/C++:       |          ^
C/C++: /Users/mikevocalz/virocore-rive-panel/android/sharedCode/../../ViroRenderer/VROMaterialSubstrate.h:70:18: note: overridden virtual function is here
C/C++:    70 |     virtual bool bindShader(int lightsHash,
C/C++:       |                  ^
C/C++: In file included from /Users/mikevocalz/virocore-rive-panel/ViroRenderer/capi/Quad_JNI.cpp:33:
C/C++: In file included from /Users/mikevocalz/virocore-rive-panel/android/sharedCode/../sharedCode/src/main/cpp/jni/VRORenderer_JNI.h:30:
C/C++: In file included from /Users/mikevocalz/virocore-rive-panel/android/sharedCode/../sharedCode/src/main/cpp/VROSceneRenderer.h:35:
C/C++: In file included from /Users/mikevocalz/virocore-rive-panel/android/sharedCode/../sharedCode/src/main/cpp/VRODriverOpenGLAndroid.h:31:
C/C++: In file included from /Users/mikevocalz/virocore-rive-panel/android/sharedCode/../../ViroRenderer/VRODriverOpenGL.h:37:
C/C++: /Users/mikevocalz/virocore-rive-panel/android/sharedCode/../../ViroRenderer/VROMaterialSubstrateOpenGL.h:79:10: warning: 'bindProperties' overrides a member function but is not marked 'override' [-Winconsistent-missing-override]
C/C++:    79 |     void bindProperties(std::shared_ptr<VRODriver> &driver);
C/C++:       |          ^
C/C++: /Users/mikevocalz/virocore-rive-panel/android/sharedCode/../../ViroRenderer/VROMaterialSubstrate.h:80:18: note: overridden virtual function is here
C/C++:    80 |     virtual void bindProperties(std::shared_ptr<VRODriver> &driver) = 0;
C/C++:       |                  ^
C/C++: In file included from /Users/mikevocalz/virocore-rive-panel/ViroRenderer/capi/Quad_JNI.cpp:33:
C/C++: In file included from /Users/mikevocalz/virocore-rive-panel/android/sharedCode/../sharedCode/src/main/cpp/jni/VRORenderer_JNI.h:30:
C/C++: In file included from /Users/mikevocalz/virocore-rive-panel/android/sharedCode/../sharedCode/src/main/cpp/VROSceneRenderer.h:35:
C/C++: In file included from /Users/mikevocalz/virocore-rive-panel/android/sharedCode/../sharedCode/src/main/cpp/VRODriverOpenGLAndroid.h:31:
C/C++: In file included from /Users/mikevocalz/virocore-rive-panel/android/sharedCode/../../ViroRenderer/VRODriverOpenGL.h:37:
C/C++: /Users/mikevocalz/virocore-rive-panel/android/sharedCode/../../ViroRenderer/VROMaterialSubstrateOpenGL.h:86:10: warning: 'bindGeometry' overrides a member function but is not marked 'override' [-Winconsistent-missing-override]
C/C++:    86 |     void bindGeometry(float opacity, const VROGeometry &geometry);
C/C++:       |          ^
C/C++: /Users/mikevocalz/virocore-rive-panel/android/sharedCode/../../ViroRenderer/VROMaterialSubstrate.h:87:18: note: overridden virtual function is here
C/C++:    87 |     virtual void bindGeometry(float opacity, const VROGeometry &geometry) = 0;
C/C++:       |                  ^
C/C++: In file included from /Users/mikevocalz/virocore-rive-panel/ViroRenderer/capi/Quad_JNI.cpp:33:
C/C++: In file included from /Users/mikevocalz/virocore-rive-panel/android/sharedCode/../sharedCode/src/main/cpp/jni/VRORenderer_JNI.h:30:
C/C++: In file included from /Users/mikevocalz/virocore-rive-panel/android/sharedCode/../sharedCode/src/main/cpp/VROSceneRenderer.h:35:
C/C++: In file included from /Users/mikevocalz/virocore-rive-panel/android/sharedCode/../sharedCode/src/main/cpp/VRODriverOpenGLAndroid.h:31:
C/C++: In file included from /Users/mikevocalz/virocore-rive-panel/android/sharedCode/../../ViroRenderer/VRODriverOpenGL.h:38:
C/C++: /Users/mikevocalz/virocore-rive-panel/android/sharedCode/../../ViroRenderer/VROTextureSubstrateOpenGL.h:94:10: warning: 'updateWrapMode' overrides a member function but is not marked 'override' [-Winconsistent-missing-override]
C/C++:    94 |     void updateWrapMode(VROWrapMode wrapModeS, VROWrapMode wrapModeT);
C/C++:       |          ^
C/C++: /Users/mikevocalz/virocore-rive-panel/android/sharedCode/../../ViroRenderer/VROTextureSubstrate.h:37:18: note: overridden virtual function is here
C/C++:    37 |     virtual void updateWrapMode(VROWrapMode wrapModeS, VROWrapMode wrapModeT) = 0;
C/C++:       |                  ^
C/C++: In file included from /Users/mikevocalz/virocore-rive-panel/ViroRenderer/capi/Quad_JNI.cpp:33:
C/C++: In file included from /Users/mikevocalz/virocore-rive-panel/android/sharedCode/../sharedCode/src/main/cpp/jni/VRORenderer_JNI.h:30:
C/C++: In file included from /Users/mikevocalz/virocore-rive-panel/android/sharedCode/../sharedCode/src/main/cpp/VROSceneRenderer.h:35:
C/C++: In file included from /Users/mikevocalz/virocore-rive-panel/android/sharedCode/../sharedCode/src/main/cpp/VRODriverOpenGLAndroid.h:31:
C/C++: /Users/mikevocalz/virocore-rive-panel/android/sharedCode/../../ViroRenderer/VRODriverOpenGL.h:64:10: warning: 'willRenderFrame' overrides a member function but is not marked 'override' [-Winconsistent-missing-override]
C/C++:    64 |     void willRenderFrame(const VRORenderContext &context) {
C/C++:       |          ^
C/C++: /Users/mikevocalz/virocore-rive-panel/android/sharedCode/../../ViroRenderer/VRODriver.h:172:18: note: overridden virtual function is here
C/C++:   172 |     virtual void willRenderFrame(const VRORenderContext &context) = 0;
C/C++:       |                  ^
C/C++: In file included from /Users/mikevocalz/virocore-rive-panel/ViroRenderer/capi/Quad_JNI.cpp:33:
C/C++: In file included from /Users/mikevocalz/virocore-rive-panel/android/sharedCode/../sharedCode/src/main/cpp/jni/VRORenderer_JNI.h:30:
C/C++: In file included from /Users/mikevocalz/virocore-rive-panel/android/sharedCode/../sharedCode/src/main/cpp/VROSceneRenderer.h:35:
C/C++: In file included from /Users/mikevocalz/virocore-rive-panel/android/sharedCode/../sharedCode/src/main/cpp/VRODriverOpenGLAndroid.h:31:
C/C++: /Users/mikevocalz/virocore-rive-panel/android/sharedCode/../../ViroRenderer/VRODriverOpenGL.h:152:10: warning: 'didRenderFrame' overrides a member function but is not marked 'override' [-Winconsistent-missing-override]
C/C++:   152 |     void didRenderFrame(const VROFrameTimer &timer, const VRORenderContext &context) {
C/C++:       |          ^
C/C++: /Users/mikevocalz/virocore-rive-panel/android/sharedCode/../../ViroRenderer/VRODriver.h:173:18: note: overridden virtual function is here
C/C++:   173 |     virtual void didRenderFrame(const VROFrameTimer &timer, const VRORenderContext &context) = 0;
C/C++:       |                  ^
C/C++: In file included from /Users/mikevocalz/virocore-rive-panel/ViroRenderer/capi/Quad_JNI.cpp:33:
C/C++: In file included from /Users/mikevocalz/virocore-rive-panel/android/sharedCode/../sharedCode/src/main/cpp/jni/VRORenderer_JNI.h:30:
C/C++: In file included from /Users/mikevocalz/virocore-rive-panel/android/sharedCode/../sharedCode/src/main/cpp/VROSceneRenderer.h:35:
C/C++: In file included from /Users/mikevocalz/virocore-rive-panel/android/sharedCode/../sharedCode/src/main/cpp/VRODriverOpenGLAndroid.h:31:
C/C++: /Users/mikevocalz/virocore-rive-panel/android/sharedCode/../../ViroRenderer/VRODriverOpenGL.h:166:10: warning: 'willRenderEye' overrides a member function but is not marked 'override' [-Winconsistent-missing-override]
C/C++:   166 |     void willRenderEye(const VRORenderContext &context) {
C/C++:       |          ^
C/C++: /Users/mikevocalz/virocore-rive-panel/android/sharedCode/../../ViroRenderer/VRODriver.h:179:18: note: overridden virtual function is here
C/C++:   179 |     virtual void willRenderEye(const VRORenderContext &context) = 0;
C/C++:       |                  ^
C/C++: In file included from /Users/mikevocalz/virocore-rive-panel/ViroRenderer/capi/Quad_JNI.cpp:33:
C/C++: In file included from /Users/mikevocalz/virocore-rive-panel/android/sharedCode/../sharedCode/src/main/cpp/jni/VRORenderer_JNI.h:30:
C/C++: In file included from /Users/mikevocalz/virocore-rive-panel/android/sharedCode/../sharedCode/src/main/cpp/VROSceneRenderer.h:35:
C/C++: In file included from /Users/mikevocalz/virocore-rive-panel/android/sharedCode/../sharedCode/src/main/cpp/VRODriverOpenGLAndroid.h:31:
C/C++: /Users/mikevocalz/virocore-rive-panel/android/sharedCode/../../ViroRenderer/VRODriverOpenGL.h:170:10: warning: 'didRenderEye' overrides a member function but is not marked 'override' [-Winconsistent-missing-override]
C/C++:   170 |     void didRenderEye(const VRORenderContext &context) {
C/C++:       |          ^
C/C++: /Users/mikevocalz/virocore-rive-panel/android/sharedCode/../../ViroRenderer/VRODriver.h:180:18: note: overridden virtual function is here
C/C++:   180 |     virtual void didRenderEye(const VRORenderContext &context) = 0;
C/C++:       |                  ^
C/C++: In file included from /Users/mikevocalz/virocore-rive-panel/ViroRenderer/capi/Quad_JNI.cpp:33:
C/C++: In file included from /Users/mikevocalz/virocore-rive-panel/android/sharedCode/../sharedCode/src/main/cpp/jni/VRORenderer_JNI.h:30:
C/C++: In file included from /Users/mikevocalz/virocore-rive-panel/android/sharedCode/../sharedCode/src/main/cpp/VROSceneRenderer.h:35:
C/C++: In file included from /Users/mikevocalz/virocore-rive-panel/android/sharedCode/../sharedCode/src/main/cpp/VRODriverOpenGLAndroid.h:31:
C/C++: /Users/mikevocalz/virocore-rive-panel/android/sharedCode/../../ViroRenderer/VRODriverOpenGL.h:181:10: warning: 'setActiveTextureUnit' overrides a member function but is not marked 'override' [-Winconsistent-missing-override]
C/C++:   181 |     void setActiveTextureUnit(int unit) {
C/C++:       |          ^
C/C++: /Users/mikevocalz/virocore-rive-panel/android/sharedCode/../../ViroRenderer/VRODriver.h:212:18: note: overridden virtual function is here
C/C++:   212 |     virtual void setActiveTextureUnit(int unit) = 0;
C/C++:       |                  ^
C/C++: In file included from /Users/mikevocalz/virocore-rive-panel/ViroRenderer/capi/Quad_JNI.cpp:33:
C/C++: In file included from /Users/mikevocalz/virocore-rive-panel/android/sharedCode/../sharedCode/src/main/cpp/jni/VRORenderer_JNI.h:30:
C/C++: In file included from /Users/mikevocalz/virocore-rive-panel/android/sharedCode/../sharedCode/src/main/cpp/VROSceneRenderer.h:35:
C/C++: In file included from /Users/mikevocalz/virocore-rive-panel/android/sharedCode/../sharedCode/src/main/cpp/VRODriverOpenGLAndroid.h:31:
C/C++: /Users/mikevocalz/virocore-rive-panel/android/sharedCode/../../ViroRenderer/VRODriverOpenGL.h:197:10: warning: 'bindTexture' overrides a member function but is not marked 'override' [-Winconsistent-missing-override]
C/C++:   197 |     void bindTexture(int target, int texture) {
C/C++:       |          ^
C/C++: /Users/mikevocalz/virocore-rive-panel/android/sharedCode/../../ViroRenderer/VRODriver.h:213:18: note: overridden virtual function is here
C/C++:   213 |     virtual void bindTexture(int target, int texture) = 0;
C/C++:       |                  ^
C/C++: In file included from /Users/mikevocalz/virocore-rive-panel/ViroRenderer/capi/Quad_JNI.cpp:33:
C/C++: In file included from /Users/mikevocalz/virocore-rive-panel/android/sharedCode/../sharedCode/src/main/cpp/jni/VRORenderer_JNI.h:30:
C/C++: In file included from /Users/mikevocalz/virocore-rive-panel/android/sharedCode/../sharedCode/src/main/cpp/VROSceneRenderer.h:35:
C/C++: In file included from /Users/mikevocalz/virocore-rive-panel/android/sharedCode/../sharedCode/src/main/cpp/VRODriverOpenGLAndroid.h:31:
C/C++: /Users/mikevocalz/virocore-rive-panel/android/sharedCode/../../ViroRenderer/VRODriverOpenGL.h:204:10: warning: 'bindTexture' overrides a member function but is not marked 'override' [-Winconsistent-missing-override]
C/C++:   204 |     void bindTexture(int unit, int target, int texture) {
C/C++:       |          ^
C/C++: /Users/mikevocalz/virocore-rive-panel/android/sharedCode/../../ViroRenderer/VRODriver.h:214:18: note: overridden virtual function is here
C/C++:   214 |     virtual void bindTexture(int unit, int target, int texture) = 0;
C/C++:       |                  ^
C/C++: In file included from /Users/mikevocalz/virocore-rive-panel/ViroRenderer/capi/Quad_JNI.cpp:33:
C/C++: In file included from /Users/mikevocalz/virocore-rive-panel/android/sharedCode/../sharedCode/src/main/cpp/jni/VRORenderer_JNI.h:30:
C/C++: In file included from /Users/mikevocalz/virocore-rive-panel/android/sharedCode/../sharedCode/src/main/cpp/VROSceneRenderer.h:35:
C/C++: In file included from /Users/mikevocalz/virocore-rive-panel/android/sharedCode/../sharedCode/src/main/cpp/VRODriverOpenGLAndroid.h:31:
C/C++: /Users/mikevocalz/virocore-rive-panel/android/sharedCode/../../ViroRenderer/VRODriverOpenGL.h:234:10: warning: 'setDepthWritingEnabled' overrides a member function but is not marked 'override' [-Winconsistent-missing-override]
C/C++:   234 |     void setDepthWritingEnabled(bool enabled) {
C/C++:       |          ^
C/C++: /Users/mikevocalz/virocore-rive-panel/android/sharedCode/../../ViroRenderer/VRODriver.h:215:18: note: overridden virtual function is here
C/C++:   215 |     virtual void setDepthWritingEnabled(bool enabled) = 0;
C/C++:       |                  ^
C/C++: In file included from /Users/mikevocalz/virocore-rive-panel/ViroRenderer/capi/Quad_JNI.cpp:33:
C/C++: In file included from /Users/mikevocalz/virocore-rive-panel/android/sharedCode/../sharedCode/src/main/cpp/jni/VRORenderer_JNI.h:30:
C/C++: In file included from /Users/mikevocalz/virocore-rive-panel/android/sharedCode/../sharedCode/src/main/cpp/VROSceneRenderer.h:35:
C/C++: In file included from /Users/mikevocalz/virocore-rive-panel/android/sharedCode/../sharedCode/src/main/cpp/VRODriverOpenGLAndroid.h:31:
C/C++: /Users/mikevocalz/virocore-rive-panel/android/sharedCode/../../ViroRenderer/VRODriverOpenGL.h:248:10: warning: 'setDepthReadingEnabled' overrides a member function but is not marked 'override' [-Winconsistent-missing-override]
C/C++:   248 |     void setDepthReadingEnabled(bool enabled) {
C/C++:       |          ^
C/C++: /Users/mikevocalz/virocore-rive-panel/android/sharedCode/../../ViroRenderer/VRODriver.h:216:18: note: overridden virtual function is here
C/C++:   216 |     virtual void setDepthReadingEnabled(bool enabled) = 0;
C/C++:       |                  ^
C/C++: In file included from /Users/mikevocalz/virocore-rive-panel/ViroRenderer/capi/Quad_JNI.cpp:33:
C/C++: In file included from /Users/mikevocalz/virocore-rive-panel/android/sharedCode/../sharedCode/src/main/cpp/jni/VRORenderer_JNI.h:30:
C/C++: In file included from /Users/mikevocalz/virocore-rive-panel/android/sharedCode/../sharedCode/src/main/cpp/VROSceneRenderer.h:35:
C/C++: In file included from /Users/mikevocalz/virocore-rive-panel/android/sharedCode/../sharedCode/src/main/cpp/VRODriverOpenGLAndroid.h:31:
C/C++: /Users/mikevocalz/virocore-rive-panel/android/sharedCode/../../ViroRenderer/VRODriverOpenGL.h:262:10: warning: 'setStencilTestEnabled' overrides a member function but is not marked 'override' [-Winconsistent-missing-override]
C/C++:   262 |     void setStencilTestEnabled(bool enabled) {
C/C++:       |          ^
C/C++: /Users/mikevocalz/virocore-rive-panel/android/sharedCode/../../ViroRenderer/VRODriver.h:217:18: note: overridden virtual function is here
C/C++:   217 |     virtual void setStencilTestEnabled(bool enabled) = 0;
C/C++:       |                  ^
C/C++: In file included from /Users/mikevocalz/virocore-rive-panel/ViroRenderer/capi/Quad_JNI.cpp:33:
C/C++: In file included from /Users/mikevocalz/virocore-rive-panel/android/sharedCode/../sharedCode/src/main/cpp/jni/VRORenderer_JNI.h:30:
C/C++: In file included from /Users/mikevocalz/virocore-rive-panel/android/sharedCode/../sharedCode/src/main/cpp/VROSceneRenderer.h:35:
C/C++: In file included from /Users/mikevocalz/virocore-rive-panel/android/sharedCode/../sharedCode/src/main/cpp/VRODriverOpenGLAndroid.h:31:
C/C++: /Users/mikevocalz/virocore-rive-panel/android/sharedCode/../../ViroRenderer/VRODriverOpenGL.h:276:10: warning: 'setCullMode' overrides a member function but is not marked 'override' [-Winconsistent-missing-override]
C/C++:   276 |     void setCullMode(VROCullMode cullMode) {
C/C++:       |          ^
C/C++: /Users/mikevocalz/virocore-rive-panel/android/sharedCode/../../ViroRenderer/VRODriver.h:218:18: note: overridden virtual function is here
C/C++:   218 |     virtual void setCullMode(VROCullMode cullMode) = 0;
C/C++:       |                  ^
C/C++: In file included from /Users/mikevocalz/virocore-rive-panel/ViroRenderer/capi/Quad_JNI.cpp:33:
C/C++: In file included from /Users/mikevocalz/virocore-rive-panel/android/sharedCode/../sharedCode/src/main/cpp/jni/VRORenderer_JNI.h:30:
C/C++: In file included from /Users/mikevocalz/virocore-rive-panel/android/sharedCode/../sharedCode/src/main/cpp/VROSceneRenderer.h:35:
C/C++: In file included from /Users/mikevocalz/virocore-rive-panel/android/sharedCode/../sharedCode/src/main/cpp/VRODriverOpenGLAndroid.h:31:
C/C++: /Users/mikevocalz/virocore-rive-panel/android/sharedCode/../../ViroRenderer/VRODriverOpenGL.h:295:10: warning: 'setBlendingMode' overrides a member function but is not marked 'override' [-Winconsistent-missing-override]
C/C++:   295 |     void setBlendingMode(VROBlendMode mode) {
C/C++:       |          ^
C/C++: /Users/mikevocalz/virocore-rive-panel/android/sharedCode/../../ViroRenderer/VRODriver.h:311:18: note: overridden virtual function is here
C/C++:   311 |     virtual void setBlendingMode(VROBlendMode mode) = 0;
C/C++:       |                  ^
C/C++: In file included from /Users/mikevocalz/virocore-rive-panel/ViroRenderer/capi/Quad_JNI.cpp:33:
C/C++: In file included from /Users/mikevocalz/virocore-rive-panel/android/sharedCode/../sharedCode/src/main/cpp/jni/VRORenderer_JNI.h:30:
C/C++: In file included from /Users/mikevocalz/virocore-rive-panel/android/sharedCode/../sharedCode/src/main/cpp/VROSceneRenderer.h:35:
C/C++: In file included from /Users/mikevocalz/virocore-rive-panel/android/sharedCode/../sharedCode/src/main/cpp/VRODriverOpenGLAndroid.h:31:
C/C++: /Users/mikevocalz/virocore-rive-panel/android/sharedCode/../../ViroRenderer/VRODriverOpenGL.h:339:10: warning: 'setRenderTargetColorWritingMask' overrides a member function but is not marked 'override' [-Winconsistent-missing-override]
C/C++:   339 |     void setRenderTargetColorWritingMask(VROColorMask mask) {
C/C++:       |          ^
C/C++: /Users/mikevocalz/virocore-rive-panel/android/sharedCode/../../ViroRenderer/VRODriver.h:219:18: note: overridden virtual function is here
C/C++:   219 |     virtual void setRenderTargetColorWritingMask(VROColorMask mask) = 0;
C/C++:       |                  ^
C/C++: In file included from /Users/mikevocalz/virocore-rive-panel/ViroRenderer/capi/Quad_JNI.cpp:33:
C/C++: In file included from /Users/mikevocalz/virocore-rive-panel/android/sharedCode/../sharedCode/src/main/cpp/jni/VRORenderer_JNI.h:30:
C/C++: In file included from /Users/mikevocalz/virocore-rive-panel/android/sharedCode/../sharedCode/src/main/cpp/VROSceneRenderer.h:35:
C/C++: In file included from /Users/mikevocalz/virocore-rive-panel/android/sharedCode/../sharedCode/src/main/cpp/VRODriverOpenGLAndroid.h:31:
C/C++: /Users/mikevocalz/virocore-rive-panel/android/sharedCode/../../ViroRenderer/VRODriverOpenGL.h:347:10: warning: 'setMaterialColorWritingMask' overrides a member function but is not marked 'override' [-Winconsistent-missing-override]
C/C++:   347 |     void setMaterialColorWritingMask(VROColorMask mask) {
C/C++:       |          ^
C/C++: /Users/mikevocalz/virocore-rive-panel/android/sharedCode/../../ViroRenderer/VRODriver.h:220:18: note: overridden virtual function is here
C/C++:   220 |     virtual void setMaterialColorWritingMask(VROColorMask mask) = 0;
C/C++:       |                  ^
C/C++: In file included from /Users/mikevocalz/virocore-rive-panel/ViroRenderer/capi/Quad_JNI.cpp:33:
C/C++: In file included from /Users/mikevocalz/virocore-rive-panel/android/sharedCode/../sharedCode/src/main/cpp/jni/VRORenderer_JNI.h:30:
C/C++: In file included from /Users/mikevocalz/virocore-rive-panel/android/sharedCode/../sharedCode/src/main/cpp/VROSceneRenderer.h:35:
C/C++: In file included from /Users/mikevocalz/virocore-rive-panel/android/sharedCode/../sharedCode/src/main/cpp/VRODriverOpenGLAndroid.h:31:
C/C++: /Users/mikevocalz/virocore-rive-panel/android/sharedCode/../../ViroRenderer/VRODriverOpenGL.h:355:10: warning: 'bindShader' overrides a member function but is not marked 'override' [-Winconsistent-missing-override]
C/C++:   355 |     void bindShader(std::shared_ptr<VROShaderProgram> program) {
C/C++:       |          ^
C/C++: /Users/mikevocalz/virocore-rive-panel/android/sharedCode/../../ViroRenderer/VRODriver.h:221:18: note: overridden virtual function is here
C/C++:   221 |     virtual void bindShader(std::shared_ptr<VROShaderProgram> program) = 0;
C/C++:       |                  ^
C/C++: In file included from /Users/mikevocalz/virocore-rive-panel/ViroRenderer/capi/Quad_JNI.cpp:33:
C/C++: In file included from /Users/mikevocalz/virocore-rive-panel/android/sharedCode/../sharedCode/src/main/cpp/jni/VRORenderer_JNI.h:30:
C/C++: In file included from /Users/mikevocalz/virocore-rive-panel/android/sharedCode/../sharedCode/src/main/cpp/VROSceneRenderer.h:35:
C/C++: In file included from /Users/mikevocalz/virocore-rive-panel/android/sharedCode/../sharedCode/src/main/cpp/VRODriverOpenGLAndroid.h:31:
C/C++: /Users/mikevocalz/virocore-rive-panel/android/sharedCode/../../ViroRenderer/VRODriverOpenGL.h:373:10: warning: 'unbindShader' overrides a member function but is not marked 'override' [-Winconsistent-missing-override]
C/C++:   373 |     void unbindShader() {
C/C++:       |          ^
C/C++: /Users/mikevocalz/virocore-rive-panel/android/sharedCode/../../ViroRenderer/VRODriver.h:222:18: note: overridden virtual function is here
C/C++:   222 |     virtual void unbindShader() = 0;
C/C++:       |                  ^
C/C++: In file included from /Users/mikevocalz/virocore-rive-panel/ViroRenderer/capi/Quad_JNI.cpp:33:
C/C++: In file included from /Users/mikevocalz/virocore-rive-panel/android/sharedCode/../sharedCode/src/main/cpp/jni/VRORenderer_JNI.h:30:
C/C++: In file included from /Users/mikevocalz/virocore-rive-panel/android/sharedCode/../sharedCode/src/main/cpp/VROSceneRenderer.h:35:
C/C++: In file included from /Users/mikevocalz/virocore-rive-panel/android/sharedCode/../sharedCode/src/main/cpp/VRODriverOpenGLAndroid.h:31:
C/C++: /Users/mikevocalz/virocore-rive-panel/android/sharedCode/../../ViroRenderer/VRODriverOpenGL.h:381:10: warning: 'bindRenderTarget' overrides a member function but is not marked 'override' [-Winconsistent-missing-override]
C/C++:   381 |     bool bindRenderTarget(std::shared_ptr<VRORenderTarget> target, VRORenderTargetUnbindOp unbindOp) {
C/C++:       |          ^
C/C++: /Users/mikevocalz/virocore-rive-panel/android/sharedCode/../../ViroRenderer/VRODriver.h:229:18: note: overridden virtual function is here
C/C++:   229 |     virtual bool bindRenderTarget(std::shared_ptr<VRORenderTarget> target, VRORenderTargetUnbindOp unbindOp) = 0;
C/C++:       |                  ^
C/C++: In file included from /Users/mikevocalz/virocore-rive-panel/ViroRenderer/capi/Quad_JNI.cpp:33:
C/C++: In file included from /Users/mikevocalz/virocore-rive-panel/android/sharedCode/../sharedCode/src/main/cpp/jni/VRORenderer_JNI.h:30:
C/C++: In file included from /Users/mikevocalz/virocore-rive-panel/android/sharedCode/../sharedCode/src/main/cpp/VROSceneRenderer.h:35:
C/C++: In file included from /Users/mikevocalz/virocore-rive-panel/android/sharedCode/../sharedCode/src/main/cpp/VRODriverOpenGLAndroid.h:31:
C/C++: /Users/mikevocalz/virocore-rive-panel/android/sharedCode/../../ViroRenderer/VRODriverOpenGL.h:416:10: warning: 'unbindRenderTarget' overrides a member function but is not marked 'override' [-Winconsistent-missing-override]
C/C++:   416 |     void unbindRenderTarget() {
C/C++:       |          ^
C/C++: /Users/mikevocalz/virocore-rive-panel/android/sharedCode/../../ViroRenderer/VRODriver.h:230:18: note: overridden virtual function is here
C/C++:   230 |     virtual void unbindRenderTarget() = 0;
C/C++:       |                  ^
C/C++: In file included from /Users/mikevocalz/virocore-rive-panel/ViroRenderer/capi/Quad_JNI.cpp:33:
C/C++: In file included from /Users/mikevocalz/virocore-rive-panel/android/sharedCode/../sharedCode/src/main/cpp/jni/VRORenderer_JNI.h:30:
C/C++: In file included from /Users/mikevocalz/virocore-rive-panel/android/sharedCode/../sharedCode/src/main/cpp/VROSceneRenderer.h:35:
C/C++: In file included from /Users/mikevocalz/virocore-rive-panel/android/sharedCode/../sharedCode/src/main/cpp/VRODriverOpenGLAndroid.h:31:
C/C++: /Users/mikevocalz/virocore-rive-panel/android/sharedCode/../../ViroRenderer/VRODriverOpenGL.h:424:38: warning: 'getRenderTarget' overrides a member function but is not marked 'override' [-Winconsistent-missing-override]
C/C++:   424 |     std::shared_ptr<VRORenderTarget> getRenderTarget() {
C/C++:       |                                      ^
C/C++: /Users/mikevocalz/virocore-rive-panel/android/sharedCode/../../ViroRenderer/VRODriver.h:236:46: note: overridden virtual function is here
C/C++:   236 |     virtual std::shared_ptr<VRORenderTarget> getRenderTarget() = 0;
C/C++:       |                                              ^
C/C++: In file included from /Users/mikevocalz/virocore-rive-panel/ViroRenderer/capi/Quad_JNI.cpp:33:
C/C++: In file included from /Users/mikevocalz/virocore-rive-panel/android/sharedCode/../sharedCode/src/main/cpp/jni/VRORenderer_JNI.h:30:
C/C++: In file included from /Users/mikevocalz/virocore-rive-panel/android/sharedCode/../sharedCode/src/main/cpp/VROSceneRenderer.h:35:
C/C++: In file included from /Users/mikevocalz/virocore-rive-panel/android/sharedCode/../sharedCode/src/main/cpp/VRODriverOpenGLAndroid.h:31:
C/C++: /Users/mikevocalz/virocore-rive-panel/android/sharedCode/../../ViroRenderer/VRODriverOpenGL.h:428:18: warning: 'isBloomSupported' overrides a member function but is not marked 'override' [-Winconsistent-missing-override]
C/C++:   428 |     virtual bool isBloomSupported() {
C/C++:       |                  ^
C/C++: /Users/mikevocalz/virocore-rive-panel/android/sharedCode/../../ViroRenderer/VRODriver.h:267:18: note: overridden virtual function is here
C/C++:   267 |     virtual bool isBloomSupported() = 0;
C/C++:       |                  ^
C/C++: In file included from /Users/mikevocalz/virocore-rive-panel/ViroRenderer/capi/Quad_JNI.cpp:33:
C/C++: In file included from /Users/mikevocalz/virocore-rive-panel/android/sharedCode/../sharedCode/src/main/cpp/jni/VRORenderer_JNI.h:30:
C/C++: In file included from /Users/mikevocalz/virocore-rive-panel/android/sharedCode/../sharedCode/src/main/cpp/VROSceneRenderer.h:35:
C/C++: In file included from /Users/mikevocalz/virocore-rive-panel/android/sharedCode/../sharedCode/src/main/cpp/VRODriverOpenGLAndroid.h:31:
C/C++: /Users/mikevocalz/virocore-rive-panel/android/sharedCode/../../ViroRenderer/VRODriverOpenGL.h:432:27: warning: 'newGeometrySubstrate' overrides a member function but is not marked 'override' [-Winconsistent-missing-override]
C/C++:   432 |     VROGeometrySubstrate *newGeometrySubstrate(const VROGeometry &geometry) {
C/C++:       |                           ^
C/C++: /Users/mikevocalz/virocore-rive-panel/android/sharedCode/../../ViroRenderer/VRODriver.h:269:35: note: overridden virtual function is here
C/C++:   269 |     virtual VROGeometrySubstrate *newGeometrySubstrate(const VROGeometry &geometry) = 0;
C/C++:       |                                   ^
C/C++: In file included from /Users/mikevocalz/virocore-rive-panel/ViroRenderer/capi/Quad_JNI.cpp:33:
C/C++: In file included from /Users/mikevocalz/virocore-rive-panel/android/sharedCode/../sharedCode/src/main/cpp/jni/VRORenderer_JNI.h:30:
C/C++: In file included from /Users/mikevocalz/virocore-rive-panel/android/sharedCode/../sharedCode/src/main/cpp/VROSceneRenderer.h:35:
C/C++: In file included from /Users/mikevocalz/virocore-rive-panel/android/sharedCode/../sharedCode/src/main/cpp/VRODriverOpenGLAndroid.h:31:
C/C++: /Users/mikevocalz/virocore-rive-panel/android/sharedCode/../../ViroRenderer/VRODriverOpenGL.h:437:27: warning: 'newMaterialSubstrate' overrides a member function but is not marked 'override' [-Winconsistent-missing-override]
C/C++:   437 |     VROMaterialSubstrate *newMaterialSubstrate(VROMaterial &material) {
C/C++:       |                           ^
C/C++: /Users/mikevocalz/virocore-rive-panel/android/sharedCode/../../ViroRenderer/VRODriver.h:270:35: note: overridden virtual function is here
C/C++:   270 |     virtual VROMaterialSubstrate *newMaterialSubstrate(VROMaterial &material) = 0;
C/C++:       |                                   ^
C/C++: In file included from /Users/mikevocalz/virocore-rive-panel/ViroRenderer/capi/Quad_JNI.cpp:33:
C/C++: In file included from /Users/mikevocalz/virocore-rive-panel/android/sharedCode/../sharedCode/src/main/cpp/jni/VRORenderer_JNI.h:30:
C/C++: In file included from /Users/mikevocalz/virocore-rive-panel/android/sharedCode/../sharedCode/src/main/cpp/VROSceneRenderer.h:35:
C/C++: In file included from /Users/mikevocalz/virocore-rive-panel/android/sharedCode/../sharedCode/src/main/cpp/VRODriverOpenGLAndroid.h:31:
C/C++: /Users/mikevocalz/virocore-rive-panel/android/sharedCode/../../ViroRenderer/VRODriverOpenGL.h:442:26: warning: 'newTextureSubstrate' overrides a member function but is not marked 'override' [-Winconsistent-missing-override]
C/C++:   442 |     VROTextureSubstrate *newTextureSubstrate(VROTextureType type,
C/C++:       |                          ^
C/C++: /Users/mikevocalz/virocore-rive-panel/android/sharedCode/../../ViroRenderer/VRODriver.h:271:34: note: overridden virtual function is here
C/C++:   271 |     virtual VROTextureSubstrate *newTextureSubstrate(VROTextureType type,
C/C++:       |                                  ^
C/C++: In file included from /Users/mikevocalz/virocore-rive-panel/ViroRenderer/capi/Quad_JNI.cpp:33:
C/C++: In file included from /Users/mikevocalz/virocore-rive-panel/android/sharedCode/../sharedCode/src/main/cpp/jni/VRORenderer_JNI.h:30:
C/C++: In file included from /Users/mikevocalz/virocore-rive-panel/android/sharedCode/../sharedCode/src/main/cpp/VROSceneRenderer.h:35:
C/C++: In file included from /Users/mikevocalz/virocore-rive-panel/android/sharedCode/../sharedCode/src/main/cpp/VRODriverOpenGLAndroid.h:31:
C/C++: /Users/mikevocalz/virocore-rive-panel/android/sharedCode/../../ViroRenderer/VRODriverOpenGL.h:457:38: warning: 'newRenderTarget' overrides a member function but is not marked 'override' [-Winconsistent-missing-override]
C/C++:   457 |     std::shared_ptr<VRORenderTarget> newRenderTarget(VRORenderTargetType type, int numAttachments, int numImages, bool enableMipmaps,
C/C++:       |                                      ^
C/C++: /Users/mikevocalz/virocore-rive-panel/android/sharedCode/../../ViroRenderer/VRODriver.h:279:46: note: overridden virtual function is here
C/C++:   279 |     virtual std::shared_ptr<VRORenderTarget> newRenderTarget(VRORenderTargetType type, int numAttachments, int numImages,
C/C++:       |                                              ^
C/C++: In file included from /Users/mikevocalz/virocore-rive-panel/ViroRenderer/capi/Quad_JNI.cpp:33:
C/C++: In file included from /Users/mikevocalz/virocore-rive-panel/android/sharedCode/../sharedCode/src/main/cpp/jni/VRORenderer_JNI.h:30:
C/C++: In file included from /Users/mikevocalz/virocore-rive-panel/android/sharedCode/../sharedCode/src/main/cpp/VROSceneRenderer.h:35:
C/C++: In file included from /Users/mikevocalz/virocore-rive-panel/android/sharedCode/../sharedCode/src/main/cpp/VRODriverOpenGLAndroid.h:31:
C/C++: /Users/mikevocalz/virocore-rive-panel/android/sharedCode/../../ViroRenderer/VRODriverOpenGL.h:465:38: warning: 'newVertexBuffer' overrides a member function but is not marked 'override' [-Winconsistent-missing-override]
C/C++:   465 |     std::shared_ptr<VROVertexBuffer> newVertexBuffer(std::shared_ptr<VROData> data) {
C/C++:       |                                      ^
C/C++: /Users/mikevocalz/virocore-rive-panel/android/sharedCode/../../ViroRenderer/VRODriver.h:281:46: note: overridden virtual function is here
C/C++:   281 |     virtual std::shared_ptr<VROVertexBuffer> newVertexBuffer(std::shared_ptr<VROData> data) = 0;
C/C++:       |                                              ^
C/C++: In file included from /Users/mikevocalz/virocore-rive-panel/ViroRenderer/capi/Quad_JNI.cpp:33:
C/C++: In file included from /Users/mikevocalz/virocore-rive-panel/android/sharedCode/../sharedCode/src/main/cpp/jni/VRORenderer_JNI.h:30:
C/C++: In file included from /Users/mikevocalz/virocore-rive-panel/android/sharedCode/../sharedCode/src/main/cpp/VROSceneRenderer.h:35:
C/C++: In file included from /Users/mikevocalz/virocore-rive-panel/android/sharedCode/../sharedCode/src/main/cpp/VRODriverOpenGLAndroid.h:31:
C/C++: /Users/mikevocalz/virocore-rive-panel/android/sharedCode/../../ViroRenderer/VRODriverOpenGL.h:476:42: warning: 'newImagePostProcess' overrides a member function but is not marked 'override' [-Winconsistent-missing-override]
C/C++:   476 |     std::shared_ptr<VROImagePostProcess> newImagePostProcess(std::shared_ptr<VROShaderProgram> shader) {
C/C++:       |                                          ^
C/C++: /Users/mikevocalz/virocore-rive-panel/android/sharedCode/../../ViroRenderer/VRODriver.h:293:50: note: overridden virtual function is here
C/C++:   293 |     virtual std::shared_ptr<VROImagePostProcess> newImagePostProcess(std::shared_ptr<VROShaderProgram> shader) = 0;
C/C++:       |                                                  ^
C/C++: In file included from /Users/mikevocalz/virocore-rive-panel/ViroRenderer/capi/Quad_JNI.cpp:33:
C/C++: In file included from /Users/mikevocalz/virocore-rive-panel/android/sharedCode/../sharedCode/src/main/cpp/jni/VRORenderer_JNI.h:30:
C/C++: In file included from /Users/mikevocalz/virocore-rive-panel/android/sharedCode/../sharedCode/src/main/cpp/VROSceneRenderer.h:35:
C/C++: In file included from /Users/mikevocalz/virocore-rive-panel/android/sharedCode/../sharedCode/src/main/cpp/VRODriverOpenGLAndroid.h:31:
C/C++: /Users/mikevocalz/virocore-rive-panel/android/sharedCode/../../ViroRenderer/VRODriverOpenGL.h:480:10: warning: 'readGPUType' overrides a member function but is not marked 'override' [-Winconsistent-missing-override]
C/C++:   480 |     void readGPUType() {
C/C++:       |          ^
C/C++: /Users/mikevocalz/virocore-rive-panel/android/sharedCode/../../ViroRenderer/VRODriver.h:193:18: note: overridden virtual function is here
C/C++:   193 |     virtual void readGPUType() = 0;
C/C++:       |                  ^
C/C++: In file included from /Users/mikevocalz/virocore-rive-panel/ViroRenderer/capi/Quad_JNI.cpp:33:
C/C++: In file included from /Users/mikevocalz/virocore-rive-panel/android/sharedCode/../sharedCode/src/main/cpp/jni/VRORenderer_JNI.h:30:
C/C++: In file included from /Users/mikevocalz/virocore-rive-panel/android/sharedCode/../sharedCode/src/main/cpp/VROSceneRenderer.h:35:
C/C++: In file included from /Users/mikevocalz/virocore-rive-panel/android/sharedCode/../sharedCode/src/main/cpp/VRODriverOpenGLAndroid.h:31:
C/C++: /Users/mikevocalz/virocore-rive-panel/android/sharedCode/../../ViroRenderer/VRODriverOpenGL.h:507:10: warning: 'setHasSoftwareGammaPass' overrides a member function but is not marked 'override' [-Winconsistent-missing-override]
C/C++:   507 |     void setHasSoftwareGammaPass(bool gammaPass) {
C/C++:       |          ^
C/C++: /Users/mikevocalz/virocore-rive-panel/android/sharedCode/../../ViroRenderer/VRODriver.h:248:18: note: overridden virtual function is here
C/C++:   248 |     virtual void setHasSoftwareGammaPass(bool softwareGamma) = 0;
C/C++:       |                  ^
C/C++: In file included from /Users/mikevocalz/virocore-rive-panel/ViroRenderer/capi/Quad_JNI.cpp:33:
C/C++: In file included from /Users/mikevocalz/virocore-rive-panel/android/sharedCode/../sharedCode/src/main/cpp/jni/VRORenderer_JNI.h:30:
C/C++: In file included from /Users/mikevocalz/virocore-rive-panel/android/sharedCode/../sharedCode/src/main/cpp/VROSceneRenderer.h:35:
C/C++: In file included from /Users/mikevocalz/virocore-rive-panel/android/sharedCode/../sharedCode/src/main/cpp/VRODriverOpenGLAndroid.h:31:
C/C++: /Users/mikevocalz/virocore-rive-panel/android/sharedCode/../../ViroRenderer/VRODriverOpenGL.h:510:10: warning: 'hasSoftwareGammaPass' overrides a member function but is not marked 'override' [-Winconsistent-missing-override]
C/C++:   510 |     bool hasSoftwareGammaPass() const {
C/C++:       |          ^
C/C++: /Users/mikevocalz/virocore-rive-panel/android/sharedCode/../../ViroRenderer/VRODriver.h:249:18: note: overridden virtual function is here
C/C++:   249 |     virtual bool hasSoftwareGammaPass() const = 0;
C/C++:       |                  ^
C/C++: In file included from /Users/mikevocalz/virocore-rive-panel/ViroRenderer/capi/Quad_JNI.cpp:33:
C/C++: In file included from /Users/mikevocalz/virocore-rive-panel/android/sharedCode/../sharedCode/src/main/cpp/jni/VRORenderer_JNI.h:30:
C/C++: In file included from /Users/mikevocalz/virocore-rive-panel/android/sharedCode/../sharedCode/src/main/cpp/VROSceneRenderer.h:35:
C/C++: In file included from /Users/mikevocalz/virocore-rive-panel/android/sharedCode/../sharedCode/src/main/cpp/VRODriverOpenGLAndroid.h:31:
C/C++: /Users/mikevocalz/virocore-rive-panel/android/sharedCode/../../ViroRenderer/VRODriverOpenGL.h:514:16: warning: 'getGPUType' overrides a member function but is not marked 'override' [-Winconsistent-missing-override]
C/C++:   514 |     VROGPUType getGPUType() {
C/C++:       |                ^
C/C++: /Users/mikevocalz/virocore-rive-panel/android/sharedCode/../../ViroRenderer/VRODriver.h:198:24: note: overridden virtual function is here
C/C++:   198 |     virtual VROGPUType getGPUType() = 0;
C/C++:       |                        ^
C/C++: In file included from /Users/mikevocalz/virocore-rive-panel/ViroRenderer/capi/Quad_JNI.cpp:33:
C/C++: In file included from /Users/mikevocalz/virocore-rive-panel/android/sharedCode/../sharedCode/src/main/cpp/jni/VRORenderer_JNI.h:30:
C/C++: In file included from /Users/mikevocalz/virocore-rive-panel/android/sharedCode/../sharedCode/src/main/cpp/VROSceneRenderer.h:35:
C/C++: In file included from /Users/mikevocalz/virocore-rive-panel/android/sharedCode/../sharedCode/src/main/cpp/VRODriverOpenGLAndroid.h:31:
C/C++: /Users/mikevocalz/virocore-rive-panel/android/sharedCode/../../ViroRenderer/VRODriverOpenGL.h:518:10: warning: 'readDisplayFramebuffer' overrides a member function but is not marked 'override' [-Winconsistent-missing-override]
C/C++:   518 |     void readDisplayFramebuffer() {
C/C++:       |          ^
C/C++: /Users/mikevocalz/virocore-rive-panel/android/sharedCode/../../ViroRenderer/VRODriver.h:205:18: note: overridden virtual function is here
C/C++:   205 |     virtual void readDisplayFramebuffer() = 0;
C/C++:       |                  ^
C/C++: In file included from /Users/mikevocalz/virocore-rive-panel/ViroRenderer/capi/Quad_JNI.cpp:33:
C/C++: In file included from /Users/mikevocalz/virocore-rive-panel/android/sharedCode/../sharedCode/src/main/cpp/jni/VRORenderer_JNI.h:30:
C/C++: In file included from /Users/mikevocalz/virocore-rive-panel/android/sharedCode/../sharedCode/src/main/cpp/VROSceneRenderer.h:35:
C/C++: In file included from /Users/mikevocalz/virocore-rive-panel/android/sharedCode/../sharedCode/src/main/cpp/VRODriverOpenGLAndroid.h:31:
C/C++: /Users/mikevocalz/virocore-rive-panel/android/sharedCode/../../ViroRenderer/VRODriverOpenGL.h:522:46: warning: 'getDisplay' overrides a member function but is not marked 'override' [-Winconsistent-missing-override]
C/C++:   522 |     virtual std::shared_ptr<VRORenderTarget> getDisplay() {
C/C++:       |                                              ^
C/C++: /Users/mikevocalz/virocore-rive-panel/android/sharedCode/../../ViroRenderer/VRODriver.h:292:46: note: overridden virtual function is here
C/C++:   292 |     virtual std::shared_ptr<VRORenderTarget> getDisplay() = 0;
C/C++:       |                                              ^
C/C++: In file included from /Users/mikevocalz/virocore-rive-panel/ViroRenderer/capi/Quad_JNI.cpp:33:
C/C++: In file included from /Users/mikevocalz/virocore-rive-panel/android/sharedCode/../sharedCode/src/main/cpp/jni/VRORenderer_JNI.h:30:
C/C++: In file included from /Users/mikevocalz/virocore-rive-panel/android/sharedCode/../sharedCode/src/main/cpp/VROSceneRenderer.h:35:
C/C++: In file included from /Users/mikevocalz/virocore-rive-panel/android/sharedCode/../sharedCode/src/main/cpp/VRODriverOpenGLAndroid.h:31:
C/C++: /Users/mikevocalz/virocore-rive-panel/android/sharedCode/../../ViroRenderer/VRODriverOpenGL.h:556:44: warning: 'newTypefaceCollection' overrides a member function but is not marked 'override' [-Winconsistent-missing-override]
C/C++:   556 |     std::shared_ptr<VROTypefaceCollection> newTypefaceCollection(std::string typefaces, int size, VROFontStyle style,
C/C++:       |                                            ^
C/C++: /Users/mikevocalz/virocore-rive-panel/android/sharedCode/../../ViroRenderer/VRODriver.h:308:52: note: overridden virtual function is here
C/C++:   308 |     virtual std::shared_ptr<VROTypefaceCollection> newTypefaceCollection(std::string typefaces, int size, VROFontStyle style, VROFontWeight weight) = 0;
C/C++:       |                                                    ^
C/C++: In file included from /Users/mikevocalz/virocore-rive-panel/ViroRenderer/capi/Quad_JNI.cpp:33:
C/C++: In file included from /Users/mikevocalz/virocore-rive-panel/android/sharedCode/../sharedCode/src/main/cpp/jni/VRORenderer_JNI.h:30:
C/C++: In file included from /Users/mikevocalz/virocore-rive-panel/android/sharedCode/../sharedCode/src/main/cpp/VROSceneRenderer.h:35:
C/C++: In file included from /Users/mikevocalz/virocore-rive-panel/android/sharedCode/../sharedCode/src/main/cpp/VRODriverOpenGLAndroid.h:31:
C/C++: /Users/mikevocalz/virocore-rive-panel/android/sharedCode/../../ViroRenderer/VRODriverOpenGL.h:580:40: warning: 'getFrameScheduler' overrides a member function but is not marked 'override' [-Winconsistent-missing-override]
C/C++:   580 |     std::shared_ptr<VROFrameScheduler> getFrameScheduler() {
C/C++:       |                                        ^
C/C++: /Users/mikevocalz/virocore-rive-panel/android/sharedCode/../../ViroRenderer/VRODriver.h:313:48: note: overridden virtual function is here
C/C++:   313 |     virtual std::shared_ptr<VROFrameScheduler> getFrameScheduler() = 0;
C/C++:       |                                                ^
C/C++: In file included from /Users/mikevocalz/virocore-rive-panel/ViroRenderer/capi/Quad_JNI.cpp:33:
C/C++: In file included from /Users/mikevocalz/virocore-rive-panel/android/sharedCode/../sharedCode/src/main/cpp/jni/VRORenderer_JNI.h:30:
C/C++: In file included from /Users/mikevocalz/virocore-rive-panel/android/sharedCode/../sharedCode/src/main/cpp/VROSceneRenderer.h:35:
C/C++: In file included from /Users/mikevocalz/virocore-rive-panel/android/sharedCode/../sharedCode/src/main/cpp/VRODriverOpenGLAndroid.h:31:
C/C++: /Users/mikevocalz/virocore-rive-panel/android/sharedCode/../../ViroRenderer/VRODriverOpenGL.h:635:19: warning: 'getGraphicsContext' overrides a member function but is not marked 'override' [-Winconsistent-missing-override]
C/C++:   635 |     virtual void *getGraphicsContext() { return nullptr; }
C/C++:       |                   ^
C/C++: /Users/mikevocalz/virocore-rive-panel/android/sharedCode/../../ViroRenderer/VRODriver.h:314:19: note: overridden virtual function is here
C/C++:   314 |     virtual void *getGraphicsContext() = 0;
C/C++:       |                   ^
C/C++: In file included from /Users/mikevocalz/virocore-rive-panel/ViroRenderer/capi/Quad_JNI.cpp:33:
C/C++: In file included from /Users/mikevocalz/virocore-rive-panel/android/sharedCode/../sharedCode/src/main/cpp/jni/VRORenderer_JNI.h:30:
C/C++: In file included from /Users/mikevocalz/virocore-rive-panel/android/sharedCode/../sharedCode/src/main/cpp/VROSceneRenderer.h:35:
C/C++: /Users/mikevocalz/virocore-rive-panel/android/sharedCode/../sharedCode/src/main/cpp/VRODriverOpenGLAndroid.h:49:35: warning: 'getColorRenderingMode' overrides a member function but is not marked 'override' [-Winconsistent-missing-override]
C/C++:    49 |     virtual VROColorRenderingMode getColorRenderingMode() {
C/C++:       |                                   ^
C/C++: /Users/mikevocalz/virocore-rive-panel/android/sharedCode/../../ViroRenderer/VRODriver.h:242:35: note: overridden virtual function is here
C/C++:   242 |     virtual VROColorRenderingMode getColorRenderingMode() = 0;
C/C++:       |                                   ^
C/C++: In file included from /Users/mikevocalz/virocore-rive-panel/ViroRenderer/capi/Quad_JNI.cpp:33:
C/C++: In file included from /Users/mikevocalz/virocore-rive-panel/android/sharedCode/../sharedCode/src/main/cpp/jni/VRORenderer_JNI.h:30:
C/C++: In file included from /Users/mikevocalz/virocore-rive-panel/android/sharedCode/../sharedCode/src/main/cpp/VROSceneRenderer.h:35:
C/C++: /Users/mikevocalz/virocore-rive-panel/android/sharedCode/../sharedCode/src/main/cpp/VRODriverOpenGLAndroid.h:63:18: warning: 'isBloomSupported' overrides a member function but is not marked 'override' [-Winconsistent-missing-override]
C/C++:    63 |     virtual bool isBloomSupported() {
C/C++:       |                  ^
C/C++: /Users/mikevocalz/virocore-rive-panel/android/sharedCode/../../ViroRenderer/VRODriverOpenGL.h:428:18: note: overridden virtual function is here
C/C++:   428 |     virtual bool isBloomSupported() {
C/C++:       |                  ^
C/C++: In file included from /Users/mikevocalz/virocore-rive-panel/ViroRenderer/capi/Quad_JNI.cpp:33:
C/C++: In file included from /Users/mikevocalz/virocore-rive-panel/android/sharedCode/../sharedCode/src/main/cpp/jni/VRORenderer_JNI.h:30:
C/C++: In file included from /Users/mikevocalz/virocore-rive-panel/android/sharedCode/../sharedCode/src/main/cpp/VROSceneRenderer.h:35:
C/C++: /Users/mikevocalz/virocore-rive-panel/android/sharedCode/../sharedCode/src/main/cpp/VRODriverOpenGLAndroid.h:72:10: warning: 'willRenderFrame' overrides a member function but is not marked 'override' [-Winconsistent-missing-override]
C/C++:    72 |     void willRenderFrame(const VRORenderContext &context) {
C/C++:       |          ^
C/C++: /Users/mikevocalz/virocore-rive-panel/android/sharedCode/../../ViroRenderer/VRODriverOpenGL.h:64:10: note: overridden virtual function is here
C/C++:    64 |     void willRenderFrame(const VRORenderContext &context) {
C/C++:       |          ^
C/C++: In file included from /Users/mikevocalz/virocore-rive-panel/ViroRenderer/capi/Quad_JNI.cpp:33:
C/C++: In file included from /Users/mikevocalz/virocore-rive-panel/android/sharedCode/../sharedCode/src/main/cpp/jni/VRORenderer_JNI.h:30:
C/C++: In file included from /Users/mikevocalz/virocore-rive-panel/android/sharedCode/../sharedCode/src/main/cpp/VROSceneRenderer.h:35:
C/C++: /Users/mikevocalz/virocore-rive-panel/android/sharedCode/../sharedCode/src/main/cpp/VRODriverOpenGLAndroid.h:79:10: warning: 'pause' overrides a member function but is not marked 'override' [-Winconsistent-missing-override]
C/C++:    79 |     void pause() {
C/C++:       |          ^
C/C++: /Users/mikevocalz/virocore-rive-panel/android/sharedCode/../../ViroRenderer/VRODriver.h:185:18: note: overridden virtual function is here
C/C++:   185 |     virtual void pause() = 0;
C/C++:       |                  ^
C/C++: In file included from /Users/mikevocalz/virocore-rive-panel/ViroRenderer/capi/Quad_JNI.cpp:33:
C/C++: In file included from /Users/mikevocalz/virocore-rive-panel/android/sharedCode/../sharedCode/src/main/cpp/jni/VRORenderer_JNI.h:30:
C/C++: In file included from /Users/mikevocalz/virocore-rive-panel/android/sharedCode/../sharedCode/src/main/cpp/VROSceneRenderer.h:35:
C/C++: /Users/mikevocalz/virocore-rive-panel/android/sharedCode/../sharedCode/src/main/cpp/VRODriverOpenGLAndroid.h:83:10: warning: 'resume' overrides a member function but is not marked 'override' [-Winconsistent-missing-override]
C/C++:    83 |     void resume() {
C/C++:       |          ^
C/C++: /Users/mikevocalz/virocore-rive-panel/android/sharedCode/../../ViroRenderer/VRODriver.h:186:18: note: overridden virtual function is here
C/C++:   186 |     virtual void resume() = 0;
C/C++:       |                  ^
C/C++: In file included from /Users/mikevocalz/virocore-rive-panel/ViroRenderer/capi/Quad_JNI.cpp:33:
C/C++: In file included from /Users/mikevocalz/virocore-rive-panel/android/sharedCode/../sharedCode/src/main/cpp/jni/VRORenderer_JNI.h:30:
C/C++: In file included from /Users/mikevocalz/virocore-rive-panel/android/sharedCode/../sharedCode/src/main/cpp/VROSceneRenderer.h:35:
C/C++: /Users/mikevocalz/virocore-rive-panel/android/sharedCode/../sharedCode/src/main/cpp/VRODriverOpenGLAndroid.h:87:43: warning: 'newVideoTextureCache' overrides a member function but is not marked 'override' [-Winconsistent-missing-override]
C/C++:    87 |     std::shared_ptr<VROVideoTextureCache> newVideoTextureCache() {
C/C++:       |                                           ^
C/C++: /Users/mikevocalz/virocore-rive-panel/android/sharedCode/../../ViroRenderer/VRODriver.h:294:51: note: overridden virtual function is here
C/C++:   294 |     virtual std::shared_ptr<VROVideoTextureCache> newVideoTextureCache() = 0;
C/C++:       |                                                   ^
C/C++: In file included from /Users/mikevocalz/virocore-rive-panel/ViroRenderer/capi/Quad_JNI.cpp:33:
C/C++: In file included from /Users/mikevocalz/virocore-rive-panel/android/sharedCode/../sharedCode/src/main/cpp/jni/VRORenderer_JNI.h:30:
C/C++: In file included from /Users/mikevocalz/virocore-rive-panel/android/sharedCode/../sharedCode/src/main/cpp/VROSceneRenderer.h:35:
C/C++: /Users/mikevocalz/virocore-rive-panel/android/sharedCode/../sharedCode/src/main/cpp/VRODriverOpenGLAndroid.h:92:31: warning: 'newSound' overrides a member function but is not marked 'override' [-Winconsistent-missing-override]
C/C++:    92 |     std::shared_ptr<VROSound> newSound(std::shared_ptr<VROSoundData> data, VROSoundType type) {
C/C++:       |                               ^
C/C++: /Users/mikevocalz/virocore-rive-panel/android/sharedCode/../../ViroRenderer/VRODriver.h:295:39: note: overridden virtual function is here
C/C++:   295 |     virtual std::shared_ptr<VROSound> newSound(std::shared_ptr<VROSoundData> data, VROSoundType type) = 0;
C/C++:       |                                       ^
C/C++: In file included from /Users/mikevocalz/virocore-rive-panel/ViroRenderer/capi/Quad_JNI.cpp:33:
C/C++: In file included from /Users/mikevocalz/virocore-rive-panel/android/sharedCode/../sharedCode/src/main/cpp/jni/VRORenderer_JNI.h:30:
C/C++: In file included from /Users/mikevocalz/virocore-rive-panel/android/sharedCode/../sharedCode/src/main/cpp/VROSceneRenderer.h:35:
C/C++: /Users/mikevocalz/virocore-rive-panel/android/sharedCode/../sharedCode/src/main/cpp/VRODriverOpenGLAndroid.h:96:31: warning: 'newSound' overrides a member function but is not marked 'override' [-Winconsistent-missing-override]
C/C++:    96 |     std::shared_ptr<VROSound> newSound(std::string resource, VROResourceType resourceType, VROSoundType type) {
C/C++:       |                               ^
C/C++: /Users/mikevocalz/virocore-rive-panel/android/sharedCode/../../ViroRenderer/VRODriver.h:296:39: note: overridden virtual function is here
C/C++:   296 |     virtual std::shared_ptr<VROSound> newSound(std::string resource, VROResourceType resourceType, VROSoundType type) = 0;
C/C++:       |                                       ^
C/C++: In file included from /Users/mikevocalz/virocore-rive-panel/ViroRenderer/capi/Quad_JNI.cpp:33:
C/C++: In file included from /Users/mikevocalz/virocore-rive-panel/android/sharedCode/../sharedCode/src/main/cpp/jni/VRORenderer_JNI.h:30:
C/C++: In file included from /Users/mikevocalz/virocore-rive-panel/android/sharedCode/../sharedCode/src/main/cpp/VROSceneRenderer.h:35:
C/C++: /Users/mikevocalz/virocore-rive-panel/android/sharedCode/../sharedCode/src/main/cpp/VRODriverOpenGLAndroid.h:100:37: warning: 'newAudioPlayer' overrides a member function but is not marked 'override' [-Winconsistent-missing-override]
C/C++:   100 |     std::shared_ptr<VROAudioPlayer> newAudioPlayer(std::shared_ptr<VROSoundData> data) {
C/C++:       |                                     ^
C/C++: /Users/mikevocalz/virocore-rive-panel/android/sharedCode/../../ViroRenderer/VRODriver.h:297:45: note: overridden virtual function is here
C/C++:   297 |     virtual std::shared_ptr<VROAudioPlayer> newAudioPlayer(std::shared_ptr<VROSoundData> data) = 0;
C/C++:       |                                             ^
C/C++: In file included from /Users/mikevocalz/virocore-rive-panel/ViroRenderer/capi/Quad_JNI.cpp:33:
C/C++: In file included from /Users/mikevocalz/virocore-rive-panel/android/sharedCode/../sharedCode/src/main/cpp/jni/VRORenderer_JNI.h:30:
C/C++: In file included from /Users/mikevocalz/virocore-rive-panel/android/sharedCode/../sharedCode/src/main/cpp/VROSceneRenderer.h:35:
C/C++: /Users/mikevocalz/virocore-rive-panel/android/sharedCode/../sharedCode/src/main/cpp/VRODriverOpenGLAndroid.h:104:37: warning: 'newAudioPlayer' overrides a member function but is not marked 'override' [-Winconsistent-missing-override]
C/C++:   104 |     std::shared_ptr<VROAudioPlayer> newAudioPlayer(std::string fileName, bool isLocal) {
C/C++:       |                                     ^
C/C++: /Users/mikevocalz/virocore-rive-panel/android/sharedCode/../../ViroRenderer/VRODriver.h:298:45: note: overridden virtual function is here
C/C++:   298 |     virtual std::shared_ptr<VROAudioPlayer> newAudioPlayer(std::string path, bool isLocal) = 0;
C/C++:       |                                             ^
C/C++: In file included from /Users/mikevocalz/virocore-rive-panel/ViroRenderer/capi/Quad_JNI.cpp:33:
C/C++: In file included from /Users/mikevocalz/virocore-rive-panel/android/sharedCode/../sharedCode/src/main/cpp/jni/VRORenderer_JNI.h:30:
C/C++: In file included from /Users/mikevocalz/virocore-rive-panel/android/sharedCode/../sharedCode/src/main/cpp/VROSceneRenderer.h:35:
C/C++: /Users/mikevocalz/virocore-rive-panel/android/sharedCode/../sharedCode/src/main/cpp/VRODriverOpenGLAndroid.h:116:10: warning: 'setSoundRoom' overrides a member function but is not marked 'override' [-Winconsistent-missing-override]
C/C++:   116 |     void setSoundRoom(float sizeX, float sizeY, float sizeZ, std::string wallMaterial,
C/C++:       |          ^
C/C++: /Users/mikevocalz/virocore-rive-panel/android/sharedCode/../../ViroRenderer/VRODriver.h:309:18: note: overridden virtual function is here
C/C++:   309 |     virtual void setSoundRoom(float sizeX, float sizeY, float sizeZ, std::string wallMaterial,
C/C++:       |                  ^
C/C++: In file included from /Users/mikevocalz/virocore-rive-panel/ViroRenderer/capi/Quad_JNI.cpp:33:
C/C++: In file included from /Users/mikevocalz/virocore-rive-panel/android/sharedCode/../sharedCode/src/main/cpp/jni/VRORenderer_JNI.h:30:
C/C++: In file included from /Users/mikevocalz/virocore-rive-panel/android/sharedCode/../sharedCode/src/main/cpp/VROSceneRenderer.h:35:
C/C++: /Users/mikevocalz/virocore-rive-panel/android/sharedCode/../sharedCode/src/main/cpp/VRODriverOpenGLAndroid.h:135:44: warning: 'createTypefaceCollection' overrides a member function but is not marked 'override' [-Winconsistent-missing-override]
C/C++:   135 |     std::shared_ptr<VROTypefaceCollection> createTypefaceCollection(std::string typefaceNames, int size, VROFontStyle style,
C/C++:       |                                            ^
C/C++: /Users/mikevocalz/virocore-rive-panel/android/sharedCode/../../ViroRenderer/VRODriverOpenGL.h:628:52: note: overridden virtual function is here
C/C++:   628 |     virtual std::shared_ptr<VROTypefaceCollection> createTypefaceCollection(std::string typefaces, int size, VROFontStyle style,
C/C++:       |                                                    ^
C/C++: 51 warnings generated.
C/C++: In file included from /Users/mikevocalz/virocore-rive-panel/android/sharedCode/src/main/cpp/VROSceneRenderer.cpp:24:
C/C++: In file included from /Users/mikevocalz/virocore-rive-panel/android/sharedCode/src/main/cpp/VROSceneRenderer.h:35:
C/C++: In file included from /Users/mikevocalz/virocore-rive-panel/android/sharedCode/src/main/cpp/VRODriverOpenGLAndroid.h:31:
C/C++: In file included from /Users/mikevocalz/virocore-rive-panel/android/sharedCode/../../ViroRenderer/VRODriverOpenGL.h:37:
C/C++: /Users/mikevocalz/virocore-rive-panel/android/sharedCode/../../ViroRenderer/VROMaterialSubstrateOpenGL.h:69:10: warning: 'bindShader' overrides a member function but is not marked 'override' [-Winconsistent-missing-override]
C/C++:    69 |     bool bindShader(int lightsHash,
C/C++:       |          ^
C/C++: /Users/mikevocalz/virocore-rive-panel/android/sharedCode/../../ViroRenderer/VROMaterialSubstrate.h:70:18: note: overridden virtual function is here
C/C++:    70 |     virtual bool bindShader(int lightsHash,
C/C++:       |                  ^
C/C++: In file included from /Users/mikevocalz/virocore-rive-panel/android/sharedCode/src/main/cpp/VROSceneRenderer.cpp:24:
C/C++: In file included from /Users/mikevocalz/virocore-rive-panel/android/sharedCode/src/main/cpp/VROSceneRenderer.h:35:
C/C++: In file included from /Users/mikevocalz/virocore-rive-panel/android/sharedCode/src/main/cpp/VRODriverOpenGLAndroid.h:31:
C/C++: In file included from /Users/mikevocalz/virocore-rive-panel/android/sharedCode/../../ViroRenderer/VRODriverOpenGL.h:37:
C/C++: /Users/mikevocalz/virocore-rive-panel/android/sharedCode/../../ViroRenderer/VROMaterialSubstrateOpenGL.h:79:10: warning: 'bindProperties' overrides a member function but is not marked 'override' [-Winconsistent-missing-override]
C/C++:    79 |     void bindProperties(std::shared_ptr<VRODriver> &driver);
C/C++:       |          ^
C/C++: /Users/mikevocalz/virocore-rive-panel/android/sharedCode/../../ViroRenderer/VROMaterialSubstrate.h:80:18: note: overridden virtual function is here
C/C++:    80 |     virtual void bindProperties(std::shared_ptr<VRODriver> &driver) = 0;
C/C++:       |                  ^
C/C++: In file included from /Users/mikevocalz/virocore-rive-panel/android/sharedCode/src/main/cpp/VROSceneRenderer.cpp:24:
C/C++: In file included from /Users/mikevocalz/virocore-rive-panel/android/sharedCode/src/main/cpp/VROSceneRenderer.h:35:
C/C++: In file included from /Users/mikevocalz/virocore-rive-panel/android/sharedCode/src/main/cpp/VRODriverOpenGLAndroid.h:31:
C/C++: In file included from /Users/mikevocalz/virocore-rive-panel/android/sharedCode/../../ViroRenderer/VRODriverOpenGL.h:37:
C/C++: /Users/mikevocalz/virocore-rive-panel/android/sharedCode/../../ViroRenderer/VROMaterialSubstrateOpenGL.h:86:10: warning: 'bindGeometry' overrides a member function but is not marked 'override' [-Winconsistent-missing-override]
C/C++:    86 |     void bindGeometry(float opacity, const VROGeometry &geometry);
C/C++:       |          ^
C/C++: /Users/mikevocalz/virocore-rive-panel/android/sharedCode/../../ViroRenderer/VROMaterialSubstrate.h:87:18: note: overridden virtual function is here
C/C++:    87 |     virtual void bindGeometry(float opacity, const VROGeometry &geometry) = 0;
C/C++:       |                  ^
C/C++: In file included from /Users/mikevocalz/virocore-rive-panel/android/sharedCode/src/main/cpp/VROSceneRenderer.cpp:24:
C/C++: In file included from /Users/mikevocalz/virocore-rive-panel/android/sharedCode/src/main/cpp/VROSceneRenderer.h:35:
C/C++: In file included from /Users/mikevocalz/virocore-rive-panel/android/sharedCode/src/main/cpp/VRODriverOpenGLAndroid.h:31:
C/C++: In file included from /Users/mikevocalz/virocore-rive-panel/android/sharedCode/../../ViroRenderer/VRODriverOpenGL.h:38:
C/C++: /Users/mikevocalz/virocore-rive-panel/android/sharedCode/../../ViroRenderer/VROTextureSubstrateOpenGL.h:94:10: warning: 'updateWrapMode' overrides a member function but is not marked 'override' [-Winconsistent-missing-override]
C/C++:    94 |     void updateWrapMode(VROWrapMode wrapModeS, VROWrapMode wrapModeT);
C/C++:       |          ^
C/C++: /Users/mikevocalz/virocore-rive-panel/android/sharedCode/../../ViroRenderer/VROTextureSubstrate.h:37:18: note: overridden virtual function is here
C/C++:    37 |     virtual void updateWrapMode(VROWrapMode wrapModeS, VROWrapMode wrapModeT) = 0;
C/C++:       |                  ^
C/C++: In file included from /Users/mikevocalz/virocore-rive-panel/android/sharedCode/src/main/cpp/VROSceneRenderer.cpp:24:
C/C++: In file included from /Users/mikevocalz/virocore-rive-panel/android/sharedCode/src/main/cpp/VROSceneRenderer.h:35:
C/C++: In file included from /Users/mikevocalz/virocore-rive-panel/android/sharedCode/src/main/cpp/VRODriverOpenGLAndroid.h:31:
C/C++: /Users/mikevocalz/virocore-rive-panel/android/sharedCode/../../ViroRenderer/VRODriverOpenGL.h:64:10: warning: 'willRenderFrame' overrides a member function but is not marked 'override' [-Winconsistent-missing-override]
C/C++:    64 |     void willRenderFrame(const VRORenderContext &context) {
C/C++:       |          ^
C/C++: /Users/mikevocalz/virocore-rive-panel/android/sharedCode/../../ViroRenderer/VRODriver.h:172:18: note: overridden virtual function is here
C/C++:   172 |     virtual void willRenderFrame(const VRORenderContext &context) = 0;
C/C++:       |                  ^
C/C++: In file included from /Users/mikevocalz/virocore-rive-panel/android/sharedCode/src/main/cpp/VROSceneRenderer.cpp:24:
C/C++: In file included from /Users/mikevocalz/virocore-rive-panel/android/sharedCode/src/main/cpp/VROSceneRenderer.h:35:
C/C++: In file included from /Users/mikevocalz/virocore-rive-panel/android/sharedCode/src/main/cpp/VRODriverOpenGLAndroid.h:31:
C/C++: /Users/mikevocalz/virocore-rive-panel/android/sharedCode/../../ViroRenderer/VRODriverOpenGL.h:152:10: warning: 'didRenderFrame' overrides a member function but is not marked 'override' [-Winconsistent-missing-override]
C/C++:   152 |     void didRenderFrame(const VROFrameTimer &timer, const VRORenderContext &context) {
C/C++:       |          ^
C/C++: /Users/mikevocalz/virocore-rive-panel/android/sharedCode/../../ViroRenderer/VRODriver.h:173:18: note: overridden virtual function is here
C/C++:   173 |     virtual void didRenderFrame(const VROFrameTimer &timer, const VRORenderContext &context) = 0;
C/C++:       |                  ^
C/C++: In file included from /Users/mikevocalz/virocore-rive-panel/android/sharedCode/src/main/cpp/VROSceneRenderer.cpp:24:
C/C++: In file included from /Users/mikevocalz/virocore-rive-panel/android/sharedCode/src/main/cpp/VROSceneRenderer.h:35:
C/C++: In file included from /Users/mikevocalz/virocore-rive-panel/android/sharedCode/src/main/cpp/VRODriverOpenGLAndroid.h:31:
C/C++: /Users/mikevocalz/virocore-rive-panel/android/sharedCode/../../ViroRenderer/VRODriverOpenGL.h:166:10: warning: 'willRenderEye' overrides a member function but is not marked 'override' [-Winconsistent-missing-override]
C/C++:   166 |     void willRenderEye(const VRORenderContext &context) {
C/C++:       |          ^
C/C++: /Users/mikevocalz/virocore-rive-panel/android/sharedCode/../../ViroRenderer/VRODriver.h:179:18: note: overridden virtual function is here
C/C++:   179 |     virtual void willRenderEye(const VRORenderContext &context) = 0;
C/C++:       |                  ^
C/C++: In file included from /Users/mikevocalz/virocore-rive-panel/android/sharedCode/src/main/cpp/VROSceneRenderer.cpp:24:
C/C++: In file included from /Users/mikevocalz/virocore-rive-panel/android/sharedCode/src/main/cpp/VROSceneRenderer.h:35:
C/C++: In file included from /Users/mikevocalz/virocore-rive-panel/android/sharedCode/src/main/cpp/VRODriverOpenGLAndroid.h:31:
C/C++: /Users/mikevocalz/virocore-rive-panel/android/sharedCode/../../ViroRenderer/VRODriverOpenGL.h:170:10: warning: 'didRenderEye' overrides a member function but is not marked 'override' [-Winconsistent-missing-override]
C/C++:   170 |     void didRenderEye(const VRORenderContext &context) {
C/C++:       |          ^
C/C++: /Users/mikevocalz/virocore-rive-panel/android/sharedCode/../../ViroRenderer/VRODriver.h:180:18: note: overridden virtual function is here
C/C++:   180 |     virtual void didRenderEye(const VRORenderContext &context) = 0;
C/C++:       |                  ^
C/C++: In file included from /Users/mikevocalz/virocore-rive-panel/android/sharedCode/src/main/cpp/VROSceneRenderer.cpp:24:
C/C++: In file included from /Users/mikevocalz/virocore-rive-panel/android/sharedCode/src/main/cpp/VROSceneRenderer.h:35:
C/C++: In file included from /Users/mikevocalz/virocore-rive-panel/android/sharedCode/src/main/cpp/VRODriverOpenGLAndroid.h:31:
C/C++: /Users/mikevocalz/virocore-rive-panel/android/sharedCode/../../ViroRenderer/VRODriverOpenGL.h:181:10: warning: 'setActiveTextureUnit' overrides a member function but is not marked 'override' [-Winconsistent-missing-override]
C/C++:   181 |     void setActiveTextureUnit(int unit) {
C/C++:       |          ^
C/C++: /Users/mikevocalz/virocore-rive-panel/android/sharedCode/../../ViroRenderer/VRODriver.h:212:18: note: overridden virtual function is here
C/C++:   212 |     virtual void setActiveTextureUnit(int unit) = 0;
C/C++:       |                  ^
C/C++: In file included from /Users/mikevocalz/virocore-rive-panel/android/sharedCode/src/main/cpp/VROSceneRenderer.cpp:24:
C/C++: In file included from /Users/mikevocalz/virocore-rive-panel/android/sharedCode/src/main/cpp/VROSceneRenderer.h:35:
C/C++: In file included from /Users/mikevocalz/virocore-rive-panel/android/sharedCode/src/main/cpp/VRODriverOpenGLAndroid.h:31:
C/C++: /Users/mikevocalz/virocore-rive-panel/android/sharedCode/../../ViroRenderer/VRODriverOpenGL.h:197:10: warning: 'bindTexture' overrides a member function but is not marked 'override' [-Winconsistent-missing-override]
C/C++:   197 |     void bindTexture(int target, int texture) {
C/C++:       |          ^
C/C++: /Users/mikevocalz/virocore-rive-panel/android/sharedCode/../../ViroRenderer/VRODriver.h:213:18: note: overridden virtual function is here
C/C++:   213 |     virtual void bindTexture(int target, int texture) = 0;
C/C++:       |                  ^
C/C++: In file included from /Users/mikevocalz/virocore-rive-panel/android/sharedCode/src/main/cpp/VROSceneRenderer.cpp:24:
C/C++: In file included from /Users/mikevocalz/virocore-rive-panel/android/sharedCode/src/main/cpp/VROSceneRenderer.h:35:
C/C++: In file included from /Users/mikevocalz/virocore-rive-panel/android/sharedCode/src/main/cpp/VRODriverOpenGLAndroid.h:31:
C/C++: /Users/mikevocalz/virocore-rive-panel/android/sharedCode/../../ViroRenderer/VRODriverOpenGL.h:204:10: warning: 'bindTexture' overrides a member function but is not marked 'override' [-Winconsistent-missing-override]
C/C++:   204 |     void bindTexture(int unit, int target, int texture) {
C/C++:       |          ^
C/C++: /Users/mikevocalz/virocore-rive-panel/android/sharedCode/../../ViroRenderer/VRODriver.h:214:18: note: overridden virtual function is here
C/C++:   214 |     virtual void bindTexture(int unit, int target, int texture) = 0;
C/C++:       |                  ^
C/C++: In file included from /Users/mikevocalz/virocore-rive-panel/android/sharedCode/src/main/cpp/VROSceneRenderer.cpp:24:
C/C++: In file included from /Users/mikevocalz/virocore-rive-panel/android/sharedCode/src/main/cpp/VROSceneRenderer.h:35:
C/C++: In file included from /Users/mikevocalz/virocore-rive-panel/android/sharedCode/src/main/cpp/VRODriverOpenGLAndroid.h:31:
C/C++: /Users/mikevocalz/virocore-rive-panel/android/sharedCode/../../ViroRenderer/VRODriverOpenGL.h:234:10: warning: 'setDepthWritingEnabled' overrides a member function but is not marked 'override' [-Winconsistent-missing-override]
C/C++:   234 |     void setDepthWritingEnabled(bool enabled) {
C/C++:       |          ^
C/C++: /Users/mikevocalz/virocore-rive-panel/android/sharedCode/../../ViroRenderer/VRODriver.h:215:18: note: overridden virtual function is here
C/C++:   215 |     virtual void setDepthWritingEnabled(bool enabled) = 0;
C/C++:       |                  ^
C/C++: In file included from /Users/mikevocalz/virocore-rive-panel/android/sharedCode/src/main/cpp/VROSceneRenderer.cpp:24:
C/C++: In file included from /Users/mikevocalz/virocore-rive-panel/android/sharedCode/src/main/cpp/VROSceneRenderer.h:35:
C/C++: In file included from /Users/mikevocalz/virocore-rive-panel/android/sharedCode/src/main/cpp/VRODriverOpenGLAndroid.h:31:
C/C++: /Users/mikevocalz/virocore-rive-panel/android/sharedCode/../../ViroRenderer/VRODriverOpenGL.h:248:10: warning: 'setDepthReadingEnabled' overrides a member function but is not marked 'override' [-Winconsistent-missing-override]
C/C++:   248 |     void setDepthReadingEnabled(bool enabled) {
C/C++:       |          ^
C/C++: /Users/mikevocalz/virocore-rive-panel/android/sharedCode/../../ViroRenderer/VRODriver.h:216:18: note: overridden virtual function is here
C/C++:   216 |     virtual void setDepthReadingEnabled(bool enabled) = 0;
C/C++:       |                  ^
C/C++: In file included from /Users/mikevocalz/virocore-rive-panel/android/sharedCode/src/main/cpp/VROSceneRenderer.cpp:24:
C/C++: In file included from /Users/mikevocalz/virocore-rive-panel/android/sharedCode/src/main/cpp/VROSceneRenderer.h:35:
C/C++: In file included from /Users/mikevocalz/virocore-rive-panel/android/sharedCode/src/main/cpp/VRODriverOpenGLAndroid.h:31:
C/C++: /Users/mikevocalz/virocore-rive-panel/android/sharedCode/../../ViroRenderer/VRODriverOpenGL.h:262:10: warning: 'setStencilTestEnabled' overrides a member function but is not marked 'override' [-Winconsistent-missing-override]
C/C++:   262 |     void setStencilTestEnabled(bool enabled) {
C/C++:       |          ^
C/C++: /Users/mikevocalz/virocore-rive-panel/android/sharedCode/../../ViroRenderer/VRODriver.h:217:18: note: overridden virtual function is here
C/C++:   217 |     virtual void setStencilTestEnabled(bool enabled) = 0;
C/C++:       |                  ^
C/C++: In file included from /Users/mikevocalz/virocore-rive-panel/android/sharedCode/src/main/cpp/VROSceneRenderer.cpp:24:
C/C++: In file included from /Users/mikevocalz/virocore-rive-panel/android/sharedCode/src/main/cpp/VROSceneRenderer.h:35:
C/C++: In file included from /Users/mikevocalz/virocore-rive-panel/android/sharedCode/src/main/cpp/VRODriverOpenGLAndroid.h:31:
C/C++: /Users/mikevocalz/virocore-rive-panel/android/sharedCode/../../ViroRenderer/VRODriverOpenGL.h:276:10: warning: 'setCullMode' overrides a member function but is not marked 'override' [-Winconsistent-missing-override]
C/C++:   276 |     void setCullMode(VROCullMode cullMode) {
C/C++:       |          ^
C/C++: /Users/mikevocalz/virocore-rive-panel/android/sharedCode/../../ViroRenderer/VRODriver.h:218:18: note: overridden virtual function is here
C/C++:   218 |     virtual void setCullMode(VROCullMode cullMode) = 0;
C/C++:       |                  ^
C/C++: In file included from /Users/mikevocalz/virocore-rive-panel/android/sharedCode/src/main/cpp/VROSceneRenderer.cpp:24:
C/C++: In file included from /Users/mikevocalz/virocore-rive-panel/android/sharedCode/src/main/cpp/VROSceneRenderer.h:35:
C/C++: In file included from /Users/mikevocalz/virocore-rive-panel/android/sharedCode/src/main/cpp/VRODriverOpenGLAndroid.h:31:
C/C++: /Users/mikevocalz/virocore-rive-panel/android/sharedCode/../../ViroRenderer/VRODriverOpenGL.h:295:10: warning: 'setBlendingMode' overrides a member function but is not marked 'override' [-Winconsistent-missing-override]
C/C++:   295 |     void setBlendingMode(VROBlendMode mode) {
C/C++:       |          ^
C/C++: /Users/mikevocalz/virocore-rive-panel/android/sharedCode/../../ViroRenderer/VRODriver.h:311:18: note: overridden virtual function is here
C/C++:   311 |     virtual void setBlendingMode(VROBlendMode mode) = 0;
C/C++:       |                  ^
C/C++: In file included from /Users/mikevocalz/virocore-rive-panel/android/sharedCode/src/main/cpp/VROSceneRenderer.cpp:24:
C/C++: In file included from /Users/mikevocalz/virocore-rive-panel/android/sharedCode/src/main/cpp/VROSceneRenderer.h:35:
C/C++: In file included from /Users/mikevocalz/virocore-rive-panel/android/sharedCode/src/main/cpp/VRODriverOpenGLAndroid.h:31:
C/C++: /Users/mikevocalz/virocore-rive-panel/android/sharedCode/../../ViroRenderer/VRODriverOpenGL.h:339:10: warning: 'setRenderTargetColorWritingMask' overrides a member function but is not marked 'override' [-Winconsistent-missing-override]
C/C++:   339 |     void setRenderTargetColorWritingMask(VROColorMask mask) {
C/C++:       |          ^
C/C++: /Users/mikevocalz/virocore-rive-panel/android/sharedCode/../../ViroRenderer/VRODriver.h:219:18: note: overridden virtual function is here
C/C++:   219 |     virtual void setRenderTargetColorWritingMask(VROColorMask mask) = 0;
C/C++:       |                  ^
C/C++: In file included from /Users/mikevocalz/virocore-rive-panel/android/sharedCode/src/main/cpp/VROSceneRenderer.cpp:24:
C/C++: In file included from /Users/mikevocalz/virocore-rive-panel/android/sharedCode/src/main/cpp/VROSceneRenderer.h:35:
C/C++: In file included from /Users/mikevocalz/virocore-rive-panel/android/sharedCode/src/main/cpp/VRODriverOpenGLAndroid.h:31:
C/C++: /Users/mikevocalz/virocore-rive-panel/android/sharedCode/../../ViroRenderer/VRODriverOpenGL.h:347:10: warning: 'setMaterialColorWritingMask' overrides a member function but is not marked 'override' [-Winconsistent-missing-override]
C/C++:   347 |     void setMaterialColorWritingMask(VROColorMask mask) {
C/C++:       |          ^
C/C++: /Users/mikevocalz/virocore-rive-panel/android/sharedCode/../../ViroRenderer/VRODriver.h:220:18: note: overridden virtual function is here
C/C++:   220 |     virtual void setMaterialColorWritingMask(VROColorMask mask) = 0;
C/C++:       |                  ^
C/C++: In file included from /Users/mikevocalz/virocore-rive-panel/android/sharedCode/src/main/cpp/VROSceneRenderer.cpp:24:
C/C++: In file included from /Users/mikevocalz/virocore-rive-panel/android/sharedCode/src/main/cpp/VROSceneRenderer.h:35:
C/C++: In file included from /Users/mikevocalz/virocore-rive-panel/android/sharedCode/src/main/cpp/VRODriverOpenGLAndroid.h:31:
C/C++: /Users/mikevocalz/virocore-rive-panel/android/sharedCode/../../ViroRenderer/VRODriverOpenGL.h:355:10: warning: 'bindShader' overrides a member function but is not marked 'override' [-Winconsistent-missing-override]
C/C++:   355 |     void bindShader(std::shared_ptr<VROShaderProgram> program) {
C/C++:       |          ^
C/C++: /Users/mikevocalz/virocore-rive-panel/android/sharedCode/../../ViroRenderer/VRODriver.h:221:18: note: overridden virtual function is here
C/C++:   221 |     virtual void bindShader(std::shared_ptr<VROShaderProgram> program) = 0;
C/C++:       |                  ^
C/C++: In file included from /Users/mikevocalz/virocore-rive-panel/android/sharedCode/src/main/cpp/VROSceneRenderer.cpp:24:
C/C++: In file included from /Users/mikevocalz/virocore-rive-panel/android/sharedCode/src/main/cpp/VROSceneRenderer.h:35:
C/C++: In file included from /Users/mikevocalz/virocore-rive-panel/android/sharedCode/src/main/cpp/VRODriverOpenGLAndroid.h:31:
C/C++: /Users/mikevocalz/virocore-rive-panel/android/sharedCode/../../ViroRenderer/VRODriverOpenGL.h:373:10: warning: 'unbindShader' overrides a member function but is not marked 'override' [-Winconsistent-missing-override]
C/C++:   373 |     void unbindShader() {
C/C++:       |          ^
C/C++: /Users/mikevocalz/virocore-rive-panel/android/sharedCode/../../ViroRenderer/VRODriver.h:222:18: note: overridden virtual function is here
C/C++:   222 |     virtual void unbindShader() = 0;
C/C++:       |                  ^
C/C++: In file included from /Users/mikevocalz/virocore-rive-panel/android/sharedCode/src/main/cpp/VROSceneRenderer.cpp:24:
C/C++: In file included from /Users/mikevocalz/virocore-rive-panel/android/sharedCode/src/main/cpp/VROSceneRenderer.h:35:
C/C++: In file included from /Users/mikevocalz/virocore-rive-panel/android/sharedCode/src/main/cpp/VRODriverOpenGLAndroid.h:31:
C/C++: /Users/mikevocalz/virocore-rive-panel/android/sharedCode/../../ViroRenderer/VRODriverOpenGL.h:381:10: warning: 'bindRenderTarget' overrides a member function but is not marked 'override' [-Winconsistent-missing-override]
C/C++:   381 |     bool bindRenderTarget(std::shared_ptr<VRORenderTarget> target, VRORenderTargetUnbindOp unbindOp) {
C/C++:       |          ^
C/C++: /Users/mikevocalz/virocore-rive-panel/android/sharedCode/../../ViroRenderer/VRODriver.h:229:18: note: overridden virtual function is here
C/C++:   229 |     virtual bool bindRenderTarget(std::shared_ptr<VRORenderTarget> target, VRORenderTargetUnbindOp unbindOp) = 0;
C/C++:       |                  ^
C/C++: In file included from /Users/mikevocalz/virocore-rive-panel/android/sharedCode/src/main/cpp/VROSceneRenderer.cpp:24:
C/C++: In file included from /Users/mikevocalz/virocore-rive-panel/android/sharedCode/src/main/cpp/VROSceneRenderer.h:35:
C/C++: In file included from /Users/mikevocalz/virocore-rive-panel/android/sharedCode/src/main/cpp/VRODriverOpenGLAndroid.h:31:
C/C++: /Users/mikevocalz/virocore-rive-panel/android/sharedCode/../../ViroRenderer/VRODriverOpenGL.h:416:10: warning: 'unbindRenderTarget' overrides a member function but is not marked 'override' [-Winconsistent-missing-override]
C/C++:   416 |     void unbindRenderTarget() {
C/C++:       |          ^
C/C++: /Users/mikevocalz/virocore-rive-panel/android/sharedCode/../../ViroRenderer/VRODriver.h:230:18: note: overridden virtual function is here
C/C++:   230 |     virtual void unbindRenderTarget() = 0;
C/C++:       |                  ^
C/C++: In file included from /Users/mikevocalz/virocore-rive-panel/android/sharedCode/src/main/cpp/VROSceneRenderer.cpp:24:
C/C++: In file included from /Users/mikevocalz/virocore-rive-panel/android/sharedCode/src/main/cpp/VROSceneRenderer.h:35:
C/C++: In file included from /Users/mikevocalz/virocore-rive-panel/android/sharedCode/src/main/cpp/VRODriverOpenGLAndroid.h:31:
C/C++: /Users/mikevocalz/virocore-rive-panel/android/sharedCode/../../ViroRenderer/VRODriverOpenGL.h:424:38: warning: 'getRenderTarget' overrides a member function but is not marked 'override' [-Winconsistent-missing-override]
C/C++:   424 |     std::shared_ptr<VRORenderTarget> getRenderTarget() {
C/C++:       |                                      ^
C/C++: /Users/mikevocalz/virocore-rive-panel/android/sharedCode/../../ViroRenderer/VRODriver.h:236:46: note: overridden virtual function is here
C/C++:   236 |     virtual std::shared_ptr<VRORenderTarget> getRenderTarget() = 0;
C/C++:       |                                              ^
C/C++: In file included from /Users/mikevocalz/virocore-rive-panel/android/sharedCode/src/main/cpp/VROSceneRenderer.cpp:24:
C/C++: In file included from /Users/mikevocalz/virocore-rive-panel/android/sharedCode/src/main/cpp/VROSceneRenderer.h:35:
C/C++: In file included from /Users/mikevocalz/virocore-rive-panel/android/sharedCode/src/main/cpp/VRODriverOpenGLAndroid.h:31:
C/C++: /Users/mikevocalz/virocore-rive-panel/android/sharedCode/../../ViroRenderer/VRODriverOpenGL.h:428:18: warning: 'isBloomSupported' overrides a member function but is not marked 'override' [-Winconsistent-missing-override]
C/C++:   428 |     virtual bool isBloomSupported() {
C/C++:       |                  ^
C/C++: /Users/mikevocalz/virocore-rive-panel/android/sharedCode/../../ViroRenderer/VRODriver.h:267:18: note: overridden virtual function is here
C/C++:   267 |     virtual bool isBloomSupported() = 0;
C/C++:       |                  ^
C/C++: In file included from /Users/mikevocalz/virocore-rive-panel/android/sharedCode/src/main/cpp/VROSceneRenderer.cpp:24:
C/C++: In file included from /Users/mikevocalz/virocore-rive-panel/android/sharedCode/src/main/cpp/VROSceneRenderer.h:35:
C/C++: In file included from /Users/mikevocalz/virocore-rive-panel/android/sharedCode/src/main/cpp/VRODriverOpenGLAndroid.h:31:
C/C++: /Users/mikevocalz/virocore-rive-panel/android/sharedCode/../../ViroRenderer/VRODriverOpenGL.h:432:27: warning: 'newGeometrySubstrate' overrides a member function but is not marked 'override' [-Winconsistent-missing-override]
C/C++:   432 |     VROGeometrySubstrate *newGeometrySubstrate(const VROGeometry &geometry) {
C/C++:       |                           ^
C/C++: /Users/mikevocalz/virocore-rive-panel/android/sharedCode/../../ViroRenderer/VRODriver.h:269:35: note: overridden virtual function is here
C/C++:   269 |     virtual VROGeometrySubstrate *newGeometrySubstrate(const VROGeometry &geometry) = 0;
C/C++:       |                                   ^
C/C++: In file included from /Users/mikevocalz/virocore-rive-panel/android/sharedCode/src/main/cpp/VROSceneRenderer.cpp:24:
C/C++: In file included from /Users/mikevocalz/virocore-rive-panel/android/sharedCode/src/main/cpp/VROSceneRenderer.h:35:
C/C++: In file included from /Users/mikevocalz/virocore-rive-panel/android/sharedCode/src/main/cpp/VRODriverOpenGLAndroid.h:31:
C/C++: /Users/mikevocalz/virocore-rive-panel/android/sharedCode/../../ViroRenderer/VRODriverOpenGL.h:437:27: warning: 'newMaterialSubstrate' overrides a member function but is not marked 'override' [-Winconsistent-missing-override]
C/C++:   437 |     VROMaterialSubstrate *newMaterialSubstrate(VROMaterial &material) {
C/C++:       |                           ^
C/C++: /Users/mikevocalz/virocore-rive-panel/android/sharedCode/../../ViroRenderer/VRODriver.h:270:35: note: overridden virtual function is here
C/C++:   270 |     virtual VROMaterialSubstrate *newMaterialSubstrate(VROMaterial &material) = 0;
C/C++:       |                                   ^
C/C++: In file included from /Users/mikevocalz/virocore-rive-panel/android/sharedCode/src/main/cpp/VROSceneRenderer.cpp:24:
C/C++: In file included from /Users/mikevocalz/virocore-rive-panel/android/sharedCode/src/main/cpp/VROSceneRenderer.h:35:
C/C++: In file included from /Users/mikevocalz/virocore-rive-panel/android/sharedCode/src/main/cpp/VRODriverOpenGLAndroid.h:31:
C/C++: /Users/mikevocalz/virocore-rive-panel/android/sharedCode/../../ViroRenderer/VRODriverOpenGL.h:442:26: warning: 'newTextureSubstrate' overrides a member function but is not marked 'override' [-Winconsistent-missing-override]
C/C++:   442 |     VROTextureSubstrate *newTextureSubstrate(VROTextureType type,
C/C++:       |                          ^
C/C++: /Users/mikevocalz/virocore-rive-panel/android/sharedCode/../../ViroRenderer/VRODriver.h:271:34: note: overridden virtual function is here
C/C++:   271 |     virtual VROTextureSubstrate *newTextureSubstrate(VROTextureType type,
C/C++:       |                                  ^
C/C++: In file included from /Users/mikevocalz/virocore-rive-panel/android/sharedCode/src/main/cpp/VROSceneRenderer.cpp:24:
C/C++: In file included from /Users/mikevocalz/virocore-rive-panel/android/sharedCode/src/main/cpp/VROSceneRenderer.h:35:
C/C++: In file included from /Users/mikevocalz/virocore-rive-panel/android/sharedCode/src/main/cpp/VRODriverOpenGLAndroid.h:31:
C/C++: /Users/mikevocalz/virocore-rive-panel/android/sharedCode/../../ViroRenderer/VRODriverOpenGL.h:457:38: warning: 'newRenderTarget' overrides a member function but is not marked 'override' [-Winconsistent-missing-override]
C/C++:   457 |     std::shared_ptr<VRORenderTarget> newRenderTarget(VRORenderTargetType type, int numAttachments, int numImages, bool enableMipmaps,
C/C++:       |                                      ^
C/C++: /Users/mikevocalz/virocore-rive-panel/android/sharedCode/../../ViroRenderer/VRODriver.h:279:46: note: overridden virtual function is here
C/C++:   279 |     virtual std::shared_ptr<VRORenderTarget> newRenderTarget(VRORenderTargetType type, int numAttachments, int numImages,
C/C++:       |                                              ^
C/C++: In file included from /Users/mikevocalz/virocore-rive-panel/android/sharedCode/src/main/cpp/VROSceneRenderer.cpp:24:
C/C++: In file included from /Users/mikevocalz/virocore-rive-panel/android/sharedCode/src/main/cpp/VROSceneRenderer.h:35:
C/C++: In file included from /Users/mikevocalz/virocore-rive-panel/android/sharedCode/src/main/cpp/VRODriverOpenGLAndroid.h:31:
C/C++: /Users/mikevocalz/virocore-rive-panel/android/sharedCode/../../ViroRenderer/VRODriverOpenGL.h:465:38: warning: 'newVertexBuffer' overrides a member function but is not marked 'override' [-Winconsistent-missing-override]
C/C++:   465 |     std::shared_ptr<VROVertexBuffer> newVertexBuffer(std::shared_ptr<VROData> data) {
C/C++:       |                                      ^
C/C++: /Users/mikevocalz/virocore-rive-panel/android/sharedCode/../../ViroRenderer/VRODriver.h:281:46: note: overridden virtual function is here
C/C++:   281 |     virtual std::shared_ptr<VROVertexBuffer> newVertexBuffer(std::shared_ptr<VROData> data) = 0;
C/C++:       |                                              ^
C/C++: In file included from /Users/mikevocalz/virocore-rive-panel/android/sharedCode/src/main/cpp/VROSceneRenderer.cpp:24:
C/C++: In file included from /Users/mikevocalz/virocore-rive-panel/android/sharedCode/src/main/cpp/VROSceneRenderer.h:35:
C/C++: In file included from /Users/mikevocalz/virocore-rive-panel/android/sharedCode/src/main/cpp/VRODriverOpenGLAndroid.h:31:
C/C++: /Users/mikevocalz/virocore-rive-panel/android/sharedCode/../../ViroRenderer/VRODriverOpenGL.h:476:42: warning: 'newImagePostProcess' overrides a member function but is not marked 'override' [-Winconsistent-missing-override]
C/C++:   476 |     std::shared_ptr<VROImagePostProcess> newImagePostProcess(std::shared_ptr<VROShaderProgram> shader) {
C/C++:       |                                          ^
C/C++: /Users/mikevocalz/virocore-rive-panel/android/sharedCode/../../ViroRenderer/VRODriver.h:293:50: note: overridden virtual function is here
C/C++:   293 |     virtual std::shared_ptr<VROImagePostProcess> newImagePostProcess(std::shared_ptr<VROShaderProgram> shader) = 0;
C/C++:       |                                                  ^
C/C++: In file included from /Users/mikevocalz/virocore-rive-panel/android/sharedCode/src/main/cpp/VROSceneRenderer.cpp:24:
C/C++: In file included from /Users/mikevocalz/virocore-rive-panel/android/sharedCode/src/main/cpp/VROSceneRenderer.h:35:
C/C++: In file included from /Users/mikevocalz/virocore-rive-panel/android/sharedCode/src/main/cpp/VRODriverOpenGLAndroid.h:31:
C/C++: /Users/mikevocalz/virocore-rive-panel/android/sharedCode/../../ViroRenderer/VRODriverOpenGL.h:480:10: warning: 'readGPUType' overrides a member function but is not marked 'override' [-Winconsistent-missing-override]
C/C++:   480 |     void readGPUType() {
C/C++:       |          ^
C/C++: /Users/mikevocalz/virocore-rive-panel/android/sharedCode/../../ViroRenderer/VRODriver.h:193:18: note: overridden virtual function is here
C/C++:   193 |     virtual void readGPUType() = 0;
C/C++:       |                  ^
C/C++: In file included from /Users/mikevocalz/virocore-rive-panel/android/sharedCode/src/main/cpp/VROSceneRenderer.cpp:24:
C/C++: In file included from /Users/mikevocalz/virocore-rive-panel/android/sharedCode/src/main/cpp/VROSceneRenderer.h:35:
C/C++: In file included from /Users/mikevocalz/virocore-rive-panel/android/sharedCode/src/main/cpp/VRODriverOpenGLAndroid.h:31:
C/C++: /Users/mikevocalz/virocore-rive-panel/android/sharedCode/../../ViroRenderer/VRODriverOpenGL.h:507:10: warning: 'setHasSoftwareGammaPass' overrides a member function but is not marked 'override' [-Winconsistent-missing-override]
C/C++:   507 |     void setHasSoftwareGammaPass(bool gammaPass) {
C/C++:       |          ^
C/C++: /Users/mikevocalz/virocore-rive-panel/android/sharedCode/../../ViroRenderer/VRODriver.h:248:18: note: overridden virtual function is here
C/C++:   248 |     virtual void setHasSoftwareGammaPass(bool softwareGamma) = 0;
C/C++:       |                  ^
C/C++: In file included from /Users/mikevocalz/virocore-rive-panel/android/sharedCode/src/main/cpp/VROSceneRenderer.cpp:24:
C/C++: In file included from /Users/mikevocalz/virocore-rive-panel/android/sharedCode/src/main/cpp/VROSceneRenderer.h:35:
C/C++: In file included from /Users/mikevocalz/virocore-rive-panel/android/sharedCode/src/main/cpp/VRODriverOpenGLAndroid.h:31:
C/C++: /Users/mikevocalz/virocore-rive-panel/android/sharedCode/../../ViroRenderer/VRODriverOpenGL.h:510:10: warning: 'hasSoftwareGammaPass' overrides a member function but is not marked 'override' [-Winconsistent-missing-override]
C/C++:   510 |     bool hasSoftwareGammaPass() const {
C/C++:       |          ^
C/C++: /Users/mikevocalz/virocore-rive-panel/android/sharedCode/../../ViroRenderer/VRODriver.h:249:18: note: overridden virtual function is here
C/C++:   249 |     virtual bool hasSoftwareGammaPass() const = 0;
C/C++:       |                  ^
C/C++: In file included from /Users/mikevocalz/virocore-rive-panel/android/sharedCode/src/main/cpp/VROSceneRenderer.cpp:24:
C/C++: In file included from /Users/mikevocalz/virocore-rive-panel/android/sharedCode/src/main/cpp/VROSceneRenderer.h:35:
C/C++: In file included from /Users/mikevocalz/virocore-rive-panel/android/sharedCode/src/main/cpp/VRODriverOpenGLAndroid.h:31:
C/C++: /Users/mikevocalz/virocore-rive-panel/android/sharedCode/../../ViroRenderer/VRODriverOpenGL.h:514:16: warning: 'getGPUType' overrides a member function but is not marked 'override' [-Winconsistent-missing-override]
C/C++:   514 |     VROGPUType getGPUType() {
C/C++:       |                ^
C/C++: /Users/mikevocalz/virocore-rive-panel/android/sharedCode/../../ViroRenderer/VRODriver.h:198:24: note: overridden virtual function is here
C/C++:   198 |     virtual VROGPUType getGPUType() = 0;
C/C++:       |                        ^
C/C++: In file included from /Users/mikevocalz/virocore-rive-panel/android/sharedCode/src/main/cpp/VROSceneRenderer.cpp:24:
C/C++: In file included from /Users/mikevocalz/virocore-rive-panel/android/sharedCode/src/main/cpp/VROSceneRenderer.h:35:
C/C++: In file included from /Users/mikevocalz/virocore-rive-panel/android/sharedCode/src/main/cpp/VRODriverOpenGLAndroid.h:31:
C/C++: /Users/mikevocalz/virocore-rive-panel/android/sharedCode/../../ViroRenderer/VRODriverOpenGL.h:518:10: warning: 'readDisplayFramebuffer' overrides a member function but is not marked 'override' [-Winconsistent-missing-override]
C/C++:   518 |     void readDisplayFramebuffer() {
C/C++:       |          ^
C/C++: /Users/mikevocalz/virocore-rive-panel/android/sharedCode/../../ViroRenderer/VRODriver.h:205:18: note: overridden virtual function is here
C/C++:   205 |     virtual void readDisplayFramebuffer() = 0;
C/C++:       |                  ^
C/C++: In file included from /Users/mikevocalz/virocore-rive-panel/android/sharedCode/src/main/cpp/VROSceneRenderer.cpp:24:
C/C++: In file included from /Users/mikevocalz/virocore-rive-panel/android/sharedCode/src/main/cpp/VROSceneRenderer.h:35:
C/C++: In file included from /Users/mikevocalz/virocore-rive-panel/android/sharedCode/src/main/cpp/VRODriverOpenGLAndroid.h:31:
C/C++: /Users/mikevocalz/virocore-rive-panel/android/sharedCode/../../ViroRenderer/VRODriverOpenGL.h:522:46: warning: 'getDisplay' overrides a member function but is not marked 'override' [-Winconsistent-missing-override]
C/C++:   522 |     virtual std::shared_ptr<VRORenderTarget> getDisplay() {
C/C++:       |                                              ^
C/C++: /Users/mikevocalz/virocore-rive-panel/android/sharedCode/../../ViroRenderer/VRODriver.h:292:46: note: overridden virtual function is here
C/C++:   292 |     virtual std::shared_ptr<VRORenderTarget> getDisplay() = 0;
C/C++:       |                                              ^
C/C++: In file included from /Users/mikevocalz/virocore-rive-panel/android/sharedCode/src/main/cpp/VROSceneRenderer.cpp:24:
C/C++: In file included from /Users/mikevocalz/virocore-rive-panel/android/sharedCode/src/main/cpp/VROSceneRenderer.h:35:
C/C++: In file included from /Users/mikevocalz/virocore-rive-panel/android/sharedCode/src/main/cpp/VRODriverOpenGLAndroid.h:31:
C/C++: /Users/mikevocalz/virocore-rive-panel/android/sharedCode/../../ViroRenderer/VRODriverOpenGL.h:556:44: warning: 'newTypefaceCollection' overrides a member function but is not marked 'override' [-Winconsistent-missing-override]
C/C++:   556 |     std::shared_ptr<VROTypefaceCollection> newTypefaceCollection(std::string typefaces, int size, VROFontStyle style,
C/C++:       |                                            ^
C/C++: /Users/mikevocalz/virocore-rive-panel/android/sharedCode/../../ViroRenderer/VRODriver.h:308:52: note: overridden virtual function is here
C/C++:   308 |     virtual std::shared_ptr<VROTypefaceCollection> newTypefaceCollection(std::string typefaces, int size, VROFontStyle style, VROFontWeight weight) = 0;
C/C++:       |                                                    ^
C/C++: In file included from /Users/mikevocalz/virocore-rive-panel/android/sharedCode/src/main/cpp/VROSceneRenderer.cpp:24:
C/C++: In file included from /Users/mikevocalz/virocore-rive-panel/android/sharedCode/src/main/cpp/VROSceneRenderer.h:35:
C/C++: In file included from /Users/mikevocalz/virocore-rive-panel/android/sharedCode/src/main/cpp/VRODriverOpenGLAndroid.h:31:
C/C++: /Users/mikevocalz/virocore-rive-panel/android/sharedCode/../../ViroRenderer/VRODriverOpenGL.h:580:40: warning: 'getFrameScheduler' overrides a member function but is not marked 'override' [-Winconsistent-missing-override]
C/C++:   580 |     std::shared_ptr<VROFrameScheduler> getFrameScheduler() {
C/C++:       |                                        ^
C/C++: /Users/mikevocalz/virocore-rive-panel/android/sharedCode/../../ViroRenderer/VRODriver.h:313:48: note: overridden virtual function is here
C/C++:   313 |     virtual std::shared_ptr<VROFrameScheduler> getFrameScheduler() = 0;
C/C++:       |                                                ^
C/C++: In file included from /Users/mikevocalz/virocore-rive-panel/android/sharedCode/src/main/cpp/VROSceneRenderer.cpp:24:
C/C++: In file included from /Users/mikevocalz/virocore-rive-panel/android/sharedCode/src/main/cpp/VROSceneRenderer.h:35:
C/C++: In file included from /Users/mikevocalz/virocore-rive-panel/android/sharedCode/src/main/cpp/VRODriverOpenGLAndroid.h:31:
C/C++: /Users/mikevocalz/virocore-rive-panel/android/sharedCode/../../ViroRenderer/VRODriverOpenGL.h:635:19: warning: 'getGraphicsContext' overrides a member function but is not marked 'override' [-Winconsistent-missing-override]
C/C++:   635 |     virtual void *getGraphicsContext() { return nullptr; }
C/C++:       |                   ^
C/C++: /Users/mikevocalz/virocore-rive-panel/android/sharedCode/../../ViroRenderer/VRODriver.h:314:19: note: overridden virtual function is here
C/C++:   314 |     virtual void *getGraphicsContext() = 0;
C/C++:       |                   ^
C/C++: In file included from /Users/mikevocalz/virocore-rive-panel/android/sharedCode/src/main/cpp/VROSceneRenderer.cpp:24:
C/C++: In file included from /Users/mikevocalz/virocore-rive-panel/android/sharedCode/src/main/cpp/VROSceneRenderer.h:35:
C/C++: /Users/mikevocalz/virocore-rive-panel/android/sharedCode/src/main/cpp/VRODriverOpenGLAndroid.h:49:35: warning: 'getColorRenderingMode' overrides a member function but is not marked 'override' [-Winconsistent-missing-override]
C/C++:    49 |     virtual VROColorRenderingMode getColorRenderingMode() {
C/C++:       |                                   ^
C/C++: /Users/mikevocalz/virocore-rive-panel/android/sharedCode/../../ViroRenderer/VRODriver.h:242:35: note: overridden virtual function is here
C/C++:   242 |     virtual VROColorRenderingMode getColorRenderingMode() = 0;
C/C++:       |                                   ^
C/C++: In file included from /Users/mikevocalz/virocore-rive-panel/android/sharedCode/src/main/cpp/VROSceneRenderer.cpp:24:
C/C++: In file included from /Users/mikevocalz/virocore-rive-panel/android/sharedCode/src/main/cpp/VROSceneRenderer.h:35:
C/C++: /Users/mikevocalz/virocore-rive-panel/android/sharedCode/src/main/cpp/VRODriverOpenGLAndroid.h:63:18: warning: 'isBloomSupported' overrides a member function but is not marked 'override' [-Winconsistent-missing-override]
C/C++:    63 |     virtual bool isBloomSupported() {
C/C++:       |                  ^
C/C++: /Users/mikevocalz/virocore-rive-panel/android/sharedCode/../../ViroRenderer/VRODriverOpenGL.h:428:18: note: overridden virtual function is here
C/C++:   428 |     virtual bool isBloomSupported() {
C/C++:       |                  ^
C/C++: In file included from /Users/mikevocalz/virocore-rive-panel/android/sharedCode/src/main/cpp/VROSceneRenderer.cpp:24:
C/C++: In file included from /Users/mikevocalz/virocore-rive-panel/android/sharedCode/src/main/cpp/VROSceneRenderer.h:35:
C/C++: /Users/mikevocalz/virocore-rive-panel/android/sharedCode/src/main/cpp/VRODriverOpenGLAndroid.h:72:10: warning: 'willRenderFrame' overrides a member function but is not marked 'override' [-Winconsistent-missing-override]
C/C++:    72 |     void willRenderFrame(const VRORenderContext &context) {
C/C++:       |          ^
C/C++: /Users/mikevocalz/virocore-rive-panel/android/sharedCode/../../ViroRenderer/VRODriverOpenGL.h:64:10: note: overridden virtual function is here
C/C++:    64 |     void willRenderFrame(const VRORenderContext &context) {
C/C++:       |          ^
C/C++: In file included from /Users/mikevocalz/virocore-rive-panel/android/sharedCode/src/main/cpp/VROSceneRenderer.cpp:24:
C/C++: In file included from /Users/mikevocalz/virocore-rive-panel/android/sharedCode/src/main/cpp/VROSceneRenderer.h:35:
C/C++: /Users/mikevocalz/virocore-rive-panel/android/sharedCode/src/main/cpp/VRODriverOpenGLAndroid.h:79:10: warning: 'pause' overrides a member function but is not marked 'override' [-Winconsistent-missing-override]
C/C++:    79 |     void pause() {
C/C++:       |          ^
C/C++: /Users/mikevocalz/virocore-rive-panel/android/sharedCode/../../ViroRenderer/VRODriver.h:185:18: note: overridden virtual function is here
C/C++:   185 |     virtual void pause() = 0;
C/C++:       |                  ^
C/C++: In file included from /Users/mikevocalz/virocore-rive-panel/android/sharedCode/src/main/cpp/VROSceneRenderer.cpp:24:
C/C++: In file included from /Users/mikevocalz/virocore-rive-panel/android/sharedCode/src/main/cpp/VROSceneRenderer.h:35:
C/C++: /Users/mikevocalz/virocore-rive-panel/android/sharedCode/src/main/cpp/VRODriverOpenGLAndroid.h:83:10: warning: 'resume' overrides a member function but is not marked 'override' [-Winconsistent-missing-override]
C/C++:    83 |     void resume() {
C/C++:       |          ^
C/C++: /Users/mikevocalz/virocore-rive-panel/android/sharedCode/../../ViroRenderer/VRODriver.h:186:18: note: overridden virtual function is here
C/C++:   186 |     virtual void resume() = 0;
C/C++:       |                  ^
C/C++: In file included from /Users/mikevocalz/virocore-rive-panel/android/sharedCode/src/main/cpp/VROSceneRenderer.cpp:24:
C/C++: In file included from /Users/mikevocalz/virocore-rive-panel/android/sharedCode/src/main/cpp/VROSceneRenderer.h:35:
C/C++: /Users/mikevocalz/virocore-rive-panel/android/sharedCode/src/main/cpp/VRODriverOpenGLAndroid.h:87:43: warning: 'newVideoTextureCache' overrides a member function but is not marked 'override' [-Winconsistent-missing-override]
C/C++:    87 |     std::shared_ptr<VROVideoTextureCache> newVideoTextureCache() {
C/C++:       |                                           ^
C/C++: /Users/mikevocalz/virocore-rive-panel/android/sharedCode/../../ViroRenderer/VRODriver.h:294:51: note: overridden virtual function is here
C/C++:   294 |     virtual std::shared_ptr<VROVideoTextureCache> newVideoTextureCache() = 0;
C/C++:       |                                                   ^
C/C++: In file included from /Users/mikevocalz/virocore-rive-panel/android/sharedCode/src/main/cpp/VROSceneRenderer.cpp:24:
C/C++: In file included from /Users/mikevocalz/virocore-rive-panel/android/sharedCode/src/main/cpp/VROSceneRenderer.h:35:
C/C++: /Users/mikevocalz/virocore-rive-panel/android/sharedCode/src/main/cpp/VRODriverOpenGLAndroid.h:92:31: warning: 'newSound' overrides a member function but is not marked 'override' [-Winconsistent-missing-override]
C/C++:    92 |     std::shared_ptr<VROSound> newSound(std::shared_ptr<VROSoundData> data, VROSoundType type) {
C/C++:       |                               ^
C/C++: /Users/mikevocalz/virocore-rive-panel/android/sharedCode/../../ViroRenderer/VRODriver.h:295:39: note: overridden virtual function is here
C/C++:   295 |     virtual std::shared_ptr<VROSound> newSound(std::shared_ptr<VROSoundData> data, VROSoundType type) = 0;
C/C++:       |                                       ^
C/C++: In file included from /Users/mikevocalz/virocore-rive-panel/android/sharedCode/src/main/cpp/VROSceneRenderer.cpp:24:
C/C++: In file included from /Users/mikevocalz/virocore-rive-panel/android/sharedCode/src/main/cpp/VROSceneRenderer.h:35:
C/C++: /Users/mikevocalz/virocore-rive-panel/android/sharedCode/src/main/cpp/VRODriverOpenGLAndroid.h:96:31: warning: 'newSound' overrides a member function but is not marked 'override' [-Winconsistent-missing-override]
C/C++:    96 |     std::shared_ptr<VROSound> newSound(std::string resource, VROResourceType resourceType, VROSoundType type) {
C/C++:       |                               ^
C/C++: /Users/mikevocalz/virocore-rive-panel/android/sharedCode/../../ViroRenderer/VRODriver.h:296:39: note: overridden virtual function is here
C/C++:   296 |     virtual std::shared_ptr<VROSound> newSound(std::string resource, VROResourceType resourceType, VROSoundType type) = 0;
C/C++:       |                                       ^
C/C++: In file included from /Users/mikevocalz/virocore-rive-panel/android/sharedCode/src/main/cpp/VROSceneRenderer.cpp:24:
C/C++: In file included from /Users/mikevocalz/virocore-rive-panel/android/sharedCode/src/main/cpp/VROSceneRenderer.h:35:
C/C++: /Users/mikevocalz/virocore-rive-panel/android/sharedCode/src/main/cpp/VRODriverOpenGLAndroid.h:100:37: warning: 'newAudioPlayer' overrides a member function but is not marked 'override' [-Winconsistent-missing-override]
C/C++:   100 |     std::shared_ptr<VROAudioPlayer> newAudioPlayer(std::shared_ptr<VROSoundData> data) {
C/C++:       |                                     ^
C/C++: /Users/mikevocalz/virocore-rive-panel/android/sharedCode/../../ViroRenderer/VRODriver.h:297:45: note: overridden virtual function is here
C/C++:   297 |     virtual std::shared_ptr<VROAudioPlayer> newAudioPlayer(std::shared_ptr<VROSoundData> data) = 0;
C/C++:       |                                             ^
C/C++: In file included from /Users/mikevocalz/virocore-rive-panel/android/sharedCode/src/main/cpp/VROSceneRenderer.cpp:24:
C/C++: In file included from /Users/mikevocalz/virocore-rive-panel/android/sharedCode/src/main/cpp/VROSceneRenderer.h:35:
C/C++: /Users/mikevocalz/virocore-rive-panel/android/sharedCode/src/main/cpp/VRODriverOpenGLAndroid.h:104:37: warning: 'newAudioPlayer' overrides a member function but is not marked 'override' [-Winconsistent-missing-override]
C/C++:   104 |     std::shared_ptr<VROAudioPlayer> newAudioPlayer(std::string fileName, bool isLocal) {
C/C++:       |                                     ^
C/C++: /Users/mikevocalz/virocore-rive-panel/android/sharedCode/../../ViroRenderer/VRODriver.h:298:45: note: overridden virtual function is here
C/C++:   298 |     virtual std::shared_ptr<VROAudioPlayer> newAudioPlayer(std::string path, bool isLocal) = 0;
C/C++:       |                                             ^
C/C++: In file included from /Users/mikevocalz/virocore-rive-panel/android/sharedCode/src/main/cpp/VROSceneRenderer.cpp:24:
C/C++: In file included from /Users/mikevocalz/virocore-rive-panel/android/sharedCode/src/main/cpp/VROSceneRenderer.h:35:
C/C++: /Users/mikevocalz/virocore-rive-panel/android/sharedCode/src/main/cpp/VRODriverOpenGLAndroid.h:116:10: warning: 'setSoundRoom' overrides a member function but is not marked 'override' [-Winconsistent-missing-override]
C/C++:   116 |     void setSoundRoom(float sizeX, float sizeY, float sizeZ, std::string wallMaterial,
C/C++:       |          ^
C/C++: /Users/mikevocalz/virocore-rive-panel/android/sharedCode/../../ViroRenderer/VRODriver.h:309:18: note: overridden virtual function is here
C/C++:   309 |     virtual void setSoundRoom(float sizeX, float sizeY, float sizeZ, std::string wallMaterial,
C/C++:       |                  ^
C/C++: In file included from /Users/mikevocalz/virocore-rive-panel/android/sharedCode/src/main/cpp/VROSceneRenderer.cpp:24:
C/C++: In file included from /Users/mikevocalz/virocore-rive-panel/android/sharedCode/src/main/cpp/VROSceneRenderer.h:35:
C/C++: /Users/mikevocalz/virocore-rive-panel/android/sharedCode/src/main/cpp/VRODriverOpenGLAndroid.h:135:44: warning: 'createTypefaceCollection' overrides a member function but is not marked 'override' [-Winconsistent-missing-override]
C/C++:   135 |     std::shared_ptr<VROTypefaceCollection> createTypefaceCollection(std::string typefaceNames, int size, VROFontStyle style,
C/C++:       |                                            ^
C/C++: /Users/mikevocalz/virocore-rive-panel/android/sharedCode/../../ViroRenderer/VRODriverOpenGL.h:628:52: note: overridden virtual function is here
C/C++:   628 |     virtual std::shared_ptr<VROTypefaceCollection> createTypefaceCollection(std::string typefaces, int size, VROFontStyle style,
C/C++:       |                                                    ^
C/C++: 51 warnings generated.
C/C++: In file included from /Users/mikevocalz/virocore-rive-panel/android/sharedCode/src/main/cpp/VROSceneRendererGVR.cpp:27:
C/C++: In file included from /Users/mikevocalz/virocore-rive-panel/android/sharedCode/src/main/cpp/VROSceneRendererGVR.h:37:
C/C++: In file included from /Users/mikevocalz/virocore-rive-panel/android/sharedCode/src/main/cpp/VROSceneRenderer.h:35:
C/C++: In file included from /Users/mikevocalz/virocore-rive-panel/android/sharedCode/src/main/cpp/VRODriverOpenGLAndroid.h:31:
C/C++: In file included from /Users/mikevocalz/virocore-rive-panel/android/sharedCode/../../ViroRenderer/VRODriverOpenGL.h:37:
C/C++: /Users/mikevocalz/virocore-rive-panel/android/sharedCode/../../ViroRenderer/VROMaterialSubstrateOpenGL.h:69:10: warning: 'bindShader' overrides a member function but is not marked 'override' [-Winconsistent-missing-override]
C/C++:    69 |     bool bindShader(int lightsHash,
C/C++:       |          ^
C/C++: /Users/mikevocalz/virocore-rive-panel/android/sharedCode/../../ViroRenderer/VROMaterialSubstrate.h:70:18: note: overridden virtual function is here
C/C++:    70 |     virtual bool bindShader(int lightsHash,
C/C++:       |                  ^
C/C++: In file included from /Users/mikevocalz/virocore-rive-panel/android/sharedCode/src/main/cpp/VROSceneRendererGVR.cpp:27:
C/C++: In file included from /Users/mikevocalz/virocore-rive-panel/android/sharedCode/src/main/cpp/VROSceneRendererGVR.h:37:
C/C++: In file included from /Users/mikevocalz/virocore-rive-panel/android/sharedCode/src/main/cpp/VROSceneRenderer.h:35:
C/C++: In file included from /Users/mikevocalz/virocore-rive-panel/android/sharedCode/src/main/cpp/VRODriverOpenGLAndroid.h:31:
C/C++: In file included from /Users/mikevocalz/virocore-rive-panel/android/sharedCode/../../ViroRenderer/VRODriverOpenGL.h:37:
C/C++: /Users/mikevocalz/virocore-rive-panel/android/sharedCode/../../ViroRenderer/VROMaterialSubstrateOpenGL.h:79:10: warning: 'bindProperties' overrides a member function but is not marked 'override' [-Winconsistent-missing-override]
C/C++:    79 |     void bindProperties(std::shared_ptr<VRODriver> &driver);
C/C++:       |          ^
C/C++: /Users/mikevocalz/virocore-rive-panel/android/sharedCode/../../ViroRenderer/VROMaterialSubstrate.h:80:18: note: overridden virtual function is here
C/C++:    80 |     virtual void bindProperties(std::shared_ptr<VRODriver> &driver) = 0;
C/C++:       |                  ^
C/C++: In file included from /Users/mikevocalz/virocore-rive-panel/android/sharedCode/src/main/cpp/VROSceneRendererGVR.cpp:27:
C/C++: In file included from /Users/mikevocalz/virocore-rive-panel/android/sharedCode/src/main/cpp/VROSceneRendererGVR.h:37:
C/C++: In file included from /Users/mikevocalz/virocore-rive-panel/android/sharedCode/src/main/cpp/VROSceneRenderer.h:35:
C/C++: In file included from /Users/mikevocalz/virocore-rive-panel/android/sharedCode/src/main/cpp/VRODriverOpenGLAndroid.h:31:
C/C++: In file included from /Users/mikevocalz/virocore-rive-panel/android/sharedCode/../../ViroRenderer/VRODriverOpenGL.h:37:
C/C++: /Users/mikevocalz/virocore-rive-panel/android/sharedCode/../../ViroRenderer/VROMaterialSubstrateOpenGL.h:86:10: warning: 'bindGeometry' overrides a member function but is not marked 'override' [-Winconsistent-missing-override]
C/C++:    86 |     void bindGeometry(float opacity, const VROGeometry &geometry);
C/C++:       |          ^
C/C++: /Users/mikevocalz/virocore-rive-panel/android/sharedCode/../../ViroRenderer/VROMaterialSubstrate.h:87:18: note: overridden virtual function is here
C/C++:    87 |     virtual void bindGeometry(float opacity, const VROGeometry &geometry) = 0;
C/C++:       |                  ^
C/C++: In file included from /Users/mikevocalz/virocore-rive-panel/android/sharedCode/src/main/cpp/VROSceneRendererGVR.cpp:27:
C/C++: In file included from /Users/mikevocalz/virocore-rive-panel/android/sharedCode/src/main/cpp/VROSceneRendererGVR.h:37:
C/C++: In file included from /Users/mikevocalz/virocore-rive-panel/android/sharedCode/src/main/cpp/VROSceneRenderer.h:35:
C/C++: In file included from /Users/mikevocalz/virocore-rive-panel/android/sharedCode/src/main/cpp/VRODriverOpenGLAndroid.h:31:
C/C++: In file included from /Users/mikevocalz/virocore-rive-panel/android/sharedCode/../../ViroRenderer/VRODriverOpenGL.h:38:
C/C++: /Users/mikevocalz/virocore-rive-panel/android/sharedCode/../../ViroRenderer/VROTextureSubstrateOpenGL.h:94:10: warning: 'updateWrapMode' overrides a member function but is not marked 'override' [-Winconsistent-missing-override]
C/C++:    94 |     void updateWrapMode(VROWrapMode wrapModeS, VROWrapMode wrapModeT);
C/C++:       |          ^
C/C++: /Users/mikevocalz/virocore-rive-panel/android/sharedCode/../../ViroRenderer/VROTextureSubstrate.h:37:18: note: overridden virtual function is here
C/C++:    37 |     virtual void updateWrapMode(VROWrapMode wrapModeS, VROWrapMode wrapModeT) = 0;
C/C++:       |                  ^
C/C++: In file included from /Users/mikevocalz/virocore-rive-panel/android/sharedCode/src/main/cpp/VROSceneRendererGVR.cpp:27:
C/C++: In file included from /Users/mikevocalz/virocore-rive-panel/android/sharedCode/src/main/cpp/VROSceneRendererGVR.h:37:
C/C++: In file included from /Users/mikevocalz/virocore-rive-panel/android/sharedCode/src/main/cpp/VROSceneRenderer.h:35:
C/C++: In file included from /Users/mikevocalz/virocore-rive-panel/android/sharedCode/src/main/cpp/VRODriverOpenGLAndroid.h:31:
C/C++: /Users/mikevocalz/virocore-rive-panel/android/sharedCode/../../ViroRenderer/VRODriverOpenGL.h:64:10: warning: 'willRenderFrame' overrides a member function but is not marked 'override' [-Winconsistent-missing-override]
C/C++:    64 |     void willRenderFrame(const VRORenderContext &context) {
C/C++:       |          ^
C/C++: /Users/mikevocalz/virocore-rive-panel/android/sharedCode/../../ViroRenderer/VRODriver.h:172:18: note: overridden virtual function is here
C/C++:   172 |     virtual void willRenderFrame(const VRORenderContext &context) = 0;
C/C++:       |                  ^
C/C++: In file included from /Users/mikevocalz/virocore-rive-panel/android/sharedCode/src/main/cpp/VROSceneRendererGVR.cpp:27:
C/C++: In file included from /Users/mikevocalz/virocore-rive-panel/android/sharedCode/src/main/cpp/VROSceneRendererGVR.h:37:
C/C++: In file included from /Users/mikevocalz/virocore-rive-panel/android/sharedCode/src/main/cpp/VROSceneRenderer.h:35:
C/C++: In file included from /Users/mikevocalz/virocore-rive-panel/android/sharedCode/src/main/cpp/VRODriverOpenGLAndroid.h:31:
C/C++: /Users/mikevocalz/virocore-rive-panel/android/sharedCode/../../ViroRenderer/VRODriverOpenGL.h:152:10: warning: 'didRenderFrame' overrides a member function but is not marked 'override' [-Winconsistent-missing-override]
C/C++:   152 |     void didRenderFrame(const VROFrameTimer &timer, const VRORenderContext &context) {
C/C++:       |          ^
C/C++: /Users/mikevocalz/virocore-rive-panel/android/sharedCode/../../ViroRenderer/VRODriver.h:173:18: note: overridden virtual function is here
C/C++:   173 |     virtual void didRenderFrame(const VROFrameTimer &timer, const VRORenderContext &context) = 0;
C/C++:       |                  ^
C/C++: In file included from /Users/mikevocalz/virocore-rive-panel/android/sharedCode/src/main/cpp/VROSceneRendererGVR.cpp:27:
C/C++: In file included from /Users/mikevocalz/virocore-rive-panel/android/sharedCode/src/main/cpp/VROSceneRendererGVR.h:37:
C/C++: In file included from /Users/mikevocalz/virocore-rive-panel/android/sharedCode/src/main/cpp/VROSceneRenderer.h:35:
C/C++: In file included from /Users/mikevocalz/virocore-rive-panel/android/sharedCode/src/main/cpp/VRODriverOpenGLAndroid.h:31:
C/C++: /Users/mikevocalz/virocore-rive-panel/android/sharedCode/../../ViroRenderer/VRODriverOpenGL.h:166:10: warning: 'willRenderEye' overrides a member function but is not marked 'override' [-Winconsistent-missing-override]
C/C++:   166 |     void willRenderEye(const VRORenderContext &context) {
C/C++:       |          ^
C/C++: /Users/mikevocalz/virocore-rive-panel/android/sharedCode/../../ViroRenderer/VRODriver.h:179:18: note: overridden virtual function is here
C/C++:   179 |     virtual void willRenderEye(const VRORenderContext &context) = 0;
C/C++:       |                  ^
C/C++: In file included from /Users/mikevocalz/virocore-rive-panel/android/sharedCode/src/main/cpp/VROSceneRendererGVR.cpp:27:
C/C++: In file included from /Users/mikevocalz/virocore-rive-panel/android/sharedCode/src/main/cpp/VROSceneRendererGVR.h:37:
C/C++: In file included from /Users/mikevocalz/virocore-rive-panel/android/sharedCode/src/main/cpp/VROSceneRenderer.h:35:
C/C++: In file included from /Users/mikevocalz/virocore-rive-panel/android/sharedCode/src/main/cpp/VRODriverOpenGLAndroid.h:31:
C/C++: /Users/mikevocalz/virocore-rive-panel/android/sharedCode/../../ViroRenderer/VRODriverOpenGL.h:170:10: warning: 'didRenderEye' overrides a member function but is not marked 'override' [-Winconsistent-missing-override]
C/C++:   170 |     void didRenderEye(const VRORenderContext &context) {
C/C++:       |          ^
C/C++: /Users/mikevocalz/virocore-rive-panel/android/sharedCode/../../ViroRenderer/VRODriver.h:180:18: note: overridden virtual function is here
C/C++:   180 |     virtual void didRenderEye(const VRORenderContext &context) = 0;
C/C++:       |                  ^
C/C++: In file included from /Users/mikevocalz/virocore-rive-panel/android/sharedCode/src/main/cpp/VROSceneRendererGVR.cpp:27:
C/C++: In file included from /Users/mikevocalz/virocore-rive-panel/android/sharedCode/src/main/cpp/VROSceneRendererGVR.h:37:
C/C++: In file included from /Users/mikevocalz/virocore-rive-panel/android/sharedCode/src/main/cpp/VROSceneRenderer.h:35:
C/C++: In file included from /Users/mikevocalz/virocore-rive-panel/android/sharedCode/src/main/cpp/VRODriverOpenGLAndroid.h:31:
C/C++: /Users/mikevocalz/virocore-rive-panel/android/sharedCode/../../ViroRenderer/VRODriverOpenGL.h:181:10: warning: 'setActiveTextureUnit' overrides a member function but is not marked 'override' [-Winconsistent-missing-override]
C/C++:   181 |     void setActiveTextureUnit(int unit) {
C/C++:       |          ^
C/C++: /Users/mikevocalz/virocore-rive-panel/android/sharedCode/../../ViroRenderer/VRODriver.h:212:18: note: overridden virtual function is here
C/C++:   212 |     virtual void setActiveTextureUnit(int unit) = 0;
C/C++:       |                  ^
C/C++: In file included from /Users/mikevocalz/virocore-rive-panel/android/sharedCode/src/main/cpp/VROSceneRendererGVR.cpp:27:
C/C++: In file included from /Users/mikevocalz/virocore-rive-panel/android/sharedCode/src/main/cpp/VROSceneRendererGVR.h:37:
C/C++: In file included from /Users/mikevocalz/virocore-rive-panel/android/sharedCode/src/main/cpp/VROSceneRenderer.h:35:
C/C++: In file included from /Users/mikevocalz/virocore-rive-panel/android/sharedCode/src/main/cpp/VRODriverOpenGLAndroid.h:31:
C/C++: /Users/mikevocalz/virocore-rive-panel/android/sharedCode/../../ViroRenderer/VRODriverOpenGL.h:197:10: warning: 'bindTexture' overrides a member function but is not marked 'override' [-Winconsistent-missing-override]
C/C++:   197 |     void bindTexture(int target, int texture) {
C/C++:       |          ^
C/C++: /Users/mikevocalz/virocore-rive-panel/android/sharedCode/../../ViroRenderer/VRODriver.h:213:18: note: overridden virtual function is here
C/C++:   213 |     virtual void bindTexture(int target, int texture) = 0;
C/C++:       |                  ^
C/C++: In file included from /Users/mikevocalz/virocore-rive-panel/android/sharedCode/src/main/cpp/VROSceneRendererGVR.cpp:27:
C/C++: In file included from /Users/mikevocalz/virocore-rive-panel/android/sharedCode/src/main/cpp/VROSceneRendererGVR.h:37:
C/C++: In file included from /Users/mikevocalz/virocore-rive-panel/android/sharedCode/src/main/cpp/VROSceneRenderer.h:35:
C/C++: In file included from /Users/mikevocalz/virocore-rive-panel/android/sharedCode/src/main/cpp/VRODriverOpenGLAndroid.h:31:
C/C++: /Users/mikevocalz/virocore-rive-panel/android/sharedCode/../../ViroRenderer/VRODriverOpenGL.h:204:10: warning: 'bindTexture' overrides a member function but is not marked 'override' [-Winconsistent-missing-override]
C/C++:   204 |     void bindTexture(int unit, int target, int texture) {
C/C++:       |          ^
C/C++: /Users/mikevocalz/virocore-rive-panel/android/sharedCode/../../ViroRenderer/VRODriver.h:214:18: note: overridden virtual function is here
C/C++:   214 |     virtual void bindTexture(int unit, int target, int texture) = 0;
C/C++:       |                  ^
C/C++: In file included from /Users/mikevocalz/virocore-rive-panel/android/sharedCode/src/main/cpp/VROSceneRendererGVR.cpp:27:
C/C++: In file included from /Users/mikevocalz/virocore-rive-panel/android/sharedCode/src/main/cpp/VROSceneRendererGVR.h:37:
C/C++: In file included from /Users/mikevocalz/virocore-rive-panel/android/sharedCode/src/main/cpp/VROSceneRenderer.h:35:
C/C++: In file included from /Users/mikevocalz/virocore-rive-panel/android/sharedCode/src/main/cpp/VRODriverOpenGLAndroid.h:31:
C/C++: /Users/mikevocalz/virocore-rive-panel/android/sharedCode/../../ViroRenderer/VRODriverOpenGL.h:234:10: warning: 'setDepthWritingEnabled' overrides a member function but is not marked 'override' [-Winconsistent-missing-override]
C/C++:   234 |     void setDepthWritingEnabled(bool enabled) {
C/C++:       |          ^
C/C++: /Users/mikevocalz/virocore-rive-panel/android/sharedCode/../../ViroRenderer/VRODriver.h:215:18: note: overridden virtual function is here
C/C++:   215 |     virtual void setDepthWritingEnabled(bool enabled) = 0;
C/C++:       |                  ^
C/C++: In file included from /Users/mikevocalz/virocore-rive-panel/android/sharedCode/src/main/cpp/VROSceneRendererGVR.cpp:27:
C/C++: In file included from /Users/mikevocalz/virocore-rive-panel/android/sharedCode/src/main/cpp/VROSceneRendererGVR.h:37:
C/C++: In file included from /Users/mikevocalz/virocore-rive-panel/android/sharedCode/src/main/cpp/VROSceneRenderer.h:35:
C/C++: In file included from /Users/mikevocalz/virocore-rive-panel/android/sharedCode/src/main/cpp/VRODriverOpenGLAndroid.h:31:
C/C++: /Users/mikevocalz/virocore-rive-panel/android/sharedCode/../../ViroRenderer/VRODriverOpenGL.h:248:10: warning: 'setDepthReadingEnabled' overrides a member function but is not marked 'override' [-Winconsistent-missing-override]
C/C++:   248 |     void setDepthReadingEnabled(bool enabled) {
C/C++:       |          ^
C/C++: /Users/mikevocalz/virocore-rive-panel/android/sharedCode/../../ViroRenderer/VRODriver.h:216:18: note: overridden virtual function is here
C/C++:   216 |     virtual void setDepthReadingEnabled(bool enabled) = 0;
C/C++:       |                  ^
C/C++: In file included from /Users/mikevocalz/virocore-rive-panel/android/sharedCode/src/main/cpp/VROSceneRendererGVR.cpp:27:
C/C++: In file included from /Users/mikevocalz/virocore-rive-panel/android/sharedCode/src/main/cpp/VROSceneRendererGVR.h:37:
C/C++: In file included from /Users/mikevocalz/virocore-rive-panel/android/sharedCode/src/main/cpp/VROSceneRenderer.h:35:
C/C++: In file included from /Users/mikevocalz/virocore-rive-panel/android/sharedCode/src/main/cpp/VRODriverOpenGLAndroid.h:31:
C/C++: /Users/mikevocalz/virocore-rive-panel/android/sharedCode/../../ViroRenderer/VRODriverOpenGL.h:262:10: warning: 'setStencilTestEnabled' overrides a member function but is not marked 'override' [-Winconsistent-missing-override]
C/C++:   262 |     void setStencilTestEnabled(bool enabled) {
C/C++:       |          ^
C/C++: /Users/mikevocalz/virocore-rive-panel/android/sharedCode/../../ViroRenderer/VRODriver.h:217:18: note: overridden virtual function is here
C/C++:   217 |     virtual void setStencilTestEnabled(bool enabled) = 0;
C/C++:       |                  ^
C/C++: In file included from /Users/mikevocalz/virocore-rive-panel/android/sharedCode/src/main/cpp/VROSceneRendererGVR.cpp:27:
C/C++: In file included from /Users/mikevocalz/virocore-rive-panel/android/sharedCode/src/main/cpp/VROSceneRendererGVR.h:37:
C/C++: In file included from /Users/mikevocalz/virocore-rive-panel/android/sharedCode/src/main/cpp/VROSceneRenderer.h:35:
C/C++: In file included from /Users/mikevocalz/virocore-rive-panel/android/sharedCode/src/main/cpp/VRODriverOpenGLAndroid.h:31:
C/C++: /Users/mikevocalz/virocore-rive-panel/android/sharedCode/../../ViroRenderer/VRODriverOpenGL.h:276:10: warning: 'setCullMode' overrides a member function but is not marked 'override' [-Winconsistent-missing-override]
C/C++:   276 |     void setCullMode(VROCullMode cullMode) {
C/C++:       |          ^
C/C++: /Users/mikevocalz/virocore-rive-panel/android/sharedCode/../../ViroRenderer/VRODriver.h:218:18: note: overridden virtual function is here
C/C++:   218 |     virtual void setCullMode(VROCullMode cullMode) = 0;
C/C++:       |                  ^
C/C++: In file included from /Users/mikevocalz/virocore-rive-panel/android/sharedCode/src/main/cpp/VROSceneRendererGVR.cpp:27:
C/C++: In file included from /Users/mikevocalz/virocore-rive-panel/android/sharedCode/src/main/cpp/VROSceneRendererGVR.h:37:
C/C++: In file included from /Users/mikevocalz/virocore-rive-panel/android/sharedCode/src/main/cpp/VROSceneRenderer.h:35:
C/C++: In file included from /Users/mikevocalz/virocore-rive-panel/android/sharedCode/src/main/cpp/VRODriverOpenGLAndroid.h:31:
C/C++: /Users/mikevocalz/virocore-rive-panel/android/sharedCode/../../ViroRenderer/VRODriverOpenGL.h:295:10: warning: 'setBlendingMode' overrides a member function but is not marked 'override' [-Winconsistent-missing-override]
C/C++:   295 |     void setBlendingMode(VROBlendMode mode) {
C/C++:       |          ^
C/C++: /Users/mikevocalz/virocore-rive-panel/android/sharedCode/../../ViroRenderer/VRODriver.h:311:18: note: overridden virtual function is here
C/C++:   311 |     virtual void setBlendingMode(VROBlendMode mode) = 0;
C/C++:       |                  ^
C/C++: In file included from /Users/mikevocalz/virocore-rive-panel/android/sharedCode/src/main/cpp/VROSceneRendererGVR.cpp:27:
C/C++: In file included from /Users/mikevocalz/virocore-rive-panel/android/sharedCode/src/main/cpp/VROSceneRendererGVR.h:37:
C/C++: In file included from /Users/mikevocalz/virocore-rive-panel/android/sharedCode/src/main/cpp/VROSceneRenderer.h:35:
C/C++: In file included from /Users/mikevocalz/virocore-rive-panel/android/sharedCode/src/main/cpp/VRODriverOpenGLAndroid.h:31:
C/C++: /Users/mikevocalz/virocore-rive-panel/android/sharedCode/../../ViroRenderer/VRODriverOpenGL.h:339:10: warning: 'setRenderTargetColorWritingMask' overrides a member function but is not marked 'override' [-Winconsistent-missing-override]
C/C++:   339 |     void setRenderTargetColorWritingMask(VROColorMask mask) {
C/C++:       |          ^
C/C++: /Users/mikevocalz/virocore-rive-panel/android/sharedCode/../../ViroRenderer/VRODriver.h:219:18: note: overridden virtual function is here
C/C++:   219 |     virtual void setRenderTargetColorWritingMask(VROColorMask mask) = 0;
C/C++:       |                  ^
C/C++: In file included from /Users/mikevocalz/virocore-rive-panel/android/sharedCode/src/main/cpp/VROSceneRendererGVR.cpp:27:
C/C++: In file included from /Users/mikevocalz/virocore-rive-panel/android/sharedCode/src/main/cpp/VROSceneRendererGVR.h:37:
C/C++: In file included from /Users/mikevocalz/virocore-rive-panel/android/sharedCode/src/main/cpp/VROSceneRenderer.h:35:
C/C++: In file included from /Users/mikevocalz/virocore-rive-panel/android/sharedCode/src/main/cpp/VRODriverOpenGLAndroid.h:31:
C/C++: /Users/mikevocalz/virocore-rive-panel/android/sharedCode/../../ViroRenderer/VRODriverOpenGL.h:347:10: warning: 'setMaterialColorWritingMask' overrides a member function but is not marked 'override' [-Winconsistent-missing-override]
C/C++:   347 |     void setMaterialColorWritingMask(VROColorMask mask) {
C/C++:       |          ^
C/C++: /Users/mikevocalz/virocore-rive-panel/android/sharedCode/../../ViroRenderer/VRODriver.h:220:18: note: overridden virtual function is here
C/C++:   220 |     virtual void setMaterialColorWritingMask(VROColorMask mask) = 0;
C/C++:       |                  ^
C/C++: In file included from /Users/mikevocalz/virocore-rive-panel/android/sharedCode/src/main/cpp/VROSceneRendererGVR.cpp:27:
C/C++: In file included from /Users/mikevocalz/virocore-rive-panel/android/sharedCode/src/main/cpp/VROSceneRendererGVR.h:37:
C/C++: In file included from /Users/mikevocalz/virocore-rive-panel/android/sharedCode/src/main/cpp/VROSceneRenderer.h:35:
C/C++: In file included from /Users/mikevocalz/virocore-rive-panel/android/sharedCode/src/main/cpp/VRODriverOpenGLAndroid.h:31:
C/C++: /Users/mikevocalz/virocore-rive-panel/android/sharedCode/../../ViroRenderer/VRODriverOpenGL.h:355:10: warning: 'bindShader' overrides a member function but is not marked 'override' [-Winconsistent-missing-override]
C/C++:   355 |     void bindShader(std::shared_ptr<VROShaderProgram> program) {
C/C++:       |          ^
C/C++: /Users/mikevocalz/virocore-rive-panel/android/sharedCode/../../ViroRenderer/VRODriver.h:221:18: note: overridden virtual function is here
C/C++:   221 |     virtual void bindShader(std::shared_ptr<VROShaderProgram> program) = 0;
C/C++:       |                  ^
C/C++: In file included from /Users/mikevocalz/virocore-rive-panel/android/sharedCode/src/main/cpp/VROSceneRendererGVR.cpp:27:
C/C++: In file included from /Users/mikevocalz/virocore-rive-panel/android/sharedCode/src/main/cpp/VROSceneRendererGVR.h:37:
C/C++: In file included from /Users/mikevocalz/virocore-rive-panel/android/sharedCode/src/main/cpp/VROSceneRenderer.h:35:
C/C++: In file included from /Users/mikevocalz/virocore-rive-panel/android/sharedCode/src/main/cpp/VRODriverOpenGLAndroid.h:31:
C/C++: /Users/mikevocalz/virocore-rive-panel/android/sharedCode/../../ViroRenderer/VRODriverOpenGL.h:373:10: warning: 'unbindShader' overrides a member function but is not marked 'override' [-Winconsistent-missing-override]
C/C++:   373 |     void unbindShader() {
C/C++:       |          ^
C/C++: /Users/mikevocalz/virocore-rive-panel/android/sharedCode/../../ViroRenderer/VRODriver.h:222:18: note: overridden virtual function is here
C/C++:   222 |     virtual void unbindShader() = 0;
C/C++:       |                  ^
C/C++: In file included from /Users/mikevocalz/virocore-rive-panel/android/sharedCode/src/main/cpp/VROSceneRendererGVR.cpp:27:
C/C++: In file included from /Users/mikevocalz/virocore-rive-panel/android/sharedCode/src/main/cpp/VROSceneRendererGVR.h:37:
C/C++: In file included from /Users/mikevocalz/virocore-rive-panel/android/sharedCode/src/main/cpp/VROSceneRenderer.h:35:
C/C++: In file included from /Users/mikevocalz/virocore-rive-panel/android/sharedCode/src/main/cpp/VRODriverOpenGLAndroid.h:31:
C/C++: /Users/mikevocalz/virocore-rive-panel/android/sharedCode/../../ViroRenderer/VRODriverOpenGL.h:381:10: warning: 'bindRenderTarget' overrides a member function but is not marked 'override' [-Winconsistent-missing-override]
C/C++:   381 |     bool bindRenderTarget(std::shared_ptr<VRORenderTarget> target, VRORenderTargetUnbindOp unbindOp) {
C/C++:       |          ^
C/C++: /Users/mikevocalz/virocore-rive-panel/android/sharedCode/../../ViroRenderer/VRODriver.h:229:18: note: overridden virtual function is here
C/C++:   229 |     virtual bool bindRenderTarget(std::shared_ptr<VRORenderTarget> target, VRORenderTargetUnbindOp unbindOp) = 0;
C/C++:       |                  ^
C/C++: In file included from /Users/mikevocalz/virocore-rive-panel/android/sharedCode/src/main/cpp/VROSceneRendererGVR.cpp:27:
C/C++: In file included from /Users/mikevocalz/virocore-rive-panel/android/sharedCode/src/main/cpp/VROSceneRendererGVR.h:37:
C/C++: In file included from /Users/mikevocalz/virocore-rive-panel/android/sharedCode/src/main/cpp/VROSceneRenderer.h:35:
C/C++: In file included from /Users/mikevocalz/virocore-rive-panel/android/sharedCode/src/main/cpp/VRODriverOpenGLAndroid.h:31:
C/C++: /Users/mikevocalz/virocore-rive-panel/android/sharedCode/../../ViroRenderer/VRODriverOpenGL.h:416:10: warning: 'unbindRenderTarget' overrides a member function but is not marked 'override' [-Winconsistent-missing-override]
C/C++:   416 |     void unbindRenderTarget() {
C/C++:       |          ^
C/C++: /Users/mikevocalz/virocore-rive-panel/android/sharedCode/../../ViroRenderer/VRODriver.h:230:18: note: overridden virtual function is here
C/C++:   230 |     virtual void unbindRenderTarget() = 0;
C/C++:       |                  ^
C/C++: In file included from /Users/mikevocalz/virocore-rive-panel/android/sharedCode/src/main/cpp/VROSceneRendererGVR.cpp:27:
C/C++: In file included from /Users/mikevocalz/virocore-rive-panel/android/sharedCode/src/main/cpp/VROSceneRendererGVR.h:37:
C/C++: In file included from /Users/mikevocalz/virocore-rive-panel/android/sharedCode/src/main/cpp/VROSceneRenderer.h:35:
C/C++: In file included from /Users/mikevocalz/virocore-rive-panel/android/sharedCode/src/main/cpp/VRODriverOpenGLAndroid.h:31:
C/C++: /Users/mikevocalz/virocore-rive-panel/android/sharedCode/../../ViroRenderer/VRODriverOpenGL.h:424:38: warning: 'getRenderTarget' overrides a member function but is not marked 'override' [-Winconsistent-missing-override]
C/C++:   424 |     std::shared_ptr<VRORenderTarget> getRenderTarget() {
C/C++:       |                                      ^
C/C++: /Users/mikevocalz/virocore-rive-panel/android/sharedCode/../../ViroRenderer/VRODriver.h:236:46: note: overridden virtual function is here
C/C++:   236 |     virtual std::shared_ptr<VRORenderTarget> getRenderTarget() = 0;
C/C++:       |                                              ^
C/C++: In file included from /Users/mikevocalz/virocore-rive-panel/android/sharedCode/src/main/cpp/VROSceneRendererGVR.cpp:27:
C/C++: In file included from /Users/mikevocalz/virocore-rive-panel/android/sharedCode/src/main/cpp/VROSceneRendererGVR.h:37:
C/C++: In file included from /Users/mikevocalz/virocore-rive-panel/android/sharedCode/src/main/cpp/VROSceneRenderer.h:35:
C/C++: In file included from /Users/mikevocalz/virocore-rive-panel/android/sharedCode/src/main/cpp/VRODriverOpenGLAndroid.h:31:
C/C++: /Users/mikevocalz/virocore-rive-panel/android/sharedCode/../../ViroRenderer/VRODriverOpenGL.h:428:18: warning: 'isBloomSupported' overrides a member function but is not marked 'override' [-Winconsistent-missing-override]
C/C++:   428 |     virtual bool isBloomSupported() {
C/C++:       |                  ^
C/C++: /Users/mikevocalz/virocore-rive-panel/android/sharedCode/../../ViroRenderer/VRODriver.h:267:18: note: overridden virtual function is here
C/C++:   267 |     virtual bool isBloomSupported() = 0;
C/C++:       |                  ^
C/C++: In file included from /Users/mikevocalz/virocore-rive-panel/android/sharedCode/src/main/cpp/VROSceneRendererGVR.cpp:27:
C/C++: In file included from /Users/mikevocalz/virocore-rive-panel/android/sharedCode/src/main/cpp/VROSceneRendererGVR.h:37:
C/C++: In file included from /Users/mikevocalz/virocore-rive-panel/android/sharedCode/src/main/cpp/VROSceneRenderer.h:35:
C/C++: In file included from /Users/mikevocalz/virocore-rive-panel/android/sharedCode/src/main/cpp/VRODriverOpenGLAndroid.h:31:
C/C++: /Users/mikevocalz/virocore-rive-panel/android/sharedCode/../../ViroRenderer/VRODriverOpenGL.h:432:27: warning: 'newGeometrySubstrate' overrides a member function but is not marked 'override' [-Winconsistent-missing-override]
C/C++:   432 |     VROGeometrySubstrate *newGeometrySubstrate(const VROGeometry &geometry) {
C/C++:       |                           ^
C/C++: /Users/mikevocalz/virocore-rive-panel/android/sharedCode/../../ViroRenderer/VRODriver.h:269:35: note: overridden virtual function is here
C/C++:   269 |     virtual VROGeometrySubstrate *newGeometrySubstrate(const VROGeometry &geometry) = 0;
C/C++:       |                                   ^
C/C++: In file included from /Users/mikevocalz/virocore-rive-panel/android/sharedCode/src/main/cpp/VROSceneRendererGVR.cpp:27:
C/C++: In file included from /Users/mikevocalz/virocore-rive-panel/android/sharedCode/src/main/cpp/VROSceneRendererGVR.h:37:
C/C++: In file included from /Users/mikevocalz/virocore-rive-panel/android/sharedCode/src/main/cpp/VROSceneRenderer.h:35:
C/C++: In file included from /Users/mikevocalz/virocore-rive-panel/android/sharedCode/src/main/cpp/VRODriverOpenGLAndroid.h:31:
C/C++: /Users/mikevocalz/virocore-rive-panel/android/sharedCode/../../ViroRenderer/VRODriverOpenGL.h:437:27: warning: 'newMaterialSubstrate' overrides a member function but is not marked 'override' [-Winconsistent-missing-override]
C/C++:   437 |     VROMaterialSubstrate *newMaterialSubstrate(VROMaterial &material) {
C/C++:       |                           ^
C/C++: /Users/mikevocalz/virocore-rive-panel/android/sharedCode/../../ViroRenderer/VRODriver.h:270:35: note: overridden virtual function is here
C/C++:   270 |     virtual VROMaterialSubstrate *newMaterialSubstrate(VROMaterial &material) = 0;
C/C++:       |                                   ^
C/C++: In file included from /Users/mikevocalz/virocore-rive-panel/android/sharedCode/src/main/cpp/VROSceneRendererGVR.cpp:27:
C/C++: In file included from /Users/mikevocalz/virocore-rive-panel/android/sharedCode/src/main/cpp/VROSceneRendererGVR.h:37:
C/C++: In file included from /Users/mikevocalz/virocore-rive-panel/android/sharedCode/src/main/cpp/VROSceneRenderer.h:35:
C/C++: In file included from /Users/mikevocalz/virocore-rive-panel/android/sharedCode/src/main/cpp/VRODriverOpenGLAndroid.h:31:
C/C++: /Users/mikevocalz/virocore-rive-panel/android/sharedCode/../../ViroRenderer/VRODriverOpenGL.h:442:26: warning: 'newTextureSubstrate' overrides a member function but is not marked 'override' [-Winconsistent-missing-override]
C/C++:   442 |     VROTextureSubstrate *newTextureSubstrate(VROTextureType type,
C/C++:       |                          ^
C/C++: /Users/mikevocalz/virocore-rive-panel/android/sharedCode/../../ViroRenderer/VRODriver.h:271:34: note: overridden virtual function is here
C/C++:   271 |     virtual VROTextureSubstrate *newTextureSubstrate(VROTextureType type,
C/C++:       |                                  ^
C/C++: In file included from /Users/mikevocalz/virocore-rive-panel/android/sharedCode/src/main/cpp/VROSceneRendererGVR.cpp:27:
C/C++: In file included from /Users/mikevocalz/virocore-rive-panel/android/sharedCode/src/main/cpp/VROSceneRendererGVR.h:37:
C/C++: In file included from /Users/mikevocalz/virocore-rive-panel/android/sharedCode/src/main/cpp/VROSceneRenderer.h:35:
C/C++: In file included from /Users/mikevocalz/virocore-rive-panel/android/sharedCode/src/main/cpp/VRODriverOpenGLAndroid.h:31:
C/C++: /Users/mikevocalz/virocore-rive-panel/android/sharedCode/../../ViroRenderer/VRODriverOpenGL.h:457:38: warning: 'newRenderTarget' overrides a member function but is not marked 'override' [-Winconsistent-missing-override]
C/C++:   457 |     std::shared_ptr<VRORenderTarget> newRenderTarget(VRORenderTargetType type, int numAttachments, int numImages, bool enableMipmaps,
C/C++:       |                                      ^
C/C++: /Users/mikevocalz/virocore-rive-panel/android/sharedCode/../../ViroRenderer/VRODriver.h:279:46: note: overridden virtual function is here
C/C++:   279 |     virtual std::shared_ptr<VRORenderTarget> newRenderTarget(VRORenderTargetType type, int numAttachments, int numImages,
C/C++:       |                                              ^
C/C++: In file included from /Users/mikevocalz/virocore-rive-panel/android/sharedCode/src/main/cpp/VROSceneRendererGVR.cpp:27:
C/C++: In file included from /Users/mikevocalz/virocore-rive-panel/android/sharedCode/src/main/cpp/VROSceneRendererGVR.h:37:
C/C++: In file included from /Users/mikevocalz/virocore-rive-panel/android/sharedCode/src/main/cpp/VROSceneRenderer.h:35:
C/C++: In file included from /Users/mikevocalz/virocore-rive-panel/android/sharedCode/src/main/cpp/VRODriverOpenGLAndroid.h:31:
C/C++: /Users/mikevocalz/virocore-rive-panel/android/sharedCode/../../ViroRenderer/VRODriverOpenGL.h:465:38: warning: 'newVertexBuffer' overrides a member function but is not marked 'override' [-Winconsistent-missing-override]
C/C++:   465 |     std::shared_ptr<VROVertexBuffer> newVertexBuffer(std::shared_ptr<VROData> data) {
C/C++:       |                                      ^
C/C++: /Users/mikevocalz/virocore-rive-panel/android/sharedCode/../../ViroRenderer/VRODriver.h:281:46: note: overridden virtual function is here
C/C++:   281 |     virtual std::shared_ptr<VROVertexBuffer> newVertexBuffer(std::shared_ptr<VROData> data) = 0;
C/C++:       |                                              ^
C/C++: In file included from /Users/mikevocalz/virocore-rive-panel/android/sharedCode/src/main/cpp/VROSceneRendererGVR.cpp:27:
C/C++: In file included from /Users/mikevocalz/virocore-rive-panel/android/sharedCode/src/main/cpp/VROSceneRendererGVR.h:37:
C/C++: In file included from /Users/mikevocalz/virocore-rive-panel/android/sharedCode/src/main/cpp/VROSceneRenderer.h:35:
C/C++: In file included from /Users/mikevocalz/virocore-rive-panel/android/sharedCode/src/main/cpp/VRODriverOpenGLAndroid.h:31:
C/C++: /Users/mikevocalz/virocore-rive-panel/android/sharedCode/../../ViroRenderer/VRODriverOpenGL.h:476:42: warning: 'newImagePostProcess' overrides a member function but is not marked 'override' [-Winconsistent-missing-override]
C/C++:   476 |     std::shared_ptr<VROImagePostProcess> newImagePostProcess(std::shared_ptr<VROShaderProgram> shader) {
C/C++:       |                                          ^
C/C++: /Users/mikevocalz/virocore-rive-panel/android/sharedCode/../../ViroRenderer/VRODriver.h:293:50: note: overridden virtual function is here
C/C++:   293 |     virtual std::shared_ptr<VROImagePostProcess> newImagePostProcess(std::shared_ptr<VROShaderProgram> shader) = 0;
C/C++:       |                                                  ^
C/C++: In file included from /Users/mikevocalz/virocore-rive-panel/android/sharedCode/src/main/cpp/VROSceneRendererGVR.cpp:27:
C/C++: In file included from /Users/mikevocalz/virocore-rive-panel/android/sharedCode/src/main/cpp/VROSceneRendererGVR.h:37:
C/C++: In file included from /Users/mikevocalz/virocore-rive-panel/android/sharedCode/src/main/cpp/VROSceneRenderer.h:35:
C/C++: In file included from /Users/mikevocalz/virocore-rive-panel/android/sharedCode/src/main/cpp/VRODriverOpenGLAndroid.h:31:
C/C++: /Users/mikevocalz/virocore-rive-panel/android/sharedCode/../../ViroRenderer/VRODriverOpenGL.h:480:10: warning: 'readGPUType' overrides a member function but is not marked 'override' [-Winconsistent-missing-override]
C/C++:   480 |     void readGPUType() {
C/C++:       |          ^
C/C++: /Users/mikevocalz/virocore-rive-panel/android/sharedCode/../../ViroRenderer/VRODriver.h:193:18: note: overridden virtual function is here
C/C++:   193 |     virtual void readGPUType() = 0;
C/C++:       |                  ^
C/C++: In file included from /Users/mikevocalz/virocore-rive-panel/android/sharedCode/src/main/cpp/VROSceneRendererGVR.cpp:27:
C/C++: In file included from /Users/mikevocalz/virocore-rive-panel/android/sharedCode/src/main/cpp/VROSceneRendererGVR.h:37:
C/C++: In file included from /Users/mikevocalz/virocore-rive-panel/android/sharedCode/src/main/cpp/VROSceneRenderer.h:35:
C/C++: In file included from /Users/mikevocalz/virocore-rive-panel/android/sharedCode/src/main/cpp/VRODriverOpenGLAndroid.h:31:
C/C++: /Users/mikevocalz/virocore-rive-panel/android/sharedCode/../../ViroRenderer/VRODriverOpenGL.h:507:10: warning: 'setHasSoftwareGammaPass' overrides a member function but is not marked 'override' [-Winconsistent-missing-override]
C/C++:   507 |     void setHasSoftwareGammaPass(bool gammaPass) {
C/C++:       |          ^
C/C++: /Users/mikevocalz/virocore-rive-panel/android/sharedCode/../../ViroRenderer/VRODriver.h:248:18: note: overridden virtual function is here
C/C++:   248 |     virtual void setHasSoftwareGammaPass(bool softwareGamma) = 0;
C/C++:       |                  ^
C/C++: In file included from /Users/mikevocalz/virocore-rive-panel/android/sharedCode/src/main/cpp/VROSceneRendererGVR.cpp:27:
C/C++: In file included from /Users/mikevocalz/virocore-rive-panel/android/sharedCode/src/main/cpp/VROSceneRendererGVR.h:37:
C/C++: In file included from /Users/mikevocalz/virocore-rive-panel/android/sharedCode/src/main/cpp/VROSceneRenderer.h:35:
C/C++: In file included from /Users/mikevocalz/virocore-rive-panel/android/sharedCode/src/main/cpp/VRODriverOpenGLAndroid.h:31:
C/C++: /Users/mikevocalz/virocore-rive-panel/android/sharedCode/../../ViroRenderer/VRODriverOpenGL.h:510:10: warning: 'hasSoftwareGammaPass' overrides a member function but is not marked 'override' [-Winconsistent-missing-override]
C/C++:   510 |     bool hasSoftwareGammaPass() const {
C/C++:       |          ^
C/C++: /Users/mikevocalz/virocore-rive-panel/android/sharedCode/../../ViroRenderer/VRODriver.h:249:18: note: overridden virtual function is here
C/C++:   249 |     virtual bool hasSoftwareGammaPass() const = 0;
C/C++:       |                  ^
C/C++: In file included from /Users/mikevocalz/virocore-rive-panel/android/sharedCode/src/main/cpp/VROSceneRendererGVR.cpp:27:
C/C++: In file included from /Users/mikevocalz/virocore-rive-panel/android/sharedCode/src/main/cpp/VROSceneRendererGVR.h:37:
C/C++: In file included from /Users/mikevocalz/virocore-rive-panel/android/sharedCode/src/main/cpp/VROSceneRenderer.h:35:
C/C++: In file included from /Users/mikevocalz/virocore-rive-panel/android/sharedCode/src/main/cpp/VRODriverOpenGLAndroid.h:31:
C/C++: /Users/mikevocalz/virocore-rive-panel/android/sharedCode/../../ViroRenderer/VRODriverOpenGL.h:514:16: warning: 'getGPUType' overrides a member function but is not marked 'override' [-Winconsistent-missing-override]
C/C++:   514 |     VROGPUType getGPUType() {
C/C++:       |                ^
C/C++: /Users/mikevocalz/virocore-rive-panel/android/sharedCode/../../ViroRenderer/VRODriver.h:198:24: note: overridden virtual function is here
C/C++:   198 |     virtual VROGPUType getGPUType() = 0;
C/C++:       |                        ^
C/C++: In file included from /Users/mikevocalz/virocore-rive-panel/android/sharedCode/src/main/cpp/VROSceneRendererGVR.cpp:27:
C/C++: In file included from /Users/mikevocalz/virocore-rive-panel/android/sharedCode/src/main/cpp/VROSceneRendererGVR.h:37:
C/C++: In file included from /Users/mikevocalz/virocore-rive-panel/android/sharedCode/src/main/cpp/VROSceneRenderer.h:35:
C/C++: In file included from /Users/mikevocalz/virocore-rive-panel/android/sharedCode/src/main/cpp/VRODriverOpenGLAndroid.h:31:
C/C++: /Users/mikevocalz/virocore-rive-panel/android/sharedCode/../../ViroRenderer/VRODriverOpenGL.h:518:10: warning: 'readDisplayFramebuffer' overrides a member function but is not marked 'override' [-Winconsistent-missing-override]
C/C++:   518 |     void readDisplayFramebuffer() {
C/C++:       |          ^
C/C++: /Users/mikevocalz/virocore-rive-panel/android/sharedCode/../../ViroRenderer/VRODriver.h:205:18: note: overridden virtual function is here
C/C++:   205 |     virtual void readDisplayFramebuffer() = 0;
C/C++:       |                  ^
C/C++: In file included from /Users/mikevocalz/virocore-rive-panel/android/sharedCode/src/main/cpp/VROSceneRendererGVR.cpp:27:
C/C++: In file included from /Users/mikevocalz/virocore-rive-panel/android/sharedCode/src/main/cpp/VROSceneRendererGVR.h:37:
C/C++: In file included from /Users/mikevocalz/virocore-rive-panel/android/sharedCode/src/main/cpp/VROSceneRenderer.h:35:
C/C++: In file included from /Users/mikevocalz/virocore-rive-panel/android/sharedCode/src/main/cpp/VRODriverOpenGLAndroid.h:31:
C/C++: /Users/mikevocalz/virocore-rive-panel/android/sharedCode/../../ViroRenderer/VRODriverOpenGL.h:522:46: warning: 'getDisplay' overrides a member function but is not marked 'override' [-Winconsistent-missing-override]
C/C++:   522 |     virtual std::shared_ptr<VRORenderTarget> getDisplay() {
C/C++:       |                                              ^
C/C++: /Users/mikevocalz/virocore-rive-panel/android/sharedCode/../../ViroRenderer/VRODriver.h:292:46: note: overridden virtual function is here
C/C++:   292 |     virtual std::shared_ptr<VRORenderTarget> getDisplay() = 0;
C/C++:       |                                              ^
C/C++: In file included from /Users/mikevocalz/virocore-rive-panel/android/sharedCode/src/main/cpp/VROSceneRendererGVR.cpp:27:
C/C++: In file included from /Users/mikevocalz/virocore-rive-panel/android/sharedCode/src/main/cpp/VROSceneRendererGVR.h:37:
C/C++: In file included from /Users/mikevocalz/virocore-rive-panel/android/sharedCode/src/main/cpp/VROSceneRenderer.h:35:
C/C++: In file included from /Users/mikevocalz/virocore-rive-panel/android/sharedCode/src/main/cpp/VRODriverOpenGLAndroid.h:31:
C/C++: /Users/mikevocalz/virocore-rive-panel/android/sharedCode/../../ViroRenderer/VRODriverOpenGL.h:556:44: warning: 'newTypefaceCollection' overrides a member function but is not marked 'override' [-Winconsistent-missing-override]
C/C++:   556 |     std::shared_ptr<VROTypefaceCollection> newTypefaceCollection(std::string typefaces, int size, VROFontStyle style,
C/C++:       |                                            ^
C/C++: /Users/mikevocalz/virocore-rive-panel/android/sharedCode/../../ViroRenderer/VRODriver.h:308:52: note: overridden virtual function is here
C/C++:   308 |     virtual std::shared_ptr<VROTypefaceCollection> newTypefaceCollection(std::string typefaces, int size, VROFontStyle style, VROFontWeight weight) = 0;
C/C++:       |                                                    ^
C/C++: In file included from /Users/mikevocalz/virocore-rive-panel/android/sharedCode/src/main/cpp/VROSceneRendererGVR.cpp:27:
C/C++: In file included from /Users/mikevocalz/virocore-rive-panel/android/sharedCode/src/main/cpp/VROSceneRendererGVR.h:37:
C/C++: In file included from /Users/mikevocalz/virocore-rive-panel/android/sharedCode/src/main/cpp/VROSceneRenderer.h:35:
C/C++: In file included from /Users/mikevocalz/virocore-rive-panel/android/sharedCode/src/main/cpp/VRODriverOpenGLAndroid.h:31:
C/C++: /Users/mikevocalz/virocore-rive-panel/android/sharedCode/../../ViroRenderer/VRODriverOpenGL.h:580:40: warning: 'getFrameScheduler' overrides a member function but is not marked 'override' [-Winconsistent-missing-override]
C/C++:   580 |     std::shared_ptr<VROFrameScheduler> getFrameScheduler() {
C/C++:       |                                        ^
C/C++: /Users/mikevocalz/virocore-rive-panel/android/sharedCode/../../ViroRenderer/VRODriver.h:313:48: note: overridden virtual function is here
C/C++:   313 |     virtual std::shared_ptr<VROFrameScheduler> getFrameScheduler() = 0;
C/C++:       |                                                ^
C/C++: In file included from /Users/mikevocalz/virocore-rive-panel/android/sharedCode/src/main/cpp/VROSceneRendererGVR.cpp:27:
C/C++: In file included from /Users/mikevocalz/virocore-rive-panel/android/sharedCode/src/main/cpp/VROSceneRendererGVR.h:37:
C/C++: In file included from /Users/mikevocalz/virocore-rive-panel/android/sharedCode/src/main/cpp/VROSceneRenderer.h:35:
C/C++: In file included from /Users/mikevocalz/virocore-rive-panel/android/sharedCode/src/main/cpp/VRODriverOpenGLAndroid.h:31:
C/C++: /Users/mikevocalz/virocore-rive-panel/android/sharedCode/../../ViroRenderer/VRODriverOpenGL.h:635:19: warning: 'getGraphicsContext' overrides a member function but is not marked 'override' [-Winconsistent-missing-override]
C/C++:   635 |     virtual void *getGraphicsContext() { return nullptr; }
C/C++:       |                   ^
C/C++: /Users/mikevocalz/virocore-rive-panel/android/sharedCode/../../ViroRenderer/VRODriver.h:314:19: note: overridden virtual function is here
C/C++:   314 |     virtual void *getGraphicsContext() = 0;
C/C++:       |                   ^
C/C++: In file included from /Users/mikevocalz/virocore-rive-panel/android/sharedCode/src/main/cpp/VROSceneRendererGVR.cpp:27:
C/C++: In file included from /Users/mikevocalz/virocore-rive-panel/android/sharedCode/src/main/cpp/VROSceneRendererGVR.h:37:
C/C++: In file included from /Users/mikevocalz/virocore-rive-panel/android/sharedCode/src/main/cpp/VROSceneRenderer.h:35:
C/C++: /Users/mikevocalz/virocore-rive-panel/android/sharedCode/src/main/cpp/VRODriverOpenGLAndroid.h:49:35: warning: 'getColorRenderingMode' overrides a member function but is not marked 'override' [-Winconsistent-missing-override]
C/C++:    49 |     virtual VROColorRenderingMode getColorRenderingMode() {
C/C++:       |                                   ^
C/C++: /Users/mikevocalz/virocore-rive-panel/android/sharedCode/../../ViroRenderer/VRODriver.h:242:35: note: overridden virtual function is here
C/C++:   242 |     virtual VROColorRenderingMode getColorRenderingMode() = 0;
C/C++:       |                                   ^
C/C++: In file included from /Users/mikevocalz/virocore-rive-panel/android/sharedCode/src/main/cpp/VROSceneRendererGVR.cpp:27:
C/C++: In file included from /Users/mikevocalz/virocore-rive-panel/android/sharedCode/src/main/cpp/VROSceneRendererGVR.h:37:
C/C++: In file included from /Users/mikevocalz/virocore-rive-panel/android/sharedCode/src/main/cpp/VROSceneRenderer.h:35:
C/C++: /Users/mikevocalz/virocore-rive-panel/android/sharedCode/src/main/cpp/VRODriverOpenGLAndroid.h:63:18: warning: 'isBloomSupported' overrides a member function but is not marked 'override' [-Winconsistent-missing-override]
C/C++:    63 |     virtual bool isBloomSupported() {
C/C++:       |                  ^
C/C++: /Users/mikevocalz/virocore-rive-panel/android/sharedCode/../../ViroRenderer/VRODriverOpenGL.h:428:18: note: overridden virtual function is here
C/C++:   428 |     virtual bool isBloomSupported() {
C/C++:       |                  ^
C/C++: In file included from /Users/mikevocalz/virocore-rive-panel/android/sharedCode/src/main/cpp/VROSceneRendererGVR.cpp:27:
C/C++: In file included from /Users/mikevocalz/virocore-rive-panel/android/sharedCode/src/main/cpp/VROSceneRendererGVR.h:37:
C/C++: In file included from /Users/mikevocalz/virocore-rive-panel/android/sharedCode/src/main/cpp/VROSceneRenderer.h:35:
C/C++: /Users/mikevocalz/virocore-rive-panel/android/sharedCode/src/main/cpp/VRODriverOpenGLAndroid.h:72:10: warning: 'willRenderFrame' overrides a member function but is not marked 'override' [-Winconsistent-missing-override]
C/C++:    72 |     void willRenderFrame(const VRORenderContext &context) {
C/C++:       |          ^
C/C++: /Users/mikevocalz/virocore-rive-panel/android/sharedCode/../../ViroRenderer/VRODriverOpenGL.h:64:10: note: overridden virtual function is here
C/C++:    64 |     void willRenderFrame(const VRORenderContext &context) {
C/C++:       |          ^
C/C++: In file included from /Users/mikevocalz/virocore-rive-panel/android/sharedCode/src/main/cpp/VROSceneRendererGVR.cpp:27:
C/C++: In file included from /Users/mikevocalz/virocore-rive-panel/android/sharedCode/src/main/cpp/VROSceneRendererGVR.h:37:
C/C++: In file included from /Users/mikevocalz/virocore-rive-panel/android/sharedCode/src/main/cpp/VROSceneRenderer.h:35:
C/C++: /Users/mikevocalz/virocore-rive-panel/android/sharedCode/src/main/cpp/VRODriverOpenGLAndroid.h:79:10: warning: 'pause' overrides a member function but is not marked 'override' [-Winconsistent-missing-override]
C/C++:    79 |     void pause() {
C/C++:       |          ^
C/C++: /Users/mikevocalz/virocore-rive-panel/android/sharedCode/../../ViroRenderer/VRODriver.h:185:18: note: overridden virtual function is here
C/C++:   185 |     virtual void pause() = 0;
C/C++:       |                  ^
C/C++: In file included from /Users/mikevocalz/virocore-rive-panel/android/sharedCode/src/main/cpp/VROSceneRendererGVR.cpp:27:
C/C++: In file included from /Users/mikevocalz/virocore-rive-panel/android/sharedCode/src/main/cpp/VROSceneRendererGVR.h:37:
C/C++: In file included from /Users/mikevocalz/virocore-rive-panel/android/sharedCode/src/main/cpp/VROSceneRenderer.h:35:
C/C++: /Users/mikevocalz/virocore-rive-panel/android/sharedCode/src/main/cpp/VRODriverOpenGLAndroid.h:83:10: warning: 'resume' overrides a member function but is not marked 'override' [-Winconsistent-missing-override]
C/C++:    83 |     void resume() {
C/C++:       |          ^
C/C++: /Users/mikevocalz/virocore-rive-panel/android/sharedCode/../../ViroRenderer/VRODriver.h:186:18: note: overridden virtual function is here
C/C++:   186 |     virtual void resume() = 0;
C/C++:       |                  ^
C/C++: In file included from /Users/mikevocalz/virocore-rive-panel/android/sharedCode/src/main/cpp/VROSceneRendererGVR.cpp:27:
C/C++: In file included from /Users/mikevocalz/virocore-rive-panel/android/sharedCode/src/main/cpp/VROSceneRendererGVR.h:37:
C/C++: In file included from /Users/mikevocalz/virocore-rive-panel/android/sharedCode/src/main/cpp/VROSceneRenderer.h:35:
C/C++: /Users/mikevocalz/virocore-rive-panel/android/sharedCode/src/main/cpp/VRODriverOpenGLAndroid.h:87:43: warning: 'newVideoTextureCache' overrides a member function but is not marked 'override' [-Winconsistent-missing-override]
C/C++:    87 |     std::shared_ptr<VROVideoTextureCache> newVideoTextureCache() {
C/C++:       |                                           ^
C/C++: /Users/mikevocalz/virocore-rive-panel/android/sharedCode/../../ViroRenderer/VRODriver.h:294:51: note: overridden virtual function is here
C/C++:   294 |     virtual std::shared_ptr<VROVideoTextureCache> newVideoTextureCache() = 0;
C/C++:       |                                                   ^
C/C++: In file included from /Users/mikevocalz/virocore-rive-panel/android/sharedCode/src/main/cpp/VROSceneRendererGVR.cpp:27:
C/C++: In file included from /Users/mikevocalz/virocore-rive-panel/android/sharedCode/src/main/cpp/VROSceneRendererGVR.h:37:
C/C++: In file included from /Users/mikevocalz/virocore-rive-panel/android/sharedCode/src/main/cpp/VROSceneRenderer.h:35:
C/C++: /Users/mikevocalz/virocore-rive-panel/android/sharedCode/src/main/cpp/VRODriverOpenGLAndroid.h:92:31: warning: 'newSound' overrides a member function but is not marked 'override' [-Winconsistent-missing-override]
C/C++:    92 |     std::shared_ptr<VROSound> newSound(std::shared_ptr<VROSoundData> data, VROSoundType type) {
C/C++:       |                               ^
C/C++: /Users/mikevocalz/virocore-rive-panel/android/sharedCode/../../ViroRenderer/VRODriver.h:295:39: note: overridden virtual function is here
C/C++:   295 |     virtual std::shared_ptr<VROSound> newSound(std::shared_ptr<VROSoundData> data, VROSoundType type) = 0;
C/C++:       |                                       ^
C/C++: In file included from /Users/mikevocalz/virocore-rive-panel/android/sharedCode/src/main/cpp/VROSceneRendererGVR.cpp:27:
C/C++: In file included from /Users/mikevocalz/virocore-rive-panel/android/sharedCode/src/main/cpp/VROSceneRendererGVR.h:37:
C/C++: In file included from /Users/mikevocalz/virocore-rive-panel/android/sharedCode/src/main/cpp/VROSceneRenderer.h:35:
C/C++: /Users/mikevocalz/virocore-rive-panel/android/sharedCode/src/main/cpp/VRODriverOpenGLAndroid.h:96:31: warning: 'newSound' overrides a member function but is not marked 'override' [-Winconsistent-missing-override]
C/C++:    96 |     std::shared_ptr<VROSound> newSound(std::string resource, VROResourceType resourceType, VROSoundType type) {
C/C++:       |                               ^
C/C++: /Users/mikevocalz/virocore-rive-panel/android/sharedCode/../../ViroRenderer/VRODriver.h:296:39: note: overridden virtual function is here
C/C++:   296 |     virtual std::shared_ptr<VROSound> newSound(std::string resource, VROResourceType resourceType, VROSoundType type) = 0;
C/C++:       |                                       ^
C/C++: In file included from /Users/mikevocalz/virocore-rive-panel/android/sharedCode/src/main/cpp/VROSceneRendererGVR.cpp:27:
C/C++: In file included from /Users/mikevocalz/virocore-rive-panel/android/sharedCode/src/main/cpp/VROSceneRendererGVR.h:37:
C/C++: In file included from /Users/mikevocalz/virocore-rive-panel/android/sharedCode/src/main/cpp/VROSceneRenderer.h:35:
C/C++: /Users/mikevocalz/virocore-rive-panel/android/sharedCode/src/main/cpp/VRODriverOpenGLAndroid.h:100:37: warning: 'newAudioPlayer' overrides a member function but is not marked 'override' [-Winconsistent-missing-override]
C/C++:   100 |     std::shared_ptr<VROAudioPlayer> newAudioPlayer(std::shared_ptr<VROSoundData> data) {
C/C++:       |                                     ^
C/C++: /Users/mikevocalz/virocore-rive-panel/android/sharedCode/../../ViroRenderer/VRODriver.h:297:45: note: overridden virtual function is here
C/C++:   297 |     virtual std::shared_ptr<VROAudioPlayer> newAudioPlayer(std::shared_ptr<VROSoundData> data) = 0;
C/C++:       |                                             ^
C/C++: In file included from /Users/mikevocalz/virocore-rive-panel/android/sharedCode/src/main/cpp/VROSceneRendererGVR.cpp:27:
C/C++: In file included from /Users/mikevocalz/virocore-rive-panel/android/sharedCode/src/main/cpp/VROSceneRendererGVR.h:37:
C/C++: In file included from /Users/mikevocalz/virocore-rive-panel/android/sharedCode/src/main/cpp/VROSceneRenderer.h:35:
C/C++: /Users/mikevocalz/virocore-rive-panel/android/sharedCode/src/main/cpp/VRODriverOpenGLAndroid.h:104:37: warning: 'newAudioPlayer' overrides a member function but is not marked 'override' [-Winconsistent-missing-override]
C/C++:   104 |     std::shared_ptr<VROAudioPlayer> newAudioPlayer(std::string fileName, bool isLocal) {
C/C++:       |                                     ^
C/C++: /Users/mikevocalz/virocore-rive-panel/android/sharedCode/../../ViroRenderer/VRODriver.h:298:45: note: overridden virtual function is here
C/C++:   298 |     virtual std::shared_ptr<VROAudioPlayer> newAudioPlayer(std::string path, bool isLocal) = 0;
C/C++:       |                                             ^
C/C++: In file included from /Users/mikevocalz/virocore-rive-panel/android/sharedCode/src/main/cpp/VROSceneRendererGVR.cpp:27:
C/C++: In file included from /Users/mikevocalz/virocore-rive-panel/android/sharedCode/src/main/cpp/VROSceneRendererGVR.h:37:
C/C++: In file included from /Users/mikevocalz/virocore-rive-panel/android/sharedCode/src/main/cpp/VROSceneRenderer.h:35:
C/C++: /Users/mikevocalz/virocore-rive-panel/android/sharedCode/src/main/cpp/VRODriverOpenGLAndroid.h:116:10: warning: 'setSoundRoom' overrides a member function but is not marked 'override' [-Winconsistent-missing-override]
C/C++:   116 |     void setSoundRoom(float sizeX, float sizeY, float sizeZ, std::string wallMaterial,
C/C++:       |          ^
C/C++: /Users/mikevocalz/virocore-rive-panel/android/sharedCode/../../ViroRenderer/VRODriver.h:309:18: note: overridden virtual function is here
C/C++:   309 |     virtual void setSoundRoom(float sizeX, float sizeY, float sizeZ, std::string wallMaterial,
C/C++:       |                  ^
C/C++: In file included from /Users/mikevocalz/virocore-rive-panel/android/sharedCode/src/main/cpp/VROSceneRendererGVR.cpp:27:
C/C++: In file included from /Users/mikevocalz/virocore-rive-panel/android/sharedCode/src/main/cpp/VROSceneRendererGVR.h:37:
C/C++: In file included from /Users/mikevocalz/virocore-rive-panel/android/sharedCode/src/main/cpp/VROSceneRenderer.h:35:
C/C++: /Users/mikevocalz/virocore-rive-panel/android/sharedCode/src/main/cpp/VRODriverOpenGLAndroid.h:135:44: warning: 'createTypefaceCollection' overrides a member function but is not marked 'override' [-Winconsistent-missing-override]
C/C++:   135 |     std::shared_ptr<VROTypefaceCollection> createTypefaceCollection(std::string typefaceNames, int size, VROFontStyle style,
C/C++:       |                                            ^
C/C++: /Users/mikevocalz/virocore-rive-panel/android/sharedCode/../../ViroRenderer/VRODriverOpenGL.h:628:52: note: overridden virtual function is here
C/C++:   628 |     virtual std::shared_ptr<VROTypefaceCollection> createTypefaceCollection(std::string typefaces, int size, VROFontStyle style,
C/C++:       |                                                    ^
C/C++: 51 warnings generated.
C/C++: In file included from /Users/mikevocalz/virocore-rive-panel/android/sharedCode/src/main/cpp/jni/VROGameLoop_JNI.cpp:8:
C/C++: In file included from /Users/mikevocalz/virocore-rive-panel/android/sharedCode/src/main/cpp/jni/ViroContextAndroid_JNI.h:30:
C/C++: In file included from /Users/mikevocalz/virocore-rive-panel/android/sharedCode/../sharedCode/src/main/cpp/VROSceneRenderer.h:35:
C/C++: In file included from /Users/mikevocalz/virocore-rive-panel/android/sharedCode/../sharedCode/src/main/cpp/VRODriverOpenGLAndroid.h:31:
C/C++: In file included from /Users/mikevocalz/virocore-rive-panel/android/sharedCode/../../ViroRenderer/VRODriverOpenGL.h:37:
C/C++: /Users/mikevocalz/virocore-rive-panel/android/sharedCode/../../ViroRenderer/VROMaterialSubstrateOpenGL.h:69:10: warning: 'bindShader' overrides a member function but is not marked 'override' [-Winconsistent-missing-override]
C/C++:    69 |     bool bindShader(int lightsHash,
C/C++:       |          ^
C/C++: /Users/mikevocalz/virocore-rive-panel/android/sharedCode/../../ViroRenderer/VROMaterialSubstrate.h:70:18: note: overridden virtual function is here
C/C++:    70 |     virtual bool bindShader(int lightsHash,
C/C++:       |                  ^
C/C++: In file included from /Users/mikevocalz/virocore-rive-panel/android/sharedCode/src/main/cpp/jni/VROGameLoop_JNI.cpp:8:
C/C++: In file included from /Users/mikevocalz/virocore-rive-panel/android/sharedCode/src/main/cpp/jni/ViroContextAndroid_JNI.h:30:
C/C++: In file included from /Users/mikevocalz/virocore-rive-panel/android/sharedCode/../sharedCode/src/main/cpp/VROSceneRenderer.h:35:
C/C++: In file included from /Users/mikevocalz/virocore-rive-panel/android/sharedCode/../sharedCode/src/main/cpp/VRODriverOpenGLAndroid.h:31:
C/C++: In file included from /Users/mikevocalz/virocore-rive-panel/android/sharedCode/../../ViroRenderer/VRODriverOpenGL.h:37:
C/C++: /Users/mikevocalz/virocore-rive-panel/android/sharedCode/../../ViroRenderer/VROMaterialSubstrateOpenGL.h:79:10: warning: 'bindProperties' overrides a member function but is not marked 'override' [-Winconsistent-missing-override]
C/C++:    79 |     void bindProperties(std::shared_ptr<VRODriver> &driver);
C/C++:       |          ^
C/C++: /Users/mikevocalz/virocore-rive-panel/android/sharedCode/../../ViroRenderer/VROMaterialSubstrate.h:80:18: note: overridden virtual function is here
C/C++:    80 |     virtual void bindProperties(std::shared_ptr<VRODriver> &driver) = 0;
C/C++:       |                  ^
C/C++: In file included from /Users/mikevocalz/virocore-rive-panel/android/sharedCode/src/main/cpp/jni/VROGameLoop_JNI.cpp:8:
C/C++: In file included from /Users/mikevocalz/virocore-rive-panel/android/sharedCode/src/main/cpp/jni/ViroContextAndroid_JNI.h:30:
C/C++: In file included from /Users/mikevocalz/virocore-rive-panel/android/sharedCode/../sharedCode/src/main/cpp/VROSceneRenderer.h:35:
C/C++: In file included from /Users/mikevocalz/virocore-rive-panel/android/sharedCode/../sharedCode/src/main/cpp/VRODriverOpenGLAndroid.h:31:
C/C++: In file included from /Users/mikevocalz/virocore-rive-panel/android/sharedCode/../../ViroRenderer/VRODriverOpenGL.h:37:
C/C++: /Users/mikevocalz/virocore-rive-panel/android/sharedCode/../../ViroRenderer/VROMaterialSubstrateOpenGL.h:86:10: warning: 'bindGeometry' overrides a member function but is not marked 'override' [-Winconsistent-missing-override]
C/C++:    86 |     void bindGeometry(float opacity, const VROGeometry &geometry);
C/C++:       |          ^
C/C++: /Users/mikevocalz/virocore-rive-panel/android/sharedCode/../../ViroRenderer/VROMaterialSubstrate.h:87:18: note: overridden virtual function is here
C/C++:    87 |     virtual void bindGeometry(float opacity, const VROGeometry &geometry) = 0;
C/C++:       |                  ^
C/C++: In file included from /Users/mikevocalz/virocore-rive-panel/android/sharedCode/src/main/cpp/jni/VROGameLoop_JNI.cpp:8:
C/C++: In file included from /Users/mikevocalz/virocore-rive-panel/android/sharedCode/src/main/cpp/jni/ViroContextAndroid_JNI.h:30:
C/C++: In file included from /Users/mikevocalz/virocore-rive-panel/android/sharedCode/../sharedCode/src/main/cpp/VROSceneRenderer.h:35:
C/C++: In file included from /Users/mikevocalz/virocore-rive-panel/android/sharedCode/../sharedCode/src/main/cpp/VRODriverOpenGLAndroid.h:31:
C/C++: In file included from /Users/mikevocalz/virocore-rive-panel/android/sharedCode/../../ViroRenderer/VRODriverOpenGL.h:38:
C/C++: /Users/mikevocalz/virocore-rive-panel/android/sharedCode/../../ViroRenderer/VROTextureSubstrateOpenGL.h:94:10: warning: 'updateWrapMode' overrides a member function but is not marked 'override' [-Winconsistent-missing-override]
C/C++:    94 |     void updateWrapMode(VROWrapMode wrapModeS, VROWrapMode wrapModeT);
C/C++:       |          ^
C/C++: /Users/mikevocalz/virocore-rive-panel/android/sharedCode/../../ViroRenderer/VROTextureSubstrate.h:37:18: note: overridden virtual function is here
C/C++:    37 |     virtual void updateWrapMode(VROWrapMode wrapModeS, VROWrapMode wrapModeT) = 0;
C/C++:       |                  ^
C/C++: In file included from /Users/mikevocalz/virocore-rive-panel/android/sharedCode/src/main/cpp/jni/VROGameLoop_JNI.cpp:8:
C/C++: In file included from /Users/mikevocalz/virocore-rive-panel/android/sharedCode/src/main/cpp/jni/ViroContextAndroid_JNI.h:30:
C/C++: In file included from /Users/mikevocalz/virocore-rive-panel/android/sharedCode/../sharedCode/src/main/cpp/VROSceneRenderer.h:35:
C/C++: In file included from /Users/mikevocalz/virocore-rive-panel/android/sharedCode/../sharedCode/src/main/cpp/VRODriverOpenGLAndroid.h:31:
C/C++: /Users/mikevocalz/virocore-rive-panel/android/sharedCode/../../ViroRenderer/VRODriverOpenGL.h:64:10: warning: 'willRenderFrame' overrides a member function but is not marked 'override' [-Winconsistent-missing-override]
C/C++:    64 |     void willRenderFrame(const VRORenderContext &context) {
C/C++:       |          ^
C/C++: /Users/mikevocalz/virocore-rive-panel/android/sharedCode/../../ViroRenderer/VRODriver.h:172:18: note: overridden virtual function is here
C/C++:   172 |     virtual void willRenderFrame(const VRORenderContext &context) = 0;
C/C++:       |                  ^
C/C++: In file included from /Users/mikevocalz/virocore-rive-panel/android/sharedCode/src/main/cpp/jni/VROGameLoop_JNI.cpp:8:
C/C++: In file included from /Users/mikevocalz/virocore-rive-panel/android/sharedCode/src/main/cpp/jni/ViroContextAndroid_JNI.h:30:
C/C++: In file included from /Users/mikevocalz/virocore-rive-panel/android/sharedCode/../sharedCode/src/main/cpp/VROSceneRenderer.h:35:
C/C++: In file included from /Users/mikevocalz/virocore-rive-panel/android/sharedCode/../sharedCode/src/main/cpp/VRODriverOpenGLAndroid.h:31:
C/C++: /Users/mikevocalz/virocore-rive-panel/android/sharedCode/../../ViroRenderer/VRODriverOpenGL.h:152:10: warning: 'didRenderFrame' overrides a member function but is not marked 'override' [-Winconsistent-missing-override]
C/C++:   152 |     void didRenderFrame(const VROFrameTimer &timer, const VRORenderContext &context) {
C/C++:       |          ^
C/C++: /Users/mikevocalz/virocore-rive-panel/android/sharedCode/../../ViroRenderer/VRODriver.h:173:18: note: overridden virtual function is here
C/C++:   173 |     virtual void didRenderFrame(const VROFrameTimer &timer, const VRORenderContext &context) = 0;
C/C++:       |                  ^
C/C++: In file included from /Users/mikevocalz/virocore-rive-panel/android/sharedCode/src/main/cpp/jni/VROGameLoop_JNI.cpp:8:
C/C++: In file included from /Users/mikevocalz/virocore-rive-panel/android/sharedCode/src/main/cpp/jni/ViroContextAndroid_JNI.h:30:
C/C++: In file included from /Users/mikevocalz/virocore-rive-panel/android/sharedCode/../sharedCode/src/main/cpp/VROSceneRenderer.h:35:
C/C++: In file included from /Users/mikevocalz/virocore-rive-panel/android/sharedCode/../sharedCode/src/main/cpp/VRODriverOpenGLAndroid.h:31:
C/C++: /Users/mikevocalz/virocore-rive-panel/android/sharedCode/../../ViroRenderer/VRODriverOpenGL.h:166:10: warning: 'willRenderEye' overrides a member function but is not marked 'override' [-Winconsistent-missing-override]
C/C++:   166 |     void willRenderEye(const VRORenderContext &context) {
C/C++:       |          ^
C/C++: /Users/mikevocalz/virocore-rive-panel/android/sharedCode/../../ViroRenderer/VRODriver.h:179:18: note: overridden virtual function is here
C/C++:   179 |     virtual void willRenderEye(const VRORenderContext &context) = 0;
C/C++:       |                  ^
C/C++: In file included from /Users/mikevocalz/virocore-rive-panel/android/sharedCode/src/main/cpp/jni/VROGameLoop_JNI.cpp:8:
C/C++: In file included from /Users/mikevocalz/virocore-rive-panel/android/sharedCode/src/main/cpp/jni/ViroContextAndroid_JNI.h:30:
C/C++: In file included from /Users/mikevocalz/virocore-rive-panel/android/sharedCode/../sharedCode/src/main/cpp/VROSceneRenderer.h:35:
C/C++: In file included from /Users/mikevocalz/virocore-rive-panel/android/sharedCode/../sharedCode/src/main/cpp/VRODriverOpenGLAndroid.h:31:
C/C++: /Users/mikevocalz/virocore-rive-panel/android/sharedCode/../../ViroRenderer/VRODriverOpenGL.h:170:10: warning: 'didRenderEye' overrides a member function but is not marked 'override' [-Winconsistent-missing-override]
C/C++:   170 |     void didRenderEye(const VRORenderContext &context) {
C/C++:       |          ^
C/C++: /Users/mikevocalz/virocore-rive-panel/android/sharedCode/../../ViroRenderer/VRODriver.h:180:18: note: overridden virtual function is here
C/C++:   180 |     virtual void didRenderEye(const VRORenderContext &context) = 0;
C/C++:       |                  ^
C/C++: In file included from /Users/mikevocalz/virocore-rive-panel/android/sharedCode/src/main/cpp/jni/VROGameLoop_JNI.cpp:8:
C/C++: In file included from /Users/mikevocalz/virocore-rive-panel/android/sharedCode/src/main/cpp/jni/ViroContextAndroid_JNI.h:30:
C/C++: In file included from /Users/mikevocalz/virocore-rive-panel/android/sharedCode/../sharedCode/src/main/cpp/VROSceneRenderer.h:35:
C/C++: In file included from /Users/mikevocalz/virocore-rive-panel/android/sharedCode/../sharedCode/src/main/cpp/VRODriverOpenGLAndroid.h:31:
C/C++: /Users/mikevocalz/virocore-rive-panel/android/sharedCode/../../ViroRenderer/VRODriverOpenGL.h:181:10: warning: 'setActiveTextureUnit' overrides a member function but is not marked 'override' [-Winconsistent-missing-override]
C/C++:   181 |     void setActiveTextureUnit(int unit) {
C/C++:       |          ^
C/C++: /Users/mikevocalz/virocore-rive-panel/android/sharedCode/../../ViroRenderer/VRODriver.h:212:18: note: overridden virtual function is here
C/C++:   212 |     virtual void setActiveTextureUnit(int unit) = 0;
C/C++:       |                  ^
C/C++: In file included from /Users/mikevocalz/virocore-rive-panel/android/sharedCode/src/main/cpp/jni/VROGameLoop_JNI.cpp:8:
C/C++: In file included from /Users/mikevocalz/virocore-rive-panel/android/sharedCode/src/main/cpp/jni/ViroContextAndroid_JNI.h:30:
C/C++: In file included from /Users/mikevocalz/virocore-rive-panel/android/sharedCode/../sharedCode/src/main/cpp/VROSceneRenderer.h:35:
C/C++: In file included from /Users/mikevocalz/virocore-rive-panel/android/sharedCode/../sharedCode/src/main/cpp/VRODriverOpenGLAndroid.h:31:
C/C++: /Users/mikevocalz/virocore-rive-panel/android/sharedCode/../../ViroRenderer/VRODriverOpenGL.h:197:10: warning: 'bindTexture' overrides a member function but is not marked 'override' [-Winconsistent-missing-override]
C/C++:   197 |     void bindTexture(int target, int texture) {
C/C++:       |          ^
C/C++: /Users/mikevocalz/virocore-rive-panel/android/sharedCode/../../ViroRenderer/VRODriver.h:213:18: note: overridden virtual function is here
C/C++:   213 |     virtual void bindTexture(int target, int texture) = 0;
C/C++:       |                  ^
C/C++: In file included from /Users/mikevocalz/virocore-rive-panel/android/sharedCode/src/main/cpp/jni/VROGameLoop_JNI.cpp:8:
C/C++: In file included from /Users/mikevocalz/virocore-rive-panel/android/sharedCode/src/main/cpp/jni/ViroContextAndroid_JNI.h:30:
C/C++: In file included from /Users/mikevocalz/virocore-rive-panel/android/sharedCode/../sharedCode/src/main/cpp/VROSceneRenderer.h:35:
C/C++: In file included from /Users/mikevocalz/virocore-rive-panel/android/sharedCode/../sharedCode/src/main/cpp/VRODriverOpenGLAndroid.h:31:
C/C++: /Users/mikevocalz/virocore-rive-panel/android/sharedCode/../../ViroRenderer/VRODriverOpenGL.h:204:10: warning: 'bindTexture' overrides a member function but is not marked 'override' [-Winconsistent-missing-override]
C/C++:   204 |     void bindTexture(int unit, int target, int texture) {
C/C++:       |          ^
C/C++: /Users/mikevocalz/virocore-rive-panel/android/sharedCode/../../ViroRenderer/VRODriver.h:214:18: note: overridden virtual function is here
C/C++:   214 |     virtual void bindTexture(int unit, int target, int texture) = 0;
C/C++:       |                  ^
C/C++: In file included from /Users/mikevocalz/virocore-rive-panel/android/sharedCode/src/main/cpp/jni/VROGameLoop_JNI.cpp:8:
C/C++: In file included from /Users/mikevocalz/virocore-rive-panel/android/sharedCode/src/main/cpp/jni/ViroContextAndroid_JNI.h:30:
C/C++: In file included from /Users/mikevocalz/virocore-rive-panel/android/sharedCode/../sharedCode/src/main/cpp/VROSceneRenderer.h:35:
C/C++: In file included from /Users/mikevocalz/virocore-rive-panel/android/sharedCode/../sharedCode/src/main/cpp/VRODriverOpenGLAndroid.h:31:
C/C++: /Users/mikevocalz/virocore-rive-panel/android/sharedCode/../../ViroRenderer/VRODriverOpenGL.h:234:10: warning: 'setDepthWritingEnabled' overrides a member function but is not marked 'override' [-Winconsistent-missing-override]
C/C++:   234 |     void setDepthWritingEnabled(bool enabled) {
C/C++:       |          ^
C/C++: /Users/mikevocalz/virocore-rive-panel/android/sharedCode/../../ViroRenderer/VRODriver.h:215:18: note: overridden virtual function is here
C/C++:   215 |     virtual void setDepthWritingEnabled(bool enabled) = 0;
C/C++:       |                  ^
C/C++: In file included from /Users/mikevocalz/virocore-rive-panel/android/sharedCode/src/main/cpp/jni/VROGameLoop_JNI.cpp:8:
C/C++: In file included from /Users/mikevocalz/virocore-rive-panel/android/sharedCode/src/main/cpp/jni/ViroContextAndroid_JNI.h:30:
C/C++: In file included from /Users/mikevocalz/virocore-rive-panel/android/sharedCode/../sharedCode/src/main/cpp/VROSceneRenderer.h:35:
C/C++: In file included from /Users/mikevocalz/virocore-rive-panel/android/sharedCode/../sharedCode/src/main/cpp/VRODriverOpenGLAndroid.h:31:
C/C++: /Users/mikevocalz/virocore-rive-panel/android/sharedCode/../../ViroRenderer/VRODriverOpenGL.h:248:10: warning: 'setDepthReadingEnabled' overrides a member function but is not marked 'override' [-Winconsistent-missing-override]
C/C++:   248 |     void setDepthReadingEnabled(bool enabled) {
C/C++:       |          ^
C/C++: /Users/mikevocalz/virocore-rive-panel/android/sharedCode/../../ViroRenderer/VRODriver.h:216:18: note: overridden virtual function is here
C/C++:   216 |     virtual void setDepthReadingEnabled(bool enabled) = 0;
C/C++:       |                  ^
C/C++: In file included from /Users/mikevocalz/virocore-rive-panel/android/sharedCode/src/main/cpp/jni/VROGameLoop_JNI.cpp:8:
C/C++: In file included from /Users/mikevocalz/virocore-rive-panel/android/sharedCode/src/main/cpp/jni/ViroContextAndroid_JNI.h:30:
C/C++: In file included from /Users/mikevocalz/virocore-rive-panel/android/sharedCode/../sharedCode/src/main/cpp/VROSceneRenderer.h:35:
C/C++: In file included from /Users/mikevocalz/virocore-rive-panel/android/sharedCode/../sharedCode/src/main/cpp/VRODriverOpenGLAndroid.h:31:
C/C++: /Users/mikevocalz/virocore-rive-panel/android/sharedCode/../../ViroRenderer/VRODriverOpenGL.h:262:10: warning: 'setStencilTestEnabled' overrides a member function but is not marked 'override' [-Winconsistent-missing-override]
C/C++:   262 |     void setStencilTestEnabled(bool enabled) {
C/C++:       |          ^
C/C++: /Users/mikevocalz/virocore-rive-panel/android/sharedCode/../../ViroRenderer/VRODriver.h:217:18: note: overridden virtual function is here
C/C++:   217 |     virtual void setStencilTestEnabled(bool enabled) = 0;
C/C++:       |                  ^
C/C++: In file included from /Users/mikevocalz/virocore-rive-panel/android/sharedCode/src/main/cpp/jni/VROGameLoop_JNI.cpp:8:
C/C++: In file included from /Users/mikevocalz/virocore-rive-panel/android/sharedCode/src/main/cpp/jni/ViroContextAndroid_JNI.h:30:
C/C++: In file included from /Users/mikevocalz/virocore-rive-panel/android/sharedCode/../sharedCode/src/main/cpp/VROSceneRenderer.h:35:
C/C++: In file included from /Users/mikevocalz/virocore-rive-panel/android/sharedCode/../sharedCode/src/main/cpp/VRODriverOpenGLAndroid.h:31:
C/C++: /Users/mikevocalz/virocore-rive-panel/android/sharedCode/../../ViroRenderer/VRODriverOpenGL.h:276:10: warning: 'setCullMode' overrides a member function but is not marked 'override' [-Winconsistent-missing-override]
C/C++:   276 |     void setCullMode(VROCullMode cullMode) {
C/C++:       |          ^
C/C++: /Users/mikevocalz/virocore-rive-panel/android/sharedCode/../../ViroRenderer/VRODriver.h:218:18: note: overridden virtual function is here
C/C++:   218 |     virtual void setCullMode(VROCullMode cullMode) = 0;
C/C++:       |                  ^
C/C++: In file included from /Users/mikevocalz/virocore-rive-panel/android/sharedCode/src/main/cpp/jni/VROGameLoop_JNI.cpp:8:
C/C++: In file included from /Users/mikevocalz/virocore-rive-panel/android/sharedCode/src/main/cpp/jni/ViroContextAndroid_JNI.h:30:
C/C++: In file included from /Users/mikevocalz/virocore-rive-panel/android/sharedCode/../sharedCode/src/main/cpp/VROSceneRenderer.h:35:
C/C++: In file included from /Users/mikevocalz/virocore-rive-panel/android/sharedCode/../sharedCode/src/main/cpp/VRODriverOpenGLAndroid.h:31:
C/C++: /Users/mikevocalz/virocore-rive-panel/android/sharedCode/../../ViroRenderer/VRODriverOpenGL.h:295:10: warning: 'setBlendingMode' overrides a member function but is not marked 'override' [-Winconsistent-missing-override]
C/C++:   295 |     void setBlendingMode(VROBlendMode mode) {
C/C++:       |          ^
C/C++: /Users/mikevocalz/virocore-rive-panel/android/sharedCode/../../ViroRenderer/VRODriver.h:311:18: note: overridden virtual function is here
C/C++:   311 |     virtual void setBlendingMode(VROBlendMode mode) = 0;
C/C++:       |                  ^
C/C++: In file included from /Users/mikevocalz/virocore-rive-panel/android/sharedCode/src/main/cpp/jni/VROGameLoop_JNI.cpp:8:
C/C++: In file included from /Users/mikevocalz/virocore-rive-panel/android/sharedCode/src/main/cpp/jni/ViroContextAndroid_JNI.h:30:
C/C++: In file included from /Users/mikevocalz/virocore-rive-panel/android/sharedCode/../sharedCode/src/main/cpp/VROSceneRenderer.h:35:
C/C++: In file included from /Users/mikevocalz/virocore-rive-panel/android/sharedCode/../sharedCode/src/main/cpp/VRODriverOpenGLAndroid.h:31:
C/C++: /Users/mikevocalz/virocore-rive-panel/android/sharedCode/../../ViroRenderer/VRODriverOpenGL.h:339:10: warning: 'setRenderTargetColorWritingMask' overrides a member function but is not marked 'override' [-Winconsistent-missing-override]
C/C++:   339 |     void setRenderTargetColorWritingMask(VROColorMask mask) {
C/C++:       |          ^
C/C++: /Users/mikevocalz/virocore-rive-panel/android/sharedCode/../../ViroRenderer/VRODriver.h:219:18: note: overridden virtual function is here
C/C++:   219 |     virtual void setRenderTargetColorWritingMask(VROColorMask mask) = 0;
C/C++:       |                  ^
C/C++: In file included from /Users/mikevocalz/virocore-rive-panel/android/sharedCode/src/main/cpp/jni/VROGameLoop_JNI.cpp:8:
C/C++: In file included from /Users/mikevocalz/virocore-rive-panel/android/sharedCode/src/main/cpp/jni/ViroContextAndroid_JNI.h:30:
C/C++: In file included from /Users/mikevocalz/virocore-rive-panel/android/sharedCode/../sharedCode/src/main/cpp/VROSceneRenderer.h:35:
C/C++: In file included from /Users/mikevocalz/virocore-rive-panel/android/sharedCode/../sharedCode/src/main/cpp/VRODriverOpenGLAndroid.h:31:
C/C++: /Users/mikevocalz/virocore-rive-panel/android/sharedCode/../../ViroRenderer/VRODriverOpenGL.h:347:10: warning: 'setMaterialColorWritingMask' overrides a member function but is not marked 'override' [-Winconsistent-missing-override]
C/C++:   347 |     void setMaterialColorWritingMask(VROColorMask mask) {
C/C++:       |          ^
C/C++: /Users/mikevocalz/virocore-rive-panel/android/sharedCode/../../ViroRenderer/VRODriver.h:220:18: note: overridden virtual function is here
C/C++:   220 |     virtual void setMaterialColorWritingMask(VROColorMask mask) = 0;
C/C++:       |                  ^
C/C++: In file included from /Users/mikevocalz/virocore-rive-panel/android/sharedCode/src/main/cpp/jni/VROGameLoop_JNI.cpp:8:
C/C++: In file included from /Users/mikevocalz/virocore-rive-panel/android/sharedCode/src/main/cpp/jni/ViroContextAndroid_JNI.h:30:
C/C++: In file included from /Users/mikevocalz/virocore-rive-panel/android/sharedCode/../sharedCode/src/main/cpp/VROSceneRenderer.h:35:
C/C++: In file included from /Users/mikevocalz/virocore-rive-panel/android/sharedCode/../sharedCode/src/main/cpp/VRODriverOpenGLAndroid.h:31:
C/C++: /Users/mikevocalz/virocore-rive-panel/android/sharedCode/../../ViroRenderer/VRODriverOpenGL.h:355:10: warning: 'bindShader' overrides a member function but is not marked 'override' [-Winconsistent-missing-override]
C/C++:   355 |     void bindShader(std::shared_ptr<VROShaderProgram> program) {
C/C++:       |          ^
C/C++: /Users/mikevocalz/virocore-rive-panel/android/sharedCode/../../ViroRenderer/VRODriver.h:221:18: note: overridden virtual function is here
C/C++:   221 |     virtual void bindShader(std::shared_ptr<VROShaderProgram> program) = 0;
C/C++:       |                  ^
C/C++: In file included from /Users/mikevocalz/virocore-rive-panel/android/sharedCode/src/main/cpp/jni/VROGameLoop_JNI.cpp:8:
C/C++: In file included from /Users/mikevocalz/virocore-rive-panel/android/sharedCode/src/main/cpp/jni/ViroContextAndroid_JNI.h:30:
C/C++: In file included from /Users/mikevocalz/virocore-rive-panel/android/sharedCode/../sharedCode/src/main/cpp/VROSceneRenderer.h:35:
C/C++: In file included from /Users/mikevocalz/virocore-rive-panel/android/sharedCode/../sharedCode/src/main/cpp/VRODriverOpenGLAndroid.h:31:
C/C++: /Users/mikevocalz/virocore-rive-panel/android/sharedCode/../../ViroRenderer/VRODriverOpenGL.h:373:10: warning: 'unbindShader' overrides a member function but is not marked 'override' [-Winconsistent-missing-override]
C/C++:   373 |     void unbindShader() {
C/C++:       |          ^
C/C++: /Users/mikevocalz/virocore-rive-panel/android/sharedCode/../../ViroRenderer/VRODriver.h:222:18: note: overridden virtual function is here
C/C++:   222 |     virtual void unbindShader() = 0;
C/C++:       |                  ^
C/C++: In file included from /Users/mikevocalz/virocore-rive-panel/android/sharedCode/src/main/cpp/jni/VROGameLoop_JNI.cpp:8:
C/C++: In file included from /Users/mikevocalz/virocore-rive-panel/android/sharedCode/src/main/cpp/jni/ViroContextAndroid_JNI.h:30:
C/C++: In file included from /Users/mikevocalz/virocore-rive-panel/android/sharedCode/../sharedCode/src/main/cpp/VROSceneRenderer.h:35:
C/C++: In file included from /Users/mikevocalz/virocore-rive-panel/android/sharedCode/../sharedCode/src/main/cpp/VRODriverOpenGLAndroid.h:31:
C/C++: /Users/mikevocalz/virocore-rive-panel/android/sharedCode/../../ViroRenderer/VRODriverOpenGL.h:381:10: warning: 'bindRenderTarget' overrides a member function but is not marked 'override' [-Winconsistent-missing-override]
C/C++:   381 |     bool bindRenderTarget(std::shared_ptr<VRORenderTarget> target, VRORenderTargetUnbindOp unbindOp) {
C/C++:       |          ^
C/C++: /Users/mikevocalz/virocore-rive-panel/android/sharedCode/../../ViroRenderer/VRODriver.h:229:18: note: overridden virtual function is here
C/C++:   229 |     virtual bool bindRenderTarget(std::shared_ptr<VRORenderTarget> target, VRORenderTargetUnbindOp unbindOp) = 0;
C/C++:       |                  ^
C/C++: In file included from /Users/mikevocalz/virocore-rive-panel/android/sharedCode/src/main/cpp/jni/VROGameLoop_JNI.cpp:8:
C/C++: In file included from /Users/mikevocalz/virocore-rive-panel/android/sharedCode/src/main/cpp/jni/ViroContextAndroid_JNI.h:30:
C/C++: In file included from /Users/mikevocalz/virocore-rive-panel/android/sharedCode/../sharedCode/src/main/cpp/VROSceneRenderer.h:35:
C/C++: In file included from /Users/mikevocalz/virocore-rive-panel/android/sharedCode/../sharedCode/src/main/cpp/VRODriverOpenGLAndroid.h:31:
C/C++: /Users/mikevocalz/virocore-rive-panel/android/sharedCode/../../ViroRenderer/VRODriverOpenGL.h:416:10: warning: 'unbindRenderTarget' overrides a member function but is not marked 'override' [-Winconsistent-missing-override]
C/C++:   416 |     void unbindRenderTarget() {
C/C++:       |          ^
C/C++: /Users/mikevocalz/virocore-rive-panel/android/sharedCode/../../ViroRenderer/VRODriver.h:230:18: note: overridden virtual function is here
C/C++:   230 |     virtual void unbindRenderTarget() = 0;
C/C++:       |                  ^
C/C++: In file included from /Users/mikevocalz/virocore-rive-panel/android/sharedCode/src/main/cpp/jni/VROGameLoop_JNI.cpp:8:
C/C++: In file included from /Users/mikevocalz/virocore-rive-panel/android/sharedCode/src/main/cpp/jni/ViroContextAndroid_JNI.h:30:
C/C++: In file included from /Users/mikevocalz/virocore-rive-panel/android/sharedCode/../sharedCode/src/main/cpp/VROSceneRenderer.h:35:
C/C++: In file included from /Users/mikevocalz/virocore-rive-panel/android/sharedCode/../sharedCode/src/main/cpp/VRODriverOpenGLAndroid.h:31:
C/C++: /Users/mikevocalz/virocore-rive-panel/android/sharedCode/../../ViroRenderer/VRODriverOpenGL.h:424:38: warning: 'getRenderTarget' overrides a member function but is not marked 'override' [-Winconsistent-missing-override]
C/C++:   424 |     std::shared_ptr<VRORenderTarget> getRenderTarget() {
C/C++:       |                                      ^
C/C++: /Users/mikevocalz/virocore-rive-panel/android/sharedCode/../../ViroRenderer/VRODriver.h:236:46: note: overridden virtual function is here
C/C++:   236 |     virtual std::shared_ptr<VRORenderTarget> getRenderTarget() = 0;
C/C++:       |                                              ^
C/C++: In file included from /Users/mikevocalz/virocore-rive-panel/android/sharedCode/src/main/cpp/jni/VROGameLoop_JNI.cpp:8:
C/C++: In file included from /Users/mikevocalz/virocore-rive-panel/android/sharedCode/src/main/cpp/jni/ViroContextAndroid_JNI.h:30:
C/C++: In file included from /Users/mikevocalz/virocore-rive-panel/android/sharedCode/../sharedCode/src/main/cpp/VROSceneRenderer.h:35:
C/C++: In file included from /Users/mikevocalz/virocore-rive-panel/android/sharedCode/../sharedCode/src/main/cpp/VRODriverOpenGLAndroid.h:31:
C/C++: /Users/mikevocalz/virocore-rive-panel/android/sharedCode/../../ViroRenderer/VRODriverOpenGL.h:428:18: warning: 'isBloomSupported' overrides a member function but is not marked 'override' [-Winconsistent-missing-override]
C/C++:   428 |     virtual bool isBloomSupported() {
C/C++:       |                  ^
C/C++: /Users/mikevocalz/virocore-rive-panel/android/sharedCode/../../ViroRenderer/VRODriver.h:267:18: note: overridden virtual function is here
C/C++:   267 |     virtual bool isBloomSupported() = 0;
C/C++:       |                  ^
C/C++: In file included from /Users/mikevocalz/virocore-rive-panel/android/sharedCode/src/main/cpp/jni/VROGameLoop_JNI.cpp:8:
C/C++: In file included from /Users/mikevocalz/virocore-rive-panel/android/sharedCode/src/main/cpp/jni/ViroContextAndroid_JNI.h:30:
C/C++: In file included from /Users/mikevocalz/virocore-rive-panel/android/sharedCode/../sharedCode/src/main/cpp/VROSceneRenderer.h:35:
C/C++: In file included from /Users/mikevocalz/virocore-rive-panel/android/sharedCode/../sharedCode/src/main/cpp/VRODriverOpenGLAndroid.h:31:
C/C++: /Users/mikevocalz/virocore-rive-panel/android/sharedCode/../../ViroRenderer/VRODriverOpenGL.h:432:27: warning: 'newGeometrySubstrate' overrides a member function but is not marked 'override' [-Winconsistent-missing-override]
C/C++:   432 |     VROGeometrySubstrate *newGeometrySubstrate(const VROGeometry &geometry) {
C/C++:       |                           ^
C/C++: /Users/mikevocalz/virocore-rive-panel/android/sharedCode/../../ViroRenderer/VRODriver.h:269:35: note: overridden virtual function is here
C/C++:   269 |     virtual VROGeometrySubstrate *newGeometrySubstrate(const VROGeometry &geometry) = 0;
C/C++:       |                                   ^
C/C++: In file included from /Users/mikevocalz/virocore-rive-panel/android/sharedCode/src/main/cpp/jni/VROGameLoop_JNI.cpp:8:
C/C++: In file included from /Users/mikevocalz/virocore-rive-panel/android/sharedCode/src/main/cpp/jni/ViroContextAndroid_JNI.h:30:
C/C++: In file included from /Users/mikevocalz/virocore-rive-panel/android/sharedCode/../sharedCode/src/main/cpp/VROSceneRenderer.h:35:
C/C++: In file included from /Users/mikevocalz/virocore-rive-panel/android/sharedCode/../sharedCode/src/main/cpp/VRODriverOpenGLAndroid.h:31:
C/C++: /Users/mikevocalz/virocore-rive-panel/android/sharedCode/../../ViroRenderer/VRODriverOpenGL.h:437:27: warning: 'newMaterialSubstrate' overrides a member function but is not marked 'override' [-Winconsistent-missing-override]
C/C++:   437 |     VROMaterialSubstrate *newMaterialSubstrate(VROMaterial &material) {
C/C++:       |                           ^
C/C++: /Users/mikevocalz/virocore-rive-panel/android/sharedCode/../../ViroRenderer/VRODriver.h:270:35: note: overridden virtual function is here
C/C++:   270 |     virtual VROMaterialSubstrate *newMaterialSubstrate(VROMaterial &material) = 0;
C/C++:       |                                   ^
C/C++: In file included from /Users/mikevocalz/virocore-rive-panel/android/sharedCode/src/main/cpp/jni/VROGameLoop_JNI.cpp:8:
C/C++: In file included from /Users/mikevocalz/virocore-rive-panel/android/sharedCode/src/main/cpp/jni/ViroContextAndroid_JNI.h:30:
C/C++: In file included from /Users/mikevocalz/virocore-rive-panel/android/sharedCode/../sharedCode/src/main/cpp/VROSceneRenderer.h:35:
C/C++: In file included from /Users/mikevocalz/virocore-rive-panel/android/sharedCode/../sharedCode/src/main/cpp/VRODriverOpenGLAndroid.h:31:
C/C++: /Users/mikevocalz/virocore-rive-panel/android/sharedCode/../../ViroRenderer/VRODriverOpenGL.h:442:26: warning: 'newTextureSubstrate' overrides a member function but is not marked 'override' [-Winconsistent-missing-override]
C/C++:   442 |     VROTextureSubstrate *newTextureSubstrate(VROTextureType type,
C/C++:       |                          ^
C/C++: /Users/mikevocalz/virocore-rive-panel/android/sharedCode/../../ViroRenderer/VRODriver.h:271:34: note: overridden virtual function is here
C/C++:   271 |     virtual VROTextureSubstrate *newTextureSubstrate(VROTextureType type,
C/C++:       |                                  ^
C/C++: In file included from /Users/mikevocalz/virocore-rive-panel/android/sharedCode/src/main/cpp/jni/VROGameLoop_JNI.cpp:8:
C/C++: In file included from /Users/mikevocalz/virocore-rive-panel/android/sharedCode/src/main/cpp/jni/ViroContextAndroid_JNI.h:30:
C/C++: In file included from /Users/mikevocalz/virocore-rive-panel/android/sharedCode/../sharedCode/src/main/cpp/VROSceneRenderer.h:35:
C/C++: In file included from /Users/mikevocalz/virocore-rive-panel/android/sharedCode/../sharedCode/src/main/cpp/VRODriverOpenGLAndroid.h:31:
C/C++: /Users/mikevocalz/virocore-rive-panel/android/sharedCode/../../ViroRenderer/VRODriverOpenGL.h:457:38: warning: 'newRenderTarget' overrides a member function but is not marked 'override' [-Winconsistent-missing-override]
C/C++:   457 |     std::shared_ptr<VRORenderTarget> newRenderTarget(VRORenderTargetType type, int numAttachments, int numImages, bool enableMipmaps,
C/C++:       |                                      ^
C/C++: /Users/mikevocalz/virocore-rive-panel/android/sharedCode/../../ViroRenderer/VRODriver.h:279:46: note: overridden virtual function is here
C/C++:   279 |     virtual std::shared_ptr<VRORenderTarget> newRenderTarget(VRORenderTargetType type, int numAttachments, int numImages,
C/C++:       |                                              ^
C/C++: In file included from /Users/mikevocalz/virocore-rive-panel/android/sharedCode/src/main/cpp/jni/VROGameLoop_JNI.cpp:8:
C/C++: In file included from /Users/mikevocalz/virocore-rive-panel/android/sharedCode/src/main/cpp/jni/ViroContextAndroid_JNI.h:30:
C/C++: In file included from /Users/mikevocalz/virocore-rive-panel/android/sharedCode/../sharedCode/src/main/cpp/VROSceneRenderer.h:35:
C/C++: In file included from /Users/mikevocalz/virocore-rive-panel/android/sharedCode/../sharedCode/src/main/cpp/VRODriverOpenGLAndroid.h:31:
C/C++: /Users/mikevocalz/virocore-rive-panel/android/sharedCode/../../ViroRenderer/VRODriverOpenGL.h:465:38: warning: 'newVertexBuffer' overrides a member function but is not marked 'override' [-Winconsistent-missing-override]
C/C++:   465 |     std::shared_ptr<VROVertexBuffer> newVertexBuffer(std::shared_ptr<VROData> data) {
C/C++:       |                                      ^
C/C++: /Users/mikevocalz/virocore-rive-panel/android/sharedCode/../../ViroRenderer/VRODriver.h:281:46: note: overridden virtual function is here
C/C++:   281 |     virtual std::shared_ptr<VROVertexBuffer> newVertexBuffer(std::shared_ptr<VROData> data) = 0;
C/C++:       |                                              ^
C/C++: In file included from /Users/mikevocalz/virocore-rive-panel/android/sharedCode/src/main/cpp/jni/VROGameLoop_JNI.cpp:8:
C/C++: In file included from /Users/mikevocalz/virocore-rive-panel/android/sharedCode/src/main/cpp/jni/ViroContextAndroid_JNI.h:30:
C/C++: In file included from /Users/mikevocalz/virocore-rive-panel/android/sharedCode/../sharedCode/src/main/cpp/VROSceneRenderer.h:35:
C/C++: In file included from /Users/mikevocalz/virocore-rive-panel/android/sharedCode/../sharedCode/src/main/cpp/VRODriverOpenGLAndroid.h:31:
C/C++: /Users/mikevocalz/virocore-rive-panel/android/sharedCode/../../ViroRenderer/VRODriverOpenGL.h:476:42: warning: 'newImagePostProcess' overrides a member function but is not marked 'override' [-Winconsistent-missing-override]
C/C++:   476 |     std::shared_ptr<VROImagePostProcess> newImagePostProcess(std::shared_ptr<VROShaderProgram> shader) {
C/C++:       |                                          ^
C/C++: /Users/mikevocalz/virocore-rive-panel/android/sharedCode/../../ViroRenderer/VRODriver.h:293:50: note: overridden virtual function is here
C/C++:   293 |     virtual std::shared_ptr<VROImagePostProcess> newImagePostProcess(std::shared_ptr<VROShaderProgram> shader) = 0;
C/C++:       |                                                  ^
C/C++: In file included from /Users/mikevocalz/virocore-rive-panel/android/sharedCode/src/main/cpp/jni/VROGameLoop_JNI.cpp:8:
C/C++: In file included from /Users/mikevocalz/virocore-rive-panel/android/sharedCode/src/main/cpp/jni/ViroContextAndroid_JNI.h:30:
C/C++: In file included from /Users/mikevocalz/virocore-rive-panel/android/sharedCode/../sharedCode/src/main/cpp/VROSceneRenderer.h:35:
C/C++: In file included from /Users/mikevocalz/virocore-rive-panel/android/sharedCode/../sharedCode/src/main/cpp/VRODriverOpenGLAndroid.h:31:
C/C++: /Users/mikevocalz/virocore-rive-panel/android/sharedCode/../../ViroRenderer/VRODriverOpenGL.h:480:10: warning: 'readGPUType' overrides a member function but is not marked 'override' [-Winconsistent-missing-override]
C/C++:   480 |     void readGPUType() {
C/C++:       |          ^
C/C++: /Users/mikevocalz/virocore-rive-panel/android/sharedCode/../../ViroRenderer/VRODriver.h:193:18: note: overridden virtual function is here
C/C++:   193 |     virtual void readGPUType() = 0;
C/C++:       |                  ^
C/C++: In file included from /Users/mikevocalz/virocore-rive-panel/android/sharedCode/src/main/cpp/jni/VROGameLoop_JNI.cpp:8:
C/C++: In file included from /Users/mikevocalz/virocore-rive-panel/android/sharedCode/src/main/cpp/jni/ViroContextAndroid_JNI.h:30:
C/C++: In file included from /Users/mikevocalz/virocore-rive-panel/android/sharedCode/../sharedCode/src/main/cpp/VROSceneRenderer.h:35:
C/C++: In file included from /Users/mikevocalz/virocore-rive-panel/android/sharedCode/../sharedCode/src/main/cpp/VRODriverOpenGLAndroid.h:31:
C/C++: /Users/mikevocalz/virocore-rive-panel/android/sharedCode/../../ViroRenderer/VRODriverOpenGL.h:507:10: warning: 'setHasSoftwareGammaPass' overrides a member function but is not marked 'override' [-Winconsistent-missing-override]
C/C++:   507 |     void setHasSoftwareGammaPass(bool gammaPass) {
C/C++:       |          ^
C/C++: /Users/mikevocalz/virocore-rive-panel/android/sharedCode/../../ViroRenderer/VRODriver.h:248:18: note: overridden virtual function is here
C/C++:   248 |     virtual void setHasSoftwareGammaPass(bool softwareGamma) = 0;
C/C++:       |                  ^
C/C++: In file included from /Users/mikevocalz/virocore-rive-panel/android/sharedCode/src/main/cpp/jni/VROGameLoop_JNI.cpp:8:
C/C++: In file included from /Users/mikevocalz/virocore-rive-panel/android/sharedCode/src/main/cpp/jni/ViroContextAndroid_JNI.h:30:
C/C++: In file included from /Users/mikevocalz/virocore-rive-panel/android/sharedCode/../sharedCode/src/main/cpp/VROSceneRenderer.h:35:
C/C++: In file included from /Users/mikevocalz/virocore-rive-panel/android/sharedCode/../sharedCode/src/main/cpp/VRODriverOpenGLAndroid.h:31:
C/C++: /Users/mikevocalz/virocore-rive-panel/android/sharedCode/../../ViroRenderer/VRODriverOpenGL.h:510:10: warning: 'hasSoftwareGammaPass' overrides a member function but is not marked 'override' [-Winconsistent-missing-override]
C/C++:   510 |     bool hasSoftwareGammaPass() const {
C/C++:       |          ^
C/C++: /Users/mikevocalz/virocore-rive-panel/android/sharedCode/../../ViroRenderer/VRODriver.h:249:18: note: overridden virtual function is here
C/C++:   249 |     virtual bool hasSoftwareGammaPass() const = 0;
C/C++:       |                  ^
C/C++: In file included from /Users/mikevocalz/virocore-rive-panel/android/sharedCode/src/main/cpp/jni/VROGameLoop_JNI.cpp:8:
C/C++: In file included from /Users/mikevocalz/virocore-rive-panel/android/sharedCode/src/main/cpp/jni/ViroContextAndroid_JNI.h:30:
C/C++: In file included from /Users/mikevocalz/virocore-rive-panel/android/sharedCode/../sharedCode/src/main/cpp/VROSceneRenderer.h:35:
C/C++: In file included from /Users/mikevocalz/virocore-rive-panel/android/sharedCode/../sharedCode/src/main/cpp/VRODriverOpenGLAndroid.h:31:
C/C++: /Users/mikevocalz/virocore-rive-panel/android/sharedCode/../../ViroRenderer/VRODriverOpenGL.h:514:16: warning: 'getGPUType' overrides a member function but is not marked 'override' [-Winconsistent-missing-override]
C/C++:   514 |     VROGPUType getGPUType() {
C/C++:       |                ^
C/C++: /Users/mikevocalz/virocore-rive-panel/android/sharedCode/../../ViroRenderer/VRODriver.h:198:24: note: overridden virtual function is here
C/C++:   198 |     virtual VROGPUType getGPUType() = 0;
C/C++:       |                        ^
C/C++: In file included from /Users/mikevocalz/virocore-rive-panel/android/sharedCode/src/main/cpp/jni/VROGameLoop_JNI.cpp:8:
C/C++: In file included from /Users/mikevocalz/virocore-rive-panel/android/sharedCode/src/main/cpp/jni/ViroContextAndroid_JNI.h:30:
C/C++: In file included from /Users/mikevocalz/virocore-rive-panel/android/sharedCode/../sharedCode/src/main/cpp/VROSceneRenderer.h:35:
C/C++: In file included from /Users/mikevocalz/virocore-rive-panel/android/sharedCode/../sharedCode/src/main/cpp/VRODriverOpenGLAndroid.h:31:
C/C++: /Users/mikevocalz/virocore-rive-panel/android/sharedCode/../../ViroRenderer/VRODriverOpenGL.h:518:10: warning: 'readDisplayFramebuffer' overrides a member function but is not marked 'override' [-Winconsistent-missing-override]
C/C++:   518 |     void readDisplayFramebuffer() {
C/C++:       |          ^
C/C++: /Users/mikevocalz/virocore-rive-panel/android/sharedCode/../../ViroRenderer/VRODriver.h:205:18: note: overridden virtual function is here
C/C++:   205 |     virtual void readDisplayFramebuffer() = 0;
C/C++:       |                  ^
C/C++: In file included from /Users/mikevocalz/virocore-rive-panel/android/sharedCode/src/main/cpp/jni/VROGameLoop_JNI.cpp:8:
C/C++: In file included from /Users/mikevocalz/virocore-rive-panel/android/sharedCode/src/main/cpp/jni/ViroContextAndroid_JNI.h:30:
C/C++: In file included from /Users/mikevocalz/virocore-rive-panel/android/sharedCode/../sharedCode/src/main/cpp/VROSceneRenderer.h:35:
C/C++: In file included from /Users/mikevocalz/virocore-rive-panel/android/sharedCode/../sharedCode/src/main/cpp/VRODriverOpenGLAndroid.h:31:
C/C++: /Users/mikevocalz/virocore-rive-panel/android/sharedCode/../../ViroRenderer/VRODriverOpenGL.h:522:46: warning: 'getDisplay' overrides a member function but is not marked 'override' [-Winconsistent-missing-override]
C/C++:   522 |     virtual std::shared_ptr<VRORenderTarget> getDisplay() {
C/C++:       |                                              ^
C/C++: /Users/mikevocalz/virocore-rive-panel/android/sharedCode/../../ViroRenderer/VRODriver.h:292:46: note: overridden virtual function is here
C/C++:   292 |     virtual std::shared_ptr<VRORenderTarget> getDisplay() = 0;
C/C++:       |                                              ^
C/C++: In file included from /Users/mikevocalz/virocore-rive-panel/android/sharedCode/src/main/cpp/jni/VROGameLoop_JNI.cpp:8:
C/C++: In file included from /Users/mikevocalz/virocore-rive-panel/android/sharedCode/src/main/cpp/jni/ViroContextAndroid_JNI.h:30:
C/C++: In file included from /Users/mikevocalz/virocore-rive-panel/android/sharedCode/../sharedCode/src/main/cpp/VROSceneRenderer.h:35:
C/C++: In file included from /Users/mikevocalz/virocore-rive-panel/android/sharedCode/../sharedCode/src/main/cpp/VRODriverOpenGLAndroid.h:31:
C/C++: /Users/mikevocalz/virocore-rive-panel/android/sharedCode/../../ViroRenderer/VRODriverOpenGL.h:556:44: warning: 'newTypefaceCollection' overrides a member function but is not marked 'override' [-Winconsistent-missing-override]
C/C++:   556 |     std::shared_ptr<VROTypefaceCollection> newTypefaceCollection(std::string typefaces, int size, VROFontStyle style,
C/C++:       |                                            ^
C/C++: /Users/mikevocalz/virocore-rive-panel/android/sharedCode/../../ViroRenderer/VRODriver.h:308:52: note: overridden virtual function is here
C/C++:   308 |     virtual std::shared_ptr<VROTypefaceCollection> newTypefaceCollection(std::string typefaces, int size, VROFontStyle style, VROFontWeight weight) = 0;
C/C++:       |                                                    ^
C/C++: In file included from /Users/mikevocalz/virocore-rive-panel/android/sharedCode/src/main/cpp/jni/VROGameLoop_JNI.cpp:8:
C/C++: In file included from /Users/mikevocalz/virocore-rive-panel/android/sharedCode/src/main/cpp/jni/ViroContextAndroid_JNI.h:30:
C/C++: In file included from /Users/mikevocalz/virocore-rive-panel/android/sharedCode/../sharedCode/src/main/cpp/VROSceneRenderer.h:35:
C/C++: In file included from /Users/mikevocalz/virocore-rive-panel/android/sharedCode/../sharedCode/src/main/cpp/VRODriverOpenGLAndroid.h:31:
C/C++: /Users/mikevocalz/virocore-rive-panel/android/sharedCode/../../ViroRenderer/VRODriverOpenGL.h:580:40: warning: 'getFrameScheduler' overrides a member function but is not marked 'override' [-Winconsistent-missing-override]
C/C++:   580 |     std::shared_ptr<VROFrameScheduler> getFrameScheduler() {
C/C++:       |                                        ^
C/C++: /Users/mikevocalz/virocore-rive-panel/android/sharedCode/../../ViroRenderer/VRODriver.h:313:48: note: overridden virtual function is here
C/C++:   313 |     virtual std::shared_ptr<VROFrameScheduler> getFrameScheduler() = 0;
C/C++:       |                                                ^
C/C++: In file included from /Users/mikevocalz/virocore-rive-panel/android/sharedCode/src/main/cpp/jni/VROGameLoop_JNI.cpp:8:
C/C++: In file included from /Users/mikevocalz/virocore-rive-panel/android/sharedCode/src/main/cpp/jni/ViroContextAndroid_JNI.h:30:
C/C++: In file included from /Users/mikevocalz/virocore-rive-panel/android/sharedCode/../sharedCode/src/main/cpp/VROSceneRenderer.h:35:
C/C++: In file included from /Users/mikevocalz/virocore-rive-panel/android/sharedCode/../sharedCode/src/main/cpp/VRODriverOpenGLAndroid.h:31:
C/C++: /Users/mikevocalz/virocore-rive-panel/android/sharedCode/../../ViroRenderer/VRODriverOpenGL.h:635:19: warning: 'getGraphicsContext' overrides a member function but is not marked 'override' [-Winconsistent-missing-override]
C/C++:   635 |     virtual void *getGraphicsContext() { return nullptr; }
C/C++:       |                   ^
C/C++: /Users/mikevocalz/virocore-rive-panel/android/sharedCode/../../ViroRenderer/VRODriver.h:314:19: note: overridden virtual function is here
C/C++:   314 |     virtual void *getGraphicsContext() = 0;
C/C++:       |                   ^
C/C++: In file included from /Users/mikevocalz/virocore-rive-panel/android/sharedCode/src/main/cpp/jni/VROGameLoop_JNI.cpp:8:
C/C++: In file included from /Users/mikevocalz/virocore-rive-panel/android/sharedCode/src/main/cpp/jni/ViroContextAndroid_JNI.h:30:
C/C++: In file included from /Users/mikevocalz/virocore-rive-panel/android/sharedCode/../sharedCode/src/main/cpp/VROSceneRenderer.h:35:
C/C++: /Users/mikevocalz/virocore-rive-panel/android/sharedCode/../sharedCode/src/main/cpp/VRODriverOpenGLAndroid.h:49:35: warning: 'getColorRenderingMode' overrides a member function but is not marked 'override' [-Winconsistent-missing-override]
C/C++:    49 |     virtual VROColorRenderingMode getColorRenderingMode() {
C/C++:       |                                   ^
C/C++: /Users/mikevocalz/virocore-rive-panel/android/sharedCode/../../ViroRenderer/VRODriver.h:242:35: note: overridden virtual function is here
C/C++:   242 |     virtual VROColorRenderingMode getColorRenderingMode() = 0;
C/C++:       |                                   ^
C/C++: In file included from /Users/mikevocalz/virocore-rive-panel/android/sharedCode/src/main/cpp/jni/VROGameLoop_JNI.cpp:8:
C/C++: In file included from /Users/mikevocalz/virocore-rive-panel/android/sharedCode/src/main/cpp/jni/ViroContextAndroid_JNI.h:30:
C/C++: In file included from /Users/mikevocalz/virocore-rive-panel/android/sharedCode/../sharedCode/src/main/cpp/VROSceneRenderer.h:35:
C/C++: /Users/mikevocalz/virocore-rive-panel/android/sharedCode/../sharedCode/src/main/cpp/VRODriverOpenGLAndroid.h:63:18: warning: 'isBloomSupported' overrides a member function but is not marked 'override' [-Winconsistent-missing-override]
C/C++:    63 |     virtual bool isBloomSupported() {
C/C++:       |                  ^
C/C++: /Users/mikevocalz/virocore-rive-panel/android/sharedCode/../../ViroRenderer/VRODriverOpenGL.h:428:18: note: overridden virtual function is here
C/C++:   428 |     virtual bool isBloomSupported() {
C/C++:       |                  ^
C/C++: In file included from /Users/mikevocalz/virocore-rive-panel/android/sharedCode/src/main/cpp/jni/VROGameLoop_JNI.cpp:8:
C/C++: In file included from /Users/mikevocalz/virocore-rive-panel/android/sharedCode/src/main/cpp/jni/ViroContextAndroid_JNI.h:30:
C/C++: In file included from /Users/mikevocalz/virocore-rive-panel/android/sharedCode/../sharedCode/src/main/cpp/VROSceneRenderer.h:35:
C/C++: /Users/mikevocalz/virocore-rive-panel/android/sharedCode/../sharedCode/src/main/cpp/VRODriverOpenGLAndroid.h:72:10: warning: 'willRenderFrame' overrides a member function but is not marked 'override' [-Winconsistent-missing-override]
C/C++:    72 |     void willRenderFrame(const VRORenderContext &context) {
C/C++:       |          ^
C/C++: /Users/mikevocalz/virocore-rive-panel/android/sharedCode/../../ViroRenderer/VRODriverOpenGL.h:64:10: note: overridden virtual function is here
C/C++:    64 |     void willRenderFrame(const VRORenderContext &context) {
C/C++:       |          ^
C/C++: In file included from /Users/mikevocalz/virocore-rive-panel/android/sharedCode/src/main/cpp/jni/VROGameLoop_JNI.cpp:8:
C/C++: In file included from /Users/mikevocalz/virocore-rive-panel/android/sharedCode/src/main/cpp/jni/ViroContextAndroid_JNI.h:30:
C/C++: In file included from /Users/mikevocalz/virocore-rive-panel/android/sharedCode/../sharedCode/src/main/cpp/VROSceneRenderer.h:35:
C/C++: /Users/mikevocalz/virocore-rive-panel/android/sharedCode/../sharedCode/src/main/cpp/VRODriverOpenGLAndroid.h:79:10: warning: 'pause' overrides a member function but is not marked 'override' [-Winconsistent-missing-override]
C/C++:    79 |     void pause() {
C/C++:       |          ^
C/C++: /Users/mikevocalz/virocore-rive-panel/android/sharedCode/../../ViroRenderer/VRODriver.h:185:18: note: overridden virtual function is here
C/C++:   185 |     virtual void pause() = 0;
C/C++:       |                  ^
C/C++: In file included from /Users/mikevocalz/virocore-rive-panel/android/sharedCode/src/main/cpp/jni/VROGameLoop_JNI.cpp:8:
C/C++: In file included from /Users/mikevocalz/virocore-rive-panel/android/sharedCode/src/main/cpp/jni/ViroContextAndroid_JNI.h:30:
C/C++: In file included from /Users/mikevocalz/virocore-rive-panel/android/sharedCode/../sharedCode/src/main/cpp/VROSceneRenderer.h:35:
C/C++: /Users/mikevocalz/virocore-rive-panel/android/sharedCode/../sharedCode/src/main/cpp/VRODriverOpenGLAndroid.h:83:10: warning: 'resume' overrides a member function but is not marked 'override' [-Winconsistent-missing-override]
C/C++:    83 |     void resume() {
C/C++:       |          ^
C/C++: /Users/mikevocalz/virocore-rive-panel/android/sharedCode/../../ViroRenderer/VRODriver.h:186:18: note: overridden virtual function is here
C/C++:   186 |     virtual void resume() = 0;
C/C++:       |                  ^
C/C++: In file included from /Users/mikevocalz/virocore-rive-panel/android/sharedCode/src/main/cpp/jni/VROGameLoop_JNI.cpp:8:
C/C++: In file included from /Users/mikevocalz/virocore-rive-panel/android/sharedCode/src/main/cpp/jni/ViroContextAndroid_JNI.h:30:
C/C++: In file included from /Users/mikevocalz/virocore-rive-panel/android/sharedCode/../sharedCode/src/main/cpp/VROSceneRenderer.h:35:
C/C++: /Users/mikevocalz/virocore-rive-panel/android/sharedCode/../sharedCode/src/main/cpp/VRODriverOpenGLAndroid.h:87:43: warning: 'newVideoTextureCache' overrides a member function but is not marked 'override' [-Winconsistent-missing-override]
C/C++:    87 |     std::shared_ptr<VROVideoTextureCache> newVideoTextureCache() {
C/C++:       |                                           ^
C/C++: /Users/mikevocalz/virocore-rive-panel/android/sharedCode/../../ViroRenderer/VRODriver.h:294:51: note: overridden virtual function is here
C/C++:   294 |     virtual std::shared_ptr<VROVideoTextureCache> newVideoTextureCache() = 0;
C/C++:       |                                                   ^
C/C++: In file included from /Users/mikevocalz/virocore-rive-panel/android/sharedCode/src/main/cpp/jni/VROGameLoop_JNI.cpp:8:
C/C++: In file included from /Users/mikevocalz/virocore-rive-panel/android/sharedCode/src/main/cpp/jni/ViroContextAndroid_JNI.h:30:
C/C++: In file included from /Users/mikevocalz/virocore-rive-panel/android/sharedCode/../sharedCode/src/main/cpp/VROSceneRenderer.h:35:
C/C++: /Users/mikevocalz/virocore-rive-panel/android/sharedCode/../sharedCode/src/main/cpp/VRODriverOpenGLAndroid.h:92:31: warning: 'newSound' overrides a member function but is not marked 'override' [-Winconsistent-missing-override]
C/C++:    92 |     std::shared_ptr<VROSound> newSound(std::shared_ptr<VROSoundData> data, VROSoundType type) {
C/C++:       |                               ^
C/C++: /Users/mikevocalz/virocore-rive-panel/android/sharedCode/../../ViroRenderer/VRODriver.h:295:39: note: overridden virtual function is here
C/C++:   295 |     virtual std::shared_ptr<VROSound> newSound(std::shared_ptr<VROSoundData> data, VROSoundType type) = 0;
C/C++:       |                                       ^
C/C++: In file included from /Users/mikevocalz/virocore-rive-panel/android/sharedCode/src/main/cpp/jni/VROGameLoop_JNI.cpp:8:
C/C++: In file included from /Users/mikevocalz/virocore-rive-panel/android/sharedCode/src/main/cpp/jni/ViroContextAndroid_JNI.h:30:
C/C++: In file included from /Users/mikevocalz/virocore-rive-panel/android/sharedCode/../sharedCode/src/main/cpp/VROSceneRenderer.h:35:
C/C++: /Users/mikevocalz/virocore-rive-panel/android/sharedCode/../sharedCode/src/main/cpp/VRODriverOpenGLAndroid.h:96:31: warning: 'newSound' overrides a member function but is not marked 'override' [-Winconsistent-missing-override]
C/C++:    96 |     std::shared_ptr<VROSound> newSound(std::string resource, VROResourceType resourceType, VROSoundType type) {
C/C++:       |                               ^
C/C++: /Users/mikevocalz/virocore-rive-panel/android/sharedCode/../../ViroRenderer/VRODriver.h:296:39: note: overridden virtual function is here
C/C++:   296 |     virtual std::shared_ptr<VROSound> newSound(std::string resource, VROResourceType resourceType, VROSoundType type) = 0;
C/C++:       |                                       ^
C/C++: In file included from /Users/mikevocalz/virocore-rive-panel/android/sharedCode/src/main/cpp/jni/VROGameLoop_JNI.cpp:8:
C/C++: In file included from /Users/mikevocalz/virocore-rive-panel/android/sharedCode/src/main/cpp/jni/ViroContextAndroid_JNI.h:30:
C/C++: In file included from /Users/mikevocalz/virocore-rive-panel/android/sharedCode/../sharedCode/src/main/cpp/VROSceneRenderer.h:35:
C/C++: /Users/mikevocalz/virocore-rive-panel/android/sharedCode/../sharedCode/src/main/cpp/VRODriverOpenGLAndroid.h:100:37: warning: 'newAudioPlayer' overrides a member function but is not marked 'override' [-Winconsistent-missing-override]
C/C++:   100 |     std::shared_ptr<VROAudioPlayer> newAudioPlayer(std::shared_ptr<VROSoundData> data) {
C/C++:       |                                     ^
C/C++: /Users/mikevocalz/virocore-rive-panel/android/sharedCode/../../ViroRenderer/VRODriver.h:297:45: note: overridden virtual function is here
C/C++:   297 |     virtual std::shared_ptr<VROAudioPlayer> newAudioPlayer(std::shared_ptr<VROSoundData> data) = 0;
C/C++:       |                                             ^
C/C++: In file included from /Users/mikevocalz/virocore-rive-panel/android/sharedCode/src/main/cpp/jni/VROGameLoop_JNI.cpp:8:
C/C++: In file included from /Users/mikevocalz/virocore-rive-panel/android/sharedCode/src/main/cpp/jni/ViroContextAndroid_JNI.h:30:
C/C++: In file included from /Users/mikevocalz/virocore-rive-panel/android/sharedCode/../sharedCode/src/main/cpp/VROSceneRenderer.h:35:
C/C++: /Users/mikevocalz/virocore-rive-panel/android/sharedCode/../sharedCode/src/main/cpp/VRODriverOpenGLAndroid.h:104:37: warning: 'newAudioPlayer' overrides a member function but is not marked 'override' [-Winconsistent-missing-override]
C/C++:   104 |     std::shared_ptr<VROAudioPlayer> newAudioPlayer(std::string fileName, bool isLocal) {
C/C++:       |                                     ^
C/C++: /Users/mikevocalz/virocore-rive-panel/android/sharedCode/../../ViroRenderer/VRODriver.h:298:45: note: overridden virtual function is here
C/C++:   298 |     virtual std::shared_ptr<VROAudioPlayer> newAudioPlayer(std::string path, bool isLocal) = 0;
C/C++:       |                                             ^
C/C++: In file included from /Users/mikevocalz/virocore-rive-panel/android/sharedCode/src/main/cpp/jni/VROGameLoop_JNI.cpp:8:
C/C++: In file included from /Users/mikevocalz/virocore-rive-panel/android/sharedCode/src/main/cpp/jni/ViroContextAndroid_JNI.h:30:
C/C++: In file included from /Users/mikevocalz/virocore-rive-panel/android/sharedCode/../sharedCode/src/main/cpp/VROSceneRenderer.h:35:
C/C++: /Users/mikevocalz/virocore-rive-panel/android/sharedCode/../sharedCode/src/main/cpp/VRODriverOpenGLAndroid.h:116:10: warning: 'setSoundRoom' overrides a member function but is not marked 'override' [-Winconsistent-missing-override]
C/C++:   116 |     void setSoundRoom(float sizeX, float sizeY, float sizeZ, std::string wallMaterial,
C/C++:       |          ^
C/C++: /Users/mikevocalz/virocore-rive-panel/android/sharedCode/../../ViroRenderer/VRODriver.h:309:18: note: overridden virtual function is here
C/C++:   309 |     virtual void setSoundRoom(float sizeX, float sizeY, float sizeZ, std::string wallMaterial,
C/C++:       |                  ^
C/C++: In file included from /Users/mikevocalz/virocore-rive-panel/android/sharedCode/src/main/cpp/jni/VROGameLoop_JNI.cpp:8:
C/C++: In file included from /Users/mikevocalz/virocore-rive-panel/android/sharedCode/src/main/cpp/jni/ViroContextAndroid_JNI.h:30:
C/C++: In file included from /Users/mikevocalz/virocore-rive-panel/android/sharedCode/../sharedCode/src/main/cpp/VROSceneRenderer.h:35:
C/C++: /Users/mikevocalz/virocore-rive-panel/android/sharedCode/../sharedCode/src/main/cpp/VRODriverOpenGLAndroid.h:135:44: warning: 'createTypefaceCollection' overrides a member function but is not marked 'override' [-Winconsistent-missing-override]
C/C++:   135 |     std::shared_ptr<VROTypefaceCollection> createTypefaceCollection(std::string typefaceNames, int size, VROFontStyle style,
C/C++:       |                                            ^
C/C++: /Users/mikevocalz/virocore-rive-panel/android/sharedCode/../../ViroRenderer/VRODriverOpenGL.h:628:52: note: overridden virtual function is here
C/C++:   628 |     virtual std::shared_ptr<VROTypefaceCollection> createTypefaceCollection(std::string typefaces, int size, VROFontStyle style,
C/C++:       |                                                    ^
C/C++: 51 warnings generated.
C/C++: In file included from /Users/mikevocalz/virocore-rive-panel/android/sharedCode/src/main/cpp/VROSceneRendererOpenXR.cpp:7:
C/C++: In file included from /Users/mikevocalz/virocore-rive-panel/android/sharedCode/src/main/cpp/VROSceneRendererOpenXR.h:26:
C/C++: In file included from /Users/mikevocalz/virocore-rive-panel/android/sharedCode/src/main/cpp/VROSceneRenderer.h:35:
C/C++: In file included from /Users/mikevocalz/virocore-rive-panel/android/sharedCode/src/main/cpp/VRODriverOpenGLAndroid.h:31:
C/C++: In file included from /Users/mikevocalz/virocore-rive-panel/android/sharedCode/../../ViroRenderer/VRODriverOpenGL.h:37:
C/C++: /Users/mikevocalz/virocore-rive-panel/android/sharedCode/../../ViroRenderer/VROMaterialSubstrateOpenGL.h:69:10: warning: 'bindShader' overrides a member function but is not marked 'override' [-Winconsistent-missing-override]
C/C++:    69 |     bool bindShader(int lightsHash,
C/C++:       |          ^
C/C++: /Users/mikevocalz/virocore-rive-panel/android/sharedCode/../../ViroRenderer/VROMaterialSubstrate.h:70:18: note: overridden virtual function is here
C/C++:    70 |     virtual bool bindShader(int lightsHash,
C/C++:       |                  ^
C/C++: In file included from /Users/mikevocalz/virocore-rive-panel/android/sharedCode/src/main/cpp/VROSceneRendererOpenXR.cpp:7:
C/C++: In file included from /Users/mikevocalz/virocore-rive-panel/android/sharedCode/src/main/cpp/VROSceneRendererOpenXR.h:26:
C/C++: In file included from /Users/mikevocalz/virocore-rive-panel/android/sharedCode/src/main/cpp/VROSceneRenderer.h:35:
C/C++: In file included from /Users/mikevocalz/virocore-rive-panel/android/sharedCode/src/main/cpp/VRODriverOpenGLAndroid.h:31:
C/C++: In file included from /Users/mikevocalz/virocore-rive-panel/android/sharedCode/../../ViroRenderer/VRODriverOpenGL.h:37:
C/C++: /Users/mikevocalz/virocore-rive-panel/android/sharedCode/../../ViroRenderer/VROMaterialSubstrateOpenGL.h:79:10: warning: 'bindProperties' overrides a member function but is not marked 'override' [-Winconsistent-missing-override]
C/C++:    79 |     void bindProperties(std::shared_ptr<VRODriver> &driver);
C/C++:       |          ^
C/C++: /Users/mikevocalz/virocore-rive-panel/android/sharedCode/../../ViroRenderer/VROMaterialSubstrate.h:80:18: note: overridden virtual function is here
C/C++:    80 |     virtual void bindProperties(std::shared_ptr<VRODriver> &driver) = 0;
C/C++:       |                  ^
C/C++: In file included from /Users/mikevocalz/virocore-rive-panel/android/sharedCode/src/main/cpp/VROSceneRendererOpenXR.cpp:7:
C/C++: In file included from /Users/mikevocalz/virocore-rive-panel/android/sharedCode/src/main/cpp/VROSceneRendererOpenXR.h:26:
C/C++: In file included from /Users/mikevocalz/virocore-rive-panel/android/sharedCode/src/main/cpp/VROSceneRenderer.h:35:
C/C++: In file included from /Users/mikevocalz/virocore-rive-panel/android/sharedCode/src/main/cpp/VRODriverOpenGLAndroid.h:31:
C/C++: In file included from /Users/mikevocalz/virocore-rive-panel/android/sharedCode/../../ViroRenderer/VRODriverOpenGL.h:37:
C/C++: /Users/mikevocalz/virocore-rive-panel/android/sharedCode/../../ViroRenderer/VROMaterialSubstrateOpenGL.h:86:10: warning: 'bindGeometry' overrides a member function but is not marked 'override' [-Winconsistent-missing-override]
C/C++:    86 |     void bindGeometry(float opacity, const VROGeometry &geometry);
C/C++:       |          ^
C/C++: /Users/mikevocalz/virocore-rive-panel/android/sharedCode/../../ViroRenderer/VROMaterialSubstrate.h:87:18: note: overridden virtual function is here
C/C++:    87 |     virtual void bindGeometry(float opacity, const VROGeometry &geometry) = 0;
C/C++:       |                  ^
C/C++: In file included from /Users/mikevocalz/virocore-rive-panel/android/sharedCode/src/main/cpp/VROSceneRendererOpenXR.cpp:7:
C/C++: In file included from /Users/mikevocalz/virocore-rive-panel/android/sharedCode/src/main/cpp/VROSceneRendererOpenXR.h:26:
C/C++: In file included from /Users/mikevocalz/virocore-rive-panel/android/sharedCode/src/main/cpp/VROSceneRenderer.h:35:
C/C++: In file included from /Users/mikevocalz/virocore-rive-panel/android/sharedCode/src/main/cpp/VRODriverOpenGLAndroid.h:31:
C/C++: In file included from /Users/mikevocalz/virocore-rive-panel/android/sharedCode/../../ViroRenderer/VRODriverOpenGL.h:38:
C/C++: /Users/mikevocalz/virocore-rive-panel/android/sharedCode/../../ViroRenderer/VROTextureSubstrateOpenGL.h:94:10: warning: 'updateWrapMode' overrides a member function but is not marked 'override' [-Winconsistent-missing-override]
C/C++:    94 |     void updateWrapMode(VROWrapMode wrapModeS, VROWrapMode wrapModeT);
C/C++:       |          ^
C/C++: /Users/mikevocalz/virocore-rive-panel/android/sharedCode/../../ViroRenderer/VROTextureSubstrate.h:37:18: note: overridden virtual function is here
C/C++:    37 |     virtual void updateWrapMode(VROWrapMode wrapModeS, VROWrapMode wrapModeT) = 0;
C/C++:       |                  ^
C/C++: In file included from /Users/mikevocalz/virocore-rive-panel/android/sharedCode/src/main/cpp/VROSceneRendererOpenXR.cpp:7:
C/C++: In file included from /Users/mikevocalz/virocore-rive-panel/android/sharedCode/src/main/cpp/VROSceneRendererOpenXR.h:26:
C/C++: In file included from /Users/mikevocalz/virocore-rive-panel/android/sharedCode/src/main/cpp/VROSceneRenderer.h:35:
C/C++: In file included from /Users/mikevocalz/virocore-rive-panel/android/sharedCode/src/main/cpp/VRODriverOpenGLAndroid.h:31:
C/C++: /Users/mikevocalz/virocore-rive-panel/android/sharedCode/../../ViroRenderer/VRODriverOpenGL.h:64:10: warning: 'willRenderFrame' overrides a member function but is not marked 'override' [-Winconsistent-missing-override]
C/C++:    64 |     void willRenderFrame(const VRORenderContext &context) {
C/C++:       |          ^
C/C++: /Users/mikevocalz/virocore-rive-panel/android/sharedCode/../../ViroRenderer/VRODriver.h:172:18: note: overridden virtual function is here
C/C++:   172 |     virtual void willRenderFrame(const VRORenderContext &context) = 0;
C/C++:       |                  ^
C/C++: In file included from /Users/mikevocalz/virocore-rive-panel/android/sharedCode/src/main/cpp/VROSceneRendererOpenXR.cpp:7:
C/C++: In file included from /Users/mikevocalz/virocore-rive-panel/android/sharedCode/src/main/cpp/VROSceneRendererOpenXR.h:26:
C/C++: In file included from /Users/mikevocalz/virocore-rive-panel/android/sharedCode/src/main/cpp/VROSceneRenderer.h:35:
C/C++: In file included from /Users/mikevocalz/virocore-rive-panel/android/sharedCode/src/main/cpp/VRODriverOpenGLAndroid.h:31:
C/C++: /Users/mikevocalz/virocore-rive-panel/android/sharedCode/../../ViroRenderer/VRODriverOpenGL.h:152:10: warning: 'didRenderFrame' overrides a member function but is not marked 'override' [-Winconsistent-missing-override]
C/C++:   152 |     void didRenderFrame(const VROFrameTimer &timer, const VRORenderContext &context) {
C/C++:       |          ^
C/C++: /Users/mikevocalz/virocore-rive-panel/android/sharedCode/../../ViroRenderer/VRODriver.h:173:18: note: overridden virtual function is here
C/C++:   173 |     virtual void didRenderFrame(const VROFrameTimer &timer, const VRORenderContext &context) = 0;
C/C++:       |                  ^
C/C++: In file included from /Users/mikevocalz/virocore-rive-panel/android/sharedCode/src/main/cpp/VROSceneRendererOpenXR.cpp:7:
C/C++: In file included from /Users/mikevocalz/virocore-rive-panel/android/sharedCode/src/main/cpp/VROSceneRendererOpenXR.h:26:
C/C++: In file included from /Users/mikevocalz/virocore-rive-panel/android/sharedCode/src/main/cpp/VROSceneRenderer.h:35:
C/C++: In file included from /Users/mikevocalz/virocore-rive-panel/android/sharedCode/src/main/cpp/VRODriverOpenGLAndroid.h:31:
C/C++: /Users/mikevocalz/virocore-rive-panel/android/sharedCode/../../ViroRenderer/VRODriverOpenGL.h:166:10: warning: 'willRenderEye' overrides a member function but is not marked 'override' [-Winconsistent-missing-override]
C/C++:   166 |     void willRenderEye(const VRORenderContext &context) {
C/C++:       |          ^
C/C++: /Users/mikevocalz/virocore-rive-panel/android/sharedCode/../../ViroRenderer/VRODriver.h:179:18: note: overridden virtual function is here
C/C++:   179 |     virtual void willRenderEye(const VRORenderContext &context) = 0;
C/C++:       |                  ^
C/C++: In file included from /Users/mikevocalz/virocore-rive-panel/android/sharedCode/src/main/cpp/VROSceneRendererOpenXR.cpp:7:
C/C++: In file included from /Users/mikevocalz/virocore-rive-panel/android/sharedCode/src/main/cpp/VROSceneRendererOpenXR.h:26:
C/C++: In file included from /Users/mikevocalz/virocore-rive-panel/android/sharedCode/src/main/cpp/VROSceneRenderer.h:35:
C/C++: In file included from /Users/mikevocalz/virocore-rive-panel/android/sharedCode/src/main/cpp/VRODriverOpenGLAndroid.h:31:
C/C++: /Users/mikevocalz/virocore-rive-panel/android/sharedCode/../../ViroRenderer/VRODriverOpenGL.h:170:10: warning: 'didRenderEye' overrides a member function but is not marked 'override' [-Winconsistent-missing-override]
C/C++:   170 |     void didRenderEye(const VRORenderContext &context) {
C/C++:       |          ^
C/C++: /Users/mikevocalz/virocore-rive-panel/android/sharedCode/../../ViroRenderer/VRODriver.h:180:18: note: overridden virtual function is here
C/C++:   180 |     virtual void didRenderEye(const VRORenderContext &context) = 0;
C/C++:       |                  ^
C/C++: In file included from /Users/mikevocalz/virocore-rive-panel/android/sharedCode/src/main/cpp/VROSceneRendererOpenXR.cpp:7:
C/C++: In file included from /Users/mikevocalz/virocore-rive-panel/android/sharedCode/src/main/cpp/VROSceneRendererOpenXR.h:26:
C/C++: In file included from /Users/mikevocalz/virocore-rive-panel/android/sharedCode/src/main/cpp/VROSceneRenderer.h:35:
C/C++: In file included from /Users/mikevocalz/virocore-rive-panel/android/sharedCode/src/main/cpp/VRODriverOpenGLAndroid.h:31:
C/C++: /Users/mikevocalz/virocore-rive-panel/android/sharedCode/../../ViroRenderer/VRODriverOpenGL.h:181:10: warning: 'setActiveTextureUnit' overrides a member function but is not marked 'override' [-Winconsistent-missing-override]
C/C++:   181 |     void setActiveTextureUnit(int unit) {
C/C++:       |          ^
C/C++: /Users/mikevocalz/virocore-rive-panel/android/sharedCode/../../ViroRenderer/VRODriver.h:212:18: note: overridden virtual function is here
C/C++:   212 |     virtual void setActiveTextureUnit(int unit) = 0;
C/C++:       |                  ^
C/C++: In file included from /Users/mikevocalz/virocore-rive-panel/android/sharedCode/src/main/cpp/VROSceneRendererOpenXR.cpp:7:
C/C++: In file included from /Users/mikevocalz/virocore-rive-panel/android/sharedCode/src/main/cpp/VROSceneRendererOpenXR.h:26:
C/C++: In file included from /Users/mikevocalz/virocore-rive-panel/android/sharedCode/src/main/cpp/VROSceneRenderer.h:35:
C/C++: In file included from /Users/mikevocalz/virocore-rive-panel/android/sharedCode/src/main/cpp/VRODriverOpenGLAndroid.h:31:
C/C++: /Users/mikevocalz/virocore-rive-panel/android/sharedCode/../../ViroRenderer/VRODriverOpenGL.h:197:10: warning: 'bindTexture' overrides a member function but is not marked 'override' [-Winconsistent-missing-override]
C/C++:   197 |     void bindTexture(int target, int texture) {
C/C++:       |          ^
C/C++: /Users/mikevocalz/virocore-rive-panel/android/sharedCode/../../ViroRenderer/VRODriver.h:213:18: note: overridden virtual function is here
C/C++:   213 |     virtual void bindTexture(int target, int texture) = 0;
C/C++:       |                  ^
C/C++: In file included from /Users/mikevocalz/virocore-rive-panel/android/sharedCode/src/main/cpp/VROSceneRendererOpenXR.cpp:7:
C/C++: In file included from /Users/mikevocalz/virocore-rive-panel/android/sharedCode/src/main/cpp/VROSceneRendererOpenXR.h:26:
C/C++: In file included from /Users/mikevocalz/virocore-rive-panel/android/sharedCode/src/main/cpp/VROSceneRenderer.h:35:
C/C++: In file included from /Users/mikevocalz/virocore-rive-panel/android/sharedCode/src/main/cpp/VRODriverOpenGLAndroid.h:31:
C/C++: /Users/mikevocalz/virocore-rive-panel/android/sharedCode/../../ViroRenderer/VRODriverOpenGL.h:204:10: warning: 'bindTexture' overrides a member function but is not marked 'override' [-Winconsistent-missing-override]
C/C++:   204 |     void bindTexture(int unit, int target, int texture) {
C/C++:       |          ^
C/C++: /Users/mikevocalz/virocore-rive-panel/android/sharedCode/../../ViroRenderer/VRODriver.h:214:18: note: overridden virtual function is here
C/C++:   214 |     virtual void bindTexture(int unit, int target, int texture) = 0;
C/C++:       |                  ^
C/C++: In file included from /Users/mikevocalz/virocore-rive-panel/android/sharedCode/src/main/cpp/VROSceneRendererOpenXR.cpp:7:
C/C++: In file included from /Users/mikevocalz/virocore-rive-panel/android/sharedCode/src/main/cpp/VROSceneRendererOpenXR.h:26:
C/C++: In file included from /Users/mikevocalz/virocore-rive-panel/android/sharedCode/src/main/cpp/VROSceneRenderer.h:35:
C/C++: In file included from /Users/mikevocalz/virocore-rive-panel/android/sharedCode/src/main/cpp/VRODriverOpenGLAndroid.h:31:
C/C++: /Users/mikevocalz/virocore-rive-panel/android/sharedCode/../../ViroRenderer/VRODriverOpenGL.h:234:10: warning: 'setDepthWritingEnabled' overrides a member function but is not marked 'override' [-Winconsistent-missing-override]
C/C++:   234 |     void setDepthWritingEnabled(bool enabled) {
C/C++:       |          ^
C/C++: /Users/mikevocalz/virocore-rive-panel/android/sharedCode/../../ViroRenderer/VRODriver.h:215:18: note: overridden virtual function is here
C/C++:   215 |     virtual void setDepthWritingEnabled(bool enabled) = 0;
C/C++:       |                  ^
C/C++: In file included from /Users/mikevocalz/virocore-rive-panel/android/sharedCode/src/main/cpp/VROSceneRendererOpenXR.cpp:7:
C/C++: In file included from /Users/mikevocalz/virocore-rive-panel/android/sharedCode/src/main/cpp/VROSceneRendererOpenXR.h:26:
C/C++: In file included from /Users/mikevocalz/virocore-rive-panel/android/sharedCode/src/main/cpp/VROSceneRenderer.h:35:
C/C++: In file included from /Users/mikevocalz/virocore-rive-panel/android/sharedCode/src/main/cpp/VRODriverOpenGLAndroid.h:31:
C/C++: /Users/mikevocalz/virocore-rive-panel/android/sharedCode/../../ViroRenderer/VRODriverOpenGL.h:248:10: warning: 'setDepthReadingEnabled' overrides a member function but is not marked 'override' [-Winconsistent-missing-override]
C/C++:   248 |     void setDepthReadingEnabled(bool enabled) {
C/C++:       |          ^
C/C++: /Users/mikevocalz/virocore-rive-panel/android/sharedCode/../../ViroRenderer/VRODriver.h:216:18: note: overridden virtual function is here
C/C++:   216 |     virtual void setDepthReadingEnabled(bool enabled) = 0;
C/C++:       |                  ^
C/C++: In file included from /Users/mikevocalz/virocore-rive-panel/android/sharedCode/src/main/cpp/VROSceneRendererOpenXR.cpp:7:
C/C++: In file included from /Users/mikevocalz/virocore-rive-panel/android/sharedCode/src/main/cpp/VROSceneRendererOpenXR.h:26:
C/C++: In file included from /Users/mikevocalz/virocore-rive-panel/android/sharedCode/src/main/cpp/VROSceneRenderer.h:35:
C/C++: In file included from /Users/mikevocalz/virocore-rive-panel/android/sharedCode/src/main/cpp/VRODriverOpenGLAndroid.h:31:
C/C++: /Users/mikevocalz/virocore-rive-panel/android/sharedCode/../../ViroRenderer/VRODriverOpenGL.h:262:10: warning: 'setStencilTestEnabled' overrides a member function but is not marked 'override' [-Winconsistent-missing-override]
C/C++:   262 |     void setStencilTestEnabled(bool enabled) {
C/C++:       |          ^
C/C++: /Users/mikevocalz/virocore-rive-panel/android/sharedCode/../../ViroRenderer/VRODriver.h:217:18: note: overridden virtual function is here
C/C++:   217 |     virtual void setStencilTestEnabled(bool enabled) = 0;
C/C++:       |                  ^
C/C++: In file included from /Users/mikevocalz/virocore-rive-panel/android/sharedCode/src/main/cpp/VROSceneRendererOpenXR.cpp:7:
C/C++: In file included from /Users/mikevocalz/virocore-rive-panel/android/sharedCode/src/main/cpp/VROSceneRendererOpenXR.h:26:
C/C++: In file included from /Users/mikevocalz/virocore-rive-panel/android/sharedCode/src/main/cpp/VROSceneRenderer.h:35:
C/C++: In file included from /Users/mikevocalz/virocore-rive-panel/android/sharedCode/src/main/cpp/VRODriverOpenGLAndroid.h:31:
C/C++: /Users/mikevocalz/virocore-rive-panel/android/sharedCode/../../ViroRenderer/VRODriverOpenGL.h:276:10: warning: 'setCullMode' overrides a member function but is not marked 'override' [-Winconsistent-missing-override]
C/C++:   276 |     void setCullMode(VROCullMode cullMode) {
C/C++:       |          ^
C/C++: /Users/mikevocalz/virocore-rive-panel/android/sharedCode/../../ViroRenderer/VRODriver.h:218:18: note: overridden virtual function is here
C/C++:   218 |     virtual void setCullMode(VROCullMode cullMode) = 0;
C/C++:       |                  ^
C/C++: In file included from /Users/mikevocalz/virocore-rive-panel/android/sharedCode/src/main/cpp/VROSceneRendererOpenXR.cpp:7:
C/C++: In file included from /Users/mikevocalz/virocore-rive-panel/android/sharedCode/src/main/cpp/VROSceneRendererOpenXR.h:26:
C/C++: In file included from /Users/mikevocalz/virocore-rive-panel/android/sharedCode/src/main/cpp/VROSceneRenderer.h:35:
C/C++: In file included from /Users/mikevocalz/virocore-rive-panel/android/sharedCode/src/main/cpp/VRODriverOpenGLAndroid.h:31:
C/C++: /Users/mikevocalz/virocore-rive-panel/android/sharedCode/../../ViroRenderer/VRODriverOpenGL.h:295:10: warning: 'setBlendingMode' overrides a member function but is not marked 'override' [-Winconsistent-missing-override]
C/C++:   295 |     void setBlendingMode(VROBlendMode mode) {
C/C++:       |          ^
C/C++: /Users/mikevocalz/virocore-rive-panel/android/sharedCode/../../ViroRenderer/VRODriver.h:311:18: note: overridden virtual function is here
C/C++:   311 |     virtual void setBlendingMode(VROBlendMode mode) = 0;
C/C++:       |                  ^
C/C++: In file included from /Users/mikevocalz/virocore-rive-panel/android/sharedCode/src/main/cpp/VROSceneRendererOpenXR.cpp:7:
C/C++: In file included from /Users/mikevocalz/virocore-rive-panel/android/sharedCode/src/main/cpp/VROSceneRendererOpenXR.h:26:
C/C++: In file included from /Users/mikevocalz/virocore-rive-panel/android/sharedCode/src/main/cpp/VROSceneRenderer.h:35:
C/C++: In file included from /Users/mikevocalz/virocore-rive-panel/android/sharedCode/src/main/cpp/VRODriverOpenGLAndroid.h:31:
C/C++: /Users/mikevocalz/virocore-rive-panel/android/sharedCode/../../ViroRenderer/VRODriverOpenGL.h:339:10: warning: 'setRenderTargetColorWritingMask' overrides a member function but is not marked 'override' [-Winconsistent-missing-override]
C/C++:   339 |     void setRenderTargetColorWritingMask(VROColorMask mask) {
C/C++:       |          ^
C/C++: /Users/mikevocalz/virocore-rive-panel/android/sharedCode/../../ViroRenderer/VRODriver.h:219:18: note: overridden virtual function is here
C/C++:   219 |     virtual void setRenderTargetColorWritingMask(VROColorMask mask) = 0;
C/C++:       |                  ^
C/C++: In file included from /Users/mikevocalz/virocore-rive-panel/android/sharedCode/src/main/cpp/VROSceneRendererOpenXR.cpp:7:
C/C++: In file included from /Users/mikevocalz/virocore-rive-panel/android/sharedCode/src/main/cpp/VROSceneRendererOpenXR.h:26:
C/C++: In file included from /Users/mikevocalz/virocore-rive-panel/android/sharedCode/src/main/cpp/VROSceneRenderer.h:35:
C/C++: In file included from /Users/mikevocalz/virocore-rive-panel/android/sharedCode/src/main/cpp/VRODriverOpenGLAndroid.h:31:
C/C++: /Users/mikevocalz/virocore-rive-panel/android/sharedCode/../../ViroRenderer/VRODriverOpenGL.h:347:10: warning: 'setMaterialColorWritingMask' overrides a member function but is not marked 'override' [-Winconsistent-missing-override]
C/C++:   347 |     void setMaterialColorWritingMask(VROColorMask mask) {
C/C++:       |          ^
C/C++: /Users/mikevocalz/virocore-rive-panel/android/sharedCode/../../ViroRenderer/VRODriver.h:220:18: note: overridden virtual function is here
C/C++:   220 |     virtual void setMaterialColorWritingMask(VROColorMask mask) = 0;
C/C++:       |                  ^
C/C++: In file included from /Users/mikevocalz/virocore-rive-panel/android/sharedCode/src/main/cpp/VROSceneRendererOpenXR.cpp:7:
C/C++: In file included from /Users/mikevocalz/virocore-rive-panel/android/sharedCode/src/main/cpp/VROSceneRendererOpenXR.h:26:
C/C++: In file included from /Users/mikevocalz/virocore-rive-panel/android/sharedCode/src/main/cpp/VROSceneRenderer.h:35:
C/C++: In file included from /Users/mikevocalz/virocore-rive-panel/android/sharedCode/src/main/cpp/VRODriverOpenGLAndroid.h:31:
C/C++: /Users/mikevocalz/virocore-rive-panel/android/sharedCode/../../ViroRenderer/VRODriverOpenGL.h:355:10: warning: 'bindShader' overrides a member function but is not marked 'override' [-Winconsistent-missing-override]
C/C++:   355 |     void bindShader(std::shared_ptr<VROShaderProgram> program) {
C/C++:       |          ^
C/C++: /Users/mikevocalz/virocore-rive-panel/android/sharedCode/../../ViroRenderer/VRODriver.h:221:18: note: overridden virtual function is here
C/C++:   221 |     virtual void bindShader(std::shared_ptr<VROShaderProgram> program) = 0;
C/C++:       |                  ^
C/C++: In file included from /Users/mikevocalz/virocore-rive-panel/android/sharedCode/src/main/cpp/VROSceneRendererOpenXR.cpp:7:
C/C++: In file included from /Users/mikevocalz/virocore-rive-panel/android/sharedCode/src/main/cpp/VROSceneRendererOpenXR.h:26:
C/C++: In file included from /Users/mikevocalz/virocore-rive-panel/android/sharedCode/src/main/cpp/VROSceneRenderer.h:35:
C/C++: In file included from /Users/mikevocalz/virocore-rive-panel/android/sharedCode/src/main/cpp/VRODriverOpenGLAndroid.h:31:
C/C++: /Users/mikevocalz/virocore-rive-panel/android/sharedCode/../../ViroRenderer/VRODriverOpenGL.h:373:10: warning: 'unbindShader' overrides a member function but is not marked 'override' [-Winconsistent-missing-override]
C/C++:   373 |     void unbindShader() {
C/C++:       |          ^
C/C++: /Users/mikevocalz/virocore-rive-panel/android/sharedCode/../../ViroRenderer/VRODriver.h:222:18: note: overridden virtual function is here
C/C++:   222 |     virtual void unbindShader() = 0;
C/C++:       |                  ^
C/C++: In file included from /Users/mikevocalz/virocore-rive-panel/android/sharedCode/src/main/cpp/VROSceneRendererOpenXR.cpp:7:
C/C++: In file included from /Users/mikevocalz/virocore-rive-panel/android/sharedCode/src/main/cpp/VROSceneRendererOpenXR.h:26:
C/C++: In file included from /Users/mikevocalz/virocore-rive-panel/android/sharedCode/src/main/cpp/VROSceneRenderer.h:35:
C/C++: In file included from /Users/mikevocalz/virocore-rive-panel/android/sharedCode/src/main/cpp/VRODriverOpenGLAndroid.h:31:
C/C++: /Users/mikevocalz/virocore-rive-panel/android/sharedCode/../../ViroRenderer/VRODriverOpenGL.h:381:10: warning: 'bindRenderTarget' overrides a member function but is not marked 'override' [-Winconsistent-missing-override]
C/C++:   381 |     bool bindRenderTarget(std::shared_ptr<VRORenderTarget> target, VRORenderTargetUnbindOp unbindOp) {
C/C++:       |          ^
C/C++: /Users/mikevocalz/virocore-rive-panel/android/sharedCode/../../ViroRenderer/VRODriver.h:229:18: note: overridden virtual function is here
C/C++:   229 |     virtual bool bindRenderTarget(std::shared_ptr<VRORenderTarget> target, VRORenderTargetUnbindOp unbindOp) = 0;
C/C++:       |                  ^
C/C++: In file included from /Users/mikevocalz/virocore-rive-panel/android/sharedCode/src/main/cpp/VROSceneRendererOpenXR.cpp:7:
C/C++: In file included from /Users/mikevocalz/virocore-rive-panel/android/sharedCode/src/main/cpp/VROSceneRendererOpenXR.h:26:
C/C++: In file included from /Users/mikevocalz/virocore-rive-panel/android/sharedCode/src/main/cpp/VROSceneRenderer.h:35:
C/C++: In file included from /Users/mikevocalz/virocore-rive-panel/android/sharedCode/src/main/cpp/VRODriverOpenGLAndroid.h:31:
C/C++: /Users/mikevocalz/virocore-rive-panel/android/sharedCode/../../ViroRenderer/VRODriverOpenGL.h:416:10: warning: 'unbindRenderTarget' overrides a member function but is not marked 'override' [-Winconsistent-missing-override]
C/C++:   416 |     void unbindRenderTarget() {
C/C++:       |          ^
C/C++: /Users/mikevocalz/virocore-rive-panel/android/sharedCode/../../ViroRenderer/VRODriver.h:230:18: note: overridden virtual function is here
C/C++:   230 |     virtual void unbindRenderTarget() = 0;
C/C++:       |                  ^
C/C++: In file included from /Users/mikevocalz/virocore-rive-panel/android/sharedCode/src/main/cpp/VROSceneRendererOpenXR.cpp:7:
C/C++: In file included from /Users/mikevocalz/virocore-rive-panel/android/sharedCode/src/main/cpp/VROSceneRendererOpenXR.h:26:
C/C++: In file included from /Users/mikevocalz/virocore-rive-panel/android/sharedCode/src/main/cpp/VROSceneRenderer.h:35:
C/C++: In file included from /Users/mikevocalz/virocore-rive-panel/android/sharedCode/src/main/cpp/VRODriverOpenGLAndroid.h:31:
C/C++: /Users/mikevocalz/virocore-rive-panel/android/sharedCode/../../ViroRenderer/VRODriverOpenGL.h:424:38: warning: 'getRenderTarget' overrides a member function but is not marked 'override' [-Winconsistent-missing-override]
C/C++:   424 |     std::shared_ptr<VRORenderTarget> getRenderTarget() {
C/C++:       |                                      ^
C/C++: /Users/mikevocalz/virocore-rive-panel/android/sharedCode/../../ViroRenderer/VRODriver.h:236:46: note: overridden virtual function is here
C/C++:   236 |     virtual std::shared_ptr<VRORenderTarget> getRenderTarget() = 0;
C/C++:       |                                              ^
C/C++: In file included from /Users/mikevocalz/virocore-rive-panel/android/sharedCode/src/main/cpp/VROSceneRendererOpenXR.cpp:7:
C/C++: In file included from /Users/mikevocalz/virocore-rive-panel/android/sharedCode/src/main/cpp/VROSceneRendererOpenXR.h:26:
C/C++: In file included from /Users/mikevocalz/virocore-rive-panel/android/sharedCode/src/main/cpp/VROSceneRenderer.h:35:
C/C++: In file included from /Users/mikevocalz/virocore-rive-panel/android/sharedCode/src/main/cpp/VRODriverOpenGLAndroid.h:31:
C/C++: /Users/mikevocalz/virocore-rive-panel/android/sharedCode/../../ViroRenderer/VRODriverOpenGL.h:428:18: warning: 'isBloomSupported' overrides a member function but is not marked 'override' [-Winconsistent-missing-override]
C/C++:   428 |     virtual bool isBloomSupported() {
C/C++:       |                  ^
C/C++: /Users/mikevocalz/virocore-rive-panel/android/sharedCode/../../ViroRenderer/VRODriver.h:267:18: note: overridden virtual function is here
C/C++:   267 |     virtual bool isBloomSupported() = 0;
C/C++:       |                  ^
C/C++: In file included from /Users/mikevocalz/virocore-rive-panel/android/sharedCode/src/main/cpp/VROSceneRendererOpenXR.cpp:7:
C/C++: In file included from /Users/mikevocalz/virocore-rive-panel/android/sharedCode/src/main/cpp/VROSceneRendererOpenXR.h:26:
C/C++: In file included from /Users/mikevocalz/virocore-rive-panel/android/sharedCode/src/main/cpp/VROSceneRenderer.h:35:
C/C++: In file included from /Users/mikevocalz/virocore-rive-panel/android/sharedCode/src/main/cpp/VRODriverOpenGLAndroid.h:31:
C/C++: /Users/mikevocalz/virocore-rive-panel/android/sharedCode/../../ViroRenderer/VRODriverOpenGL.h:432:27: warning: 'newGeometrySubstrate' overrides a member function but is not marked 'override' [-Winconsistent-missing-override]
C/C++:   432 |     VROGeometrySubstrate *newGeometrySubstrate(const VROGeometry &geometry) {
C/C++:       |                           ^
C/C++: /Users/mikevocalz/virocore-rive-panel/android/sharedCode/../../ViroRenderer/VRODriver.h:269:35: note: overridden virtual function is here
C/C++:   269 |     virtual VROGeometrySubstrate *newGeometrySubstrate(const VROGeometry &geometry) = 0;
C/C++:       |                                   ^
C/C++: In file included from /Users/mikevocalz/virocore-rive-panel/android/sharedCode/src/main/cpp/VROSceneRendererOpenXR.cpp:7:
C/C++: In file included from /Users/mikevocalz/virocore-rive-panel/android/sharedCode/src/main/cpp/VROSceneRendererOpenXR.h:26:
C/C++: In file included from /Users/mikevocalz/virocore-rive-panel/android/sharedCode/src/main/cpp/VROSceneRenderer.h:35:
C/C++: In file included from /Users/mikevocalz/virocore-rive-panel/android/sharedCode/src/main/cpp/VRODriverOpenGLAndroid.h:31:
C/C++: /Users/mikevocalz/virocore-rive-panel/android/sharedCode/../../ViroRenderer/VRODriverOpenGL.h:437:27: warning: 'newMaterialSubstrate' overrides a member function but is not marked 'override' [-Winconsistent-missing-override]
C/C++:   437 |     VROMaterialSubstrate *newMaterialSubstrate(VROMaterial &material) {
C/C++:       |                           ^
C/C++: /Users/mikevocalz/virocore-rive-panel/android/sharedCode/../../ViroRenderer/VRODriver.h:270:35: note: overridden virtual function is here
C/C++:   270 |     virtual VROMaterialSubstrate *newMaterialSubstrate(VROMaterial &material) = 0;
C/C++:       |                                   ^
C/C++: In file included from /Users/mikevocalz/virocore-rive-panel/android/sharedCode/src/main/cpp/VROSceneRendererOpenXR.cpp:7:
C/C++: In file included from /Users/mikevocalz/virocore-rive-panel/android/sharedCode/src/main/cpp/VROSceneRendererOpenXR.h:26:
C/C++: In file included from /Users/mikevocalz/virocore-rive-panel/android/sharedCode/src/main/cpp/VROSceneRenderer.h:35:
C/C++: In file included from /Users/mikevocalz/virocore-rive-panel/android/sharedCode/src/main/cpp/VRODriverOpenGLAndroid.h:31:
C/C++: /Users/mikevocalz/virocore-rive-panel/android/sharedCode/../../ViroRenderer/VRODriverOpenGL.h:442:26: warning: 'newTextureSubstrate' overrides a member function but is not marked 'override' [-Winconsistent-missing-override]
C/C++:   442 |     VROTextureSubstrate *newTextureSubstrate(VROTextureType type,
C/C++:       |                          ^
C/C++: /Users/mikevocalz/virocore-rive-panel/android/sharedCode/../../ViroRenderer/VRODriver.h:271:34: note: overridden virtual function is here
C/C++:   271 |     virtual VROTextureSubstrate *newTextureSubstrate(VROTextureType type,
C/C++:       |                                  ^
C/C++: In file included from /Users/mikevocalz/virocore-rive-panel/android/sharedCode/src/main/cpp/VROSceneRendererOpenXR.cpp:7:
C/C++: In file included from /Users/mikevocalz/virocore-rive-panel/android/sharedCode/src/main/cpp/VROSceneRendererOpenXR.h:26:
C/C++: In file included from /Users/mikevocalz/virocore-rive-panel/android/sharedCode/src/main/cpp/VROSceneRenderer.h:35:
C/C++: In file included from /Users/mikevocalz/virocore-rive-panel/android/sharedCode/src/main/cpp/VRODriverOpenGLAndroid.h:31:
C/C++: /Users/mikevocalz/virocore-rive-panel/android/sharedCode/../../ViroRenderer/VRODriverOpenGL.h:457:38: warning: 'newRenderTarget' overrides a member function but is not marked 'override' [-Winconsistent-missing-override]
C/C++:   457 |     std::shared_ptr<VRORenderTarget> newRenderTarget(VRORenderTargetType type, int numAttachments, int numImages, bool enableMipmaps,
C/C++:       |                                      ^
C/C++: /Users/mikevocalz/virocore-rive-panel/android/sharedCode/../../ViroRenderer/VRODriver.h:279:46: note: overridden virtual function is here
C/C++:   279 |     virtual std::shared_ptr<VRORenderTarget> newRenderTarget(VRORenderTargetType type, int numAttachments, int numImages,
C/C++:       |                                              ^
C/C++: In file included from /Users/mikevocalz/virocore-rive-panel/android/sharedCode/src/main/cpp/VROSceneRendererOpenXR.cpp:7:
C/C++: In file included from /Users/mikevocalz/virocore-rive-panel/android/sharedCode/src/main/cpp/VROSceneRendererOpenXR.h:26:
C/C++: In file included from /Users/mikevocalz/virocore-rive-panel/android/sharedCode/src/main/cpp/VROSceneRenderer.h:35:
C/C++: In file included from /Users/mikevocalz/virocore-rive-panel/android/sharedCode/src/main/cpp/VRODriverOpenGLAndroid.h:31:
C/C++: /Users/mikevocalz/virocore-rive-panel/android/sharedCode/../../ViroRenderer/VRODriverOpenGL.h:465:38: warning: 'newVertexBuffer' overrides a member function but is not marked 'override' [-Winconsistent-missing-override]
C/C++:   465 |     std::shared_ptr<VROVertexBuffer> newVertexBuffer(std::shared_ptr<VROData> data) {
C/C++:       |                                      ^
C/C++: /Users/mikevocalz/virocore-rive-panel/android/sharedCode/../../ViroRenderer/VRODriver.h:281:46: note: overridden virtual function is here
C/C++:   281 |     virtual std::shared_ptr<VROVertexBuffer> newVertexBuffer(std::shared_ptr<VROData> data) = 0;
C/C++:       |                                              ^
C/C++: In file included from /Users/mikevocalz/virocore-rive-panel/android/sharedCode/src/main/cpp/VROSceneRendererOpenXR.cpp:7:
C/C++: In file included from /Users/mikevocalz/virocore-rive-panel/android/sharedCode/src/main/cpp/VROSceneRendererOpenXR.h:26:
C/C++: In file included from /Users/mikevocalz/virocore-rive-panel/android/sharedCode/src/main/cpp/VROSceneRenderer.h:35:
C/C++: In file included from /Users/mikevocalz/virocore-rive-panel/android/sharedCode/src/main/cpp/VRODriverOpenGLAndroid.h:31:
C/C++: /Users/mikevocalz/virocore-rive-panel/android/sharedCode/../../ViroRenderer/VRODriverOpenGL.h:476:42: warning: 'newImagePostProcess' overrides a member function but is not marked 'override' [-Winconsistent-missing-override]
C/C++:   476 |     std::shared_ptr<VROImagePostProcess> newImagePostProcess(std::shared_ptr<VROShaderProgram> shader) {
C/C++:       |                                          ^
C/C++: /Users/mikevocalz/virocore-rive-panel/android/sharedCode/../../ViroRenderer/VRODriver.h:293:50: note: overridden virtual function is here
C/C++:   293 |     virtual std::shared_ptr<VROImagePostProcess> newImagePostProcess(std::shared_ptr<VROShaderProgram> shader) = 0;
C/C++:       |                                                  ^
C/C++: In file included from /Users/mikevocalz/virocore-rive-panel/android/sharedCode/src/main/cpp/VROSceneRendererOpenXR.cpp:7:
C/C++: In file included from /Users/mikevocalz/virocore-rive-panel/android/sharedCode/src/main/cpp/VROSceneRendererOpenXR.h:26:
C/C++: In file included from /Users/mikevocalz/virocore-rive-panel/android/sharedCode/src/main/cpp/VROSceneRenderer.h:35:
C/C++: In file included from /Users/mikevocalz/virocore-rive-panel/android/sharedCode/src/main/cpp/VRODriverOpenGLAndroid.h:31:
C/C++: /Users/mikevocalz/virocore-rive-panel/android/sharedCode/../../ViroRenderer/VRODriverOpenGL.h:480:10: warning: 'readGPUType' overrides a member function but is not marked 'override' [-Winconsistent-missing-override]
C/C++:   480 |     void readGPUType() {
C/C++:       |          ^
C/C++: /Users/mikevocalz/virocore-rive-panel/android/sharedCode/../../ViroRenderer/VRODriver.h:193:18: note: overridden virtual function is here
C/C++:   193 |     virtual void readGPUType() = 0;
C/C++:       |                  ^
C/C++: In file included from /Users/mikevocalz/virocore-rive-panel/android/sharedCode/src/main/cpp/VROSceneRendererOpenXR.cpp:7:
C/C++: In file included from /Users/mikevocalz/virocore-rive-panel/android/sharedCode/src/main/cpp/VROSceneRendererOpenXR.h:26:
C/C++: In file included from /Users/mikevocalz/virocore-rive-panel/android/sharedCode/src/main/cpp/VROSceneRenderer.h:35:
C/C++: In file included from /Users/mikevocalz/virocore-rive-panel/android/sharedCode/src/main/cpp/VRODriverOpenGLAndroid.h:31:
C/C++: /Users/mikevocalz/virocore-rive-panel/android/sharedCode/../../ViroRenderer/VRODriverOpenGL.h:507:10: warning: 'setHasSoftwareGammaPass' overrides a member function but is not marked 'override' [-Winconsistent-missing-override]
C/C++:   507 |     void setHasSoftwareGammaPass(bool gammaPass) {
C/C++:       |          ^
C/C++: /Users/mikevocalz/virocore-rive-panel/android/sharedCode/../../ViroRenderer/VRODriver.h:248:18: note: overridden virtual function is here
C/C++:   248 |     virtual void setHasSoftwareGammaPass(bool softwareGamma) = 0;
C/C++:       |                  ^
C/C++: In file included from /Users/mikevocalz/virocore-rive-panel/android/sharedCode/src/main/cpp/VROSceneRendererOpenXR.cpp:7:
C/C++: In file included from /Users/mikevocalz/virocore-rive-panel/android/sharedCode/src/main/cpp/VROSceneRendererOpenXR.h:26:
C/C++: In file included from /Users/mikevocalz/virocore-rive-panel/android/sharedCode/src/main/cpp/VROSceneRenderer.h:35:
C/C++: In file included from /Users/mikevocalz/virocore-rive-panel/android/sharedCode/src/main/cpp/VRODriverOpenGLAndroid.h:31:
C/C++: /Users/mikevocalz/virocore-rive-panel/android/sharedCode/../../ViroRenderer/VRODriverOpenGL.h:510:10: warning: 'hasSoftwareGammaPass' overrides a member function but is not marked 'override' [-Winconsistent-missing-override]
C/C++:   510 |     bool hasSoftwareGammaPass() const {
C/C++:       |          ^
C/C++: /Users/mikevocalz/virocore-rive-panel/android/sharedCode/../../ViroRenderer/VRODriver.h:249:18: note: overridden virtual function is here
C/C++:   249 |     virtual bool hasSoftwareGammaPass() const = 0;
C/C++:       |                  ^
C/C++: In file included from /Users/mikevocalz/virocore-rive-panel/android/sharedCode/src/main/cpp/VROSceneRendererOpenXR.cpp:7:
C/C++: In file included from /Users/mikevocalz/virocore-rive-panel/android/sharedCode/src/main/cpp/VROSceneRendererOpenXR.h:26:
C/C++: In file included from /Users/mikevocalz/virocore-rive-panel/android/sharedCode/src/main/cpp/VROSceneRenderer.h:35:
C/C++: In file included from /Users/mikevocalz/virocore-rive-panel/android/sharedCode/src/main/cpp/VRODriverOpenGLAndroid.h:31:
C/C++: /Users/mikevocalz/virocore-rive-panel/android/sharedCode/../../ViroRenderer/VRODriverOpenGL.h:514:16: warning: 'getGPUType' overrides a member function but is not marked 'override' [-Winconsistent-missing-override]
C/C++:   514 |     VROGPUType getGPUType() {
C/C++:       |                ^
C/C++: /Users/mikevocalz/virocore-rive-panel/android/sharedCode/../../ViroRenderer/VRODriver.h:198:24: note: overridden virtual function is here
C/C++:   198 |     virtual VROGPUType getGPUType() = 0;
C/C++:       |                        ^
C/C++: In file included from /Users/mikevocalz/virocore-rive-panel/android/sharedCode/src/main/cpp/VROSceneRendererOpenXR.cpp:7:
C/C++: In file included from /Users/mikevocalz/virocore-rive-panel/android/sharedCode/src/main/cpp/VROSceneRendererOpenXR.h:26:
C/C++: In file included from /Users/mikevocalz/virocore-rive-panel/android/sharedCode/src/main/cpp/VROSceneRenderer.h:35:
C/C++: In file included from /Users/mikevocalz/virocore-rive-panel/android/sharedCode/src/main/cpp/VRODriverOpenGLAndroid.h:31:
C/C++: /Users/mikevocalz/virocore-rive-panel/android/sharedCode/../../ViroRenderer/VRODriverOpenGL.h:518:10: warning: 'readDisplayFramebuffer' overrides a member function but is not marked 'override' [-Winconsistent-missing-override]
C/C++:   518 |     void readDisplayFramebuffer() {
C/C++:       |          ^
C/C++: /Users/mikevocalz/virocore-rive-panel/android/sharedCode/../../ViroRenderer/VRODriver.h:205:18: note: overridden virtual function is here
C/C++:   205 |     virtual void readDisplayFramebuffer() = 0;
C/C++:       |                  ^
C/C++: In file included from /Users/mikevocalz/virocore-rive-panel/android/sharedCode/src/main/cpp/VROSceneRendererOpenXR.cpp:7:
C/C++: In file included from /Users/mikevocalz/virocore-rive-panel/android/sharedCode/src/main/cpp/VROSceneRendererOpenXR.h:26:
C/C++: In file included from /Users/mikevocalz/virocore-rive-panel/android/sharedCode/src/main/cpp/VROSceneRenderer.h:35:
C/C++: In file included from /Users/mikevocalz/virocore-rive-panel/android/sharedCode/src/main/cpp/VRODriverOpenGLAndroid.h:31:
C/C++: /Users/mikevocalz/virocore-rive-panel/android/sharedCode/../../ViroRenderer/VRODriverOpenGL.h:522:46: warning: 'getDisplay' overrides a member function but is not marked 'override' [-Winconsistent-missing-override]
C/C++:   522 |     virtual std::shared_ptr<VRORenderTarget> getDisplay() {
C/C++:       |                                              ^
C/C++: /Users/mikevocalz/virocore-rive-panel/android/sharedCode/../../ViroRenderer/VRODriver.h:292:46: note: overridden virtual function is here
C/C++:   292 |     virtual std::shared_ptr<VRORenderTarget> getDisplay() = 0;
C/C++:       |                                              ^
C/C++: In file included from /Users/mikevocalz/virocore-rive-panel/android/sharedCode/src/main/cpp/VROSceneRendererOpenXR.cpp:7:
C/C++: In file included from /Users/mikevocalz/virocore-rive-panel/android/sharedCode/src/main/cpp/VROSceneRendererOpenXR.h:26:
C/C++: In file included from /Users/mikevocalz/virocore-rive-panel/android/sharedCode/src/main/cpp/VROSceneRenderer.h:35:
C/C++: In file included from /Users/mikevocalz/virocore-rive-panel/android/sharedCode/src/main/cpp/VRODriverOpenGLAndroid.h:31:
C/C++: /Users/mikevocalz/virocore-rive-panel/android/sharedCode/../../ViroRenderer/VRODriverOpenGL.h:556:44: warning: 'newTypefaceCollection' overrides a member function but is not marked 'override' [-Winconsistent-missing-override]
C/C++:   556 |     std::shared_ptr<VROTypefaceCollection> newTypefaceCollection(std::string typefaces, int size, VROFontStyle style,
C/C++:       |                                            ^
C/C++: /Users/mikevocalz/virocore-rive-panel/android/sharedCode/../../ViroRenderer/VRODriver.h:308:52: note: overridden virtual function is here
C/C++:   308 |     virtual std::shared_ptr<VROTypefaceCollection> newTypefaceCollection(std::string typefaces, int size, VROFontStyle style, VROFontWeight weight) = 0;
C/C++:       |                                                    ^
C/C++: In file included from /Users/mikevocalz/virocore-rive-panel/android/sharedCode/src/main/cpp/VROSceneRendererOpenXR.cpp:7:
C/C++: In file included from /Users/mikevocalz/virocore-rive-panel/android/sharedCode/src/main/cpp/VROSceneRendererOpenXR.h:26:
C/C++: In file included from /Users/mikevocalz/virocore-rive-panel/android/sharedCode/src/main/cpp/VROSceneRenderer.h:35:
C/C++: In file included from /Users/mikevocalz/virocore-rive-panel/android/sharedCode/src/main/cpp/VRODriverOpenGLAndroid.h:31:
C/C++: /Users/mikevocalz/virocore-rive-panel/android/sharedCode/../../ViroRenderer/VRODriverOpenGL.h:580:40: warning: 'getFrameScheduler' overrides a member function but is not marked 'override' [-Winconsistent-missing-override]
C/C++:   580 |     std::shared_ptr<VROFrameScheduler> getFrameScheduler() {
C/C++:       |                                        ^
C/C++: /Users/mikevocalz/virocore-rive-panel/android/sharedCode/../../ViroRenderer/VRODriver.h:313:48: note: overridden virtual function is here
C/C++:   313 |     virtual std::shared_ptr<VROFrameScheduler> getFrameScheduler() = 0;
C/C++:       |                                                ^
C/C++: In file included from /Users/mikevocalz/virocore-rive-panel/android/sharedCode/src/main/cpp/VROSceneRendererOpenXR.cpp:7:
C/C++: In file included from /Users/mikevocalz/virocore-rive-panel/android/sharedCode/src/main/cpp/VROSceneRendererOpenXR.h:26:
C/C++: In file included from /Users/mikevocalz/virocore-rive-panel/android/sharedCode/src/main/cpp/VROSceneRenderer.h:35:
C/C++: In file included from /Users/mikevocalz/virocore-rive-panel/android/sharedCode/src/main/cpp/VRODriverOpenGLAndroid.h:31:
C/C++: /Users/mikevocalz/virocore-rive-panel/android/sharedCode/../../ViroRenderer/VRODriverOpenGL.h:635:19: warning: 'getGraphicsContext' overrides a member function but is not marked 'override' [-Winconsistent-missing-override]
C/C++:   635 |     virtual void *getGraphicsContext() { return nullptr; }
C/C++:       |                   ^
C/C++: /Users/mikevocalz/virocore-rive-panel/android/sharedCode/../../ViroRenderer/VRODriver.h:314:19: note: overridden virtual function is here
C/C++:   314 |     virtual void *getGraphicsContext() = 0;
C/C++:       |                   ^
C/C++: In file included from /Users/mikevocalz/virocore-rive-panel/android/sharedCode/src/main/cpp/VROSceneRendererOpenXR.cpp:7:
C/C++: In file included from /Users/mikevocalz/virocore-rive-panel/android/sharedCode/src/main/cpp/VROSceneRendererOpenXR.h:26:
C/C++: In file included from /Users/mikevocalz/virocore-rive-panel/android/sharedCode/src/main/cpp/VROSceneRenderer.h:35:
C/C++: /Users/mikevocalz/virocore-rive-panel/android/sharedCode/src/main/cpp/VRODriverOpenGLAndroid.h:49:35: warning: 'getColorRenderingMode' overrides a member function but is not marked 'override' [-Winconsistent-missing-override]
C/C++:    49 |     virtual VROColorRenderingMode getColorRenderingMode() {
C/C++:       |                                   ^
C/C++: /Users/mikevocalz/virocore-rive-panel/android/sharedCode/../../ViroRenderer/VRODriver.h:242:35: note: overridden virtual function is here
C/C++:   242 |     virtual VROColorRenderingMode getColorRenderingMode() = 0;
C/C++:       |                                   ^
C/C++: In file included from /Users/mikevocalz/virocore-rive-panel/android/sharedCode/src/main/cpp/VROSceneRendererOpenXR.cpp:7:
C/C++: In file included from /Users/mikevocalz/virocore-rive-panel/android/sharedCode/src/main/cpp/VROSceneRendererOpenXR.h:26:
C/C++: In file included from /Users/mikevocalz/virocore-rive-panel/android/sharedCode/src/main/cpp/VROSceneRenderer.h:35:
C/C++: /Users/mikevocalz/virocore-rive-panel/android/sharedCode/src/main/cpp/VRODriverOpenGLAndroid.h:63:18: warning: 'isBloomSupported' overrides a member function but is not marked 'override' [-Winconsistent-missing-override]
C/C++:    63 |     virtual bool isBloomSupported() {
C/C++:       |                  ^
C/C++: /Users/mikevocalz/virocore-rive-panel/android/sharedCode/../../ViroRenderer/VRODriverOpenGL.h:428:18: note: overridden virtual function is here
C/C++:   428 |     virtual bool isBloomSupported() {
C/C++:       |                  ^
C/C++: In file included from /Users/mikevocalz/virocore-rive-panel/android/sharedCode/src/main/cpp/VROSceneRendererOpenXR.cpp:7:
C/C++: In file included from /Users/mikevocalz/virocore-rive-panel/android/sharedCode/src/main/cpp/VROSceneRendererOpenXR.h:26:
C/C++: In file included from /Users/mikevocalz/virocore-rive-panel/android/sharedCode/src/main/cpp/VROSceneRenderer.h:35:
C/C++: /Users/mikevocalz/virocore-rive-panel/android/sharedCode/src/main/cpp/VRODriverOpenGLAndroid.h:72:10: warning: 'willRenderFrame' overrides a member function but is not marked 'override' [-Winconsistent-missing-override]
C/C++:    72 |     void willRenderFrame(const VRORenderContext &context) {
C/C++:       |          ^
C/C++: /Users/mikevocalz/virocore-rive-panel/android/sharedCode/../../ViroRenderer/VRODriverOpenGL.h:64:10: note: overridden virtual function is here
C/C++:    64 |     void willRenderFrame(const VRORenderContext &context) {
C/C++:       |          ^
C/C++: In file included from /Users/mikevocalz/virocore-rive-panel/android/sharedCode/src/main/cpp/VROSceneRendererOpenXR.cpp:7:
C/C++: In file included from /Users/mikevocalz/virocore-rive-panel/android/sharedCode/src/main/cpp/VROSceneRendererOpenXR.h:26:
C/C++: In file included from /Users/mikevocalz/virocore-rive-panel/android/sharedCode/src/main/cpp/VROSceneRenderer.h:35:
C/C++: /Users/mikevocalz/virocore-rive-panel/android/sharedCode/src/main/cpp/VRODriverOpenGLAndroid.h:79:10: warning: 'pause' overrides a member function but is not marked 'override' [-Winconsistent-missing-override]
C/C++:    79 |     void pause() {
C/C++:       |          ^
C/C++: /Users/mikevocalz/virocore-rive-panel/android/sharedCode/../../ViroRenderer/VRODriver.h:185:18: note: overridden virtual function is here
C/C++:   185 |     virtual void pause() = 0;
C/C++:       |                  ^
C/C++: In file included from /Users/mikevocalz/virocore-rive-panel/android/sharedCode/src/main/cpp/VROSceneRendererOpenXR.cpp:7:
C/C++: In file included from /Users/mikevocalz/virocore-rive-panel/android/sharedCode/src/main/cpp/VROSceneRendererOpenXR.h:26:
C/C++: In file included from /Users/mikevocalz/virocore-rive-panel/android/sharedCode/src/main/cpp/VROSceneRenderer.h:35:
C/C++: /Users/mikevocalz/virocore-rive-panel/android/sharedCode/src/main/cpp/VRODriverOpenGLAndroid.h:83:10: warning: 'resume' overrides a member function but is not marked 'override' [-Winconsistent-missing-override]
C/C++:    83 |     void resume() {
C/C++:       |          ^
C/C++: /Users/mikevocalz/virocore-rive-panel/android/sharedCode/../../ViroRenderer/VRODriver.h:186:18: note: overridden virtual function is here
C/C++:   186 |     virtual void resume() = 0;
C/C++:       |                  ^
C/C++: In file included from /Users/mikevocalz/virocore-rive-panel/android/sharedCode/src/main/cpp/VROSceneRendererOpenXR.cpp:7:
C/C++: In file included from /Users/mikevocalz/virocore-rive-panel/android/sharedCode/src/main/cpp/VROSceneRendererOpenXR.h:26:
C/C++: In file included from /Users/mikevocalz/virocore-rive-panel/android/sharedCode/src/main/cpp/VROSceneRenderer.h:35:
C/C++: /Users/mikevocalz/virocore-rive-panel/android/sharedCode/src/main/cpp/VRODriverOpenGLAndroid.h:87:43: warning: 'newVideoTextureCache' overrides a member function but is not marked 'override' [-Winconsistent-missing-override]
C/C++:    87 |     std::shared_ptr<VROVideoTextureCache> newVideoTextureCache() {
C/C++:       |                                           ^
C/C++: /Users/mikevocalz/virocore-rive-panel/android/sharedCode/../../ViroRenderer/VRODriver.h:294:51: note: overridden virtual function is here
C/C++:   294 |     virtual std::shared_ptr<VROVideoTextureCache> newVideoTextureCache() = 0;
C/C++:       |                                                   ^
C/C++: In file included from /Users/mikevocalz/virocore-rive-panel/android/sharedCode/src/main/cpp/VROSceneRendererOpenXR.cpp:7:
C/C++: In file included from /Users/mikevocalz/virocore-rive-panel/android/sharedCode/src/main/cpp/VROSceneRendererOpenXR.h:26:
C/C++: In file included from /Users/mikevocalz/virocore-rive-panel/android/sharedCode/src/main/cpp/VROSceneRenderer.h:35:
C/C++: /Users/mikevocalz/virocore-rive-panel/android/sharedCode/src/main/cpp/VRODriverOpenGLAndroid.h:92:31: warning: 'newSound' overrides a member function but is not marked 'override' [-Winconsistent-missing-override]
C/C++:    92 |     std::shared_ptr<VROSound> newSound(std::shared_ptr<VROSoundData> data, VROSoundType type) {
C/C++:       |                               ^
C/C++: /Users/mikevocalz/virocore-rive-panel/android/sharedCode/../../ViroRenderer/VRODriver.h:295:39: note: overridden virtual function is here
C/C++:   295 |     virtual std::shared_ptr<VROSound> newSound(std::shared_ptr<VROSoundData> data, VROSoundType type) = 0;
C/C++:       |                                       ^
C/C++: In file included from /Users/mikevocalz/virocore-rive-panel/android/sharedCode/src/main/cpp/VROSceneRendererOpenXR.cpp:7:
C/C++: In file included from /Users/mikevocalz/virocore-rive-panel/android/sharedCode/src/main/cpp/VROSceneRendererOpenXR.h:26:
C/C++: In file included from /Users/mikevocalz/virocore-rive-panel/android/sharedCode/src/main/cpp/VROSceneRenderer.h:35:
C/C++: /Users/mikevocalz/virocore-rive-panel/android/sharedCode/src/main/cpp/VRODriverOpenGLAndroid.h:96:31: warning: 'newSound' overrides a member function but is not marked 'override' [-Winconsistent-missing-override]
C/C++:    96 |     std::shared_ptr<VROSound> newSound(std::string resource, VROResourceType resourceType, VROSoundType type) {
C/C++:       |                               ^
C/C++: /Users/mikevocalz/virocore-rive-panel/android/sharedCode/../../ViroRenderer/VRODriver.h:296:39: note: overridden virtual function is here
C/C++:   296 |     virtual std::shared_ptr<VROSound> newSound(std::string resource, VROResourceType resourceType, VROSoundType type) = 0;
C/C++:       |                                       ^
C/C++: In file included from /Users/mikevocalz/virocore-rive-panel/android/sharedCode/src/main/cpp/VROSceneRendererOpenXR.cpp:7:
C/C++: In file included from /Users/mikevocalz/virocore-rive-panel/android/sharedCode/src/main/cpp/VROSceneRendererOpenXR.h:26:
C/C++: In file included from /Users/mikevocalz/virocore-rive-panel/android/sharedCode/src/main/cpp/VROSceneRenderer.h:35:
C/C++: /Users/mikevocalz/virocore-rive-panel/android/sharedCode/src/main/cpp/VRODriverOpenGLAndroid.h:100:37: warning: 'newAudioPlayer' overrides a member function but is not marked 'override' [-Winconsistent-missing-override]
C/C++:   100 |     std::shared_ptr<VROAudioPlayer> newAudioPlayer(std::shared_ptr<VROSoundData> data) {
C/C++:       |                                     ^
C/C++: /Users/mikevocalz/virocore-rive-panel/android/sharedCode/../../ViroRenderer/VRODriver.h:297:45: note: overridden virtual function is here
C/C++:   297 |     virtual std::shared_ptr<VROAudioPlayer> newAudioPlayer(std::shared_ptr<VROSoundData> data) = 0;
C/C++:       |                                             ^
C/C++: In file included from /Users/mikevocalz/virocore-rive-panel/android/sharedCode/src/main/cpp/VROSceneRendererOpenXR.cpp:7:
C/C++: In file included from /Users/mikevocalz/virocore-rive-panel/android/sharedCode/src/main/cpp/VROSceneRendererOpenXR.h:26:
C/C++: In file included from /Users/mikevocalz/virocore-rive-panel/android/sharedCode/src/main/cpp/VROSceneRenderer.h:35:
C/C++: /Users/mikevocalz/virocore-rive-panel/android/sharedCode/src/main/cpp/VRODriverOpenGLAndroid.h:104:37: warning: 'newAudioPlayer' overrides a member function but is not marked 'override' [-Winconsistent-missing-override]
C/C++:   104 |     std::shared_ptr<VROAudioPlayer> newAudioPlayer(std::string fileName, bool isLocal) {
C/C++:       |                                     ^
C/C++: /Users/mikevocalz/virocore-rive-panel/android/sharedCode/../../ViroRenderer/VRODriver.h:298:45: note: overridden virtual function is here
C/C++:   298 |     virtual std::shared_ptr<VROAudioPlayer> newAudioPlayer(std::string path, bool isLocal) = 0;
C/C++:       |                                             ^
C/C++: In file included from /Users/mikevocalz/virocore-rive-panel/android/sharedCode/src/main/cpp/VROSceneRendererOpenXR.cpp:7:
C/C++: In file included from /Users/mikevocalz/virocore-rive-panel/android/sharedCode/src/main/cpp/VROSceneRendererOpenXR.h:26:
C/C++: In file included from /Users/mikevocalz/virocore-rive-panel/android/sharedCode/src/main/cpp/VROSceneRenderer.h:35:
C/C++: /Users/mikevocalz/virocore-rive-panel/android/sharedCode/src/main/cpp/VRODriverOpenGLAndroid.h:116:10: warning: 'setSoundRoom' overrides a member function but is not marked 'override' [-Winconsistent-missing-override]
C/C++:   116 |     void setSoundRoom(float sizeX, float sizeY, float sizeZ, std::string wallMaterial,
C/C++:       |          ^
C/C++: /Users/mikevocalz/virocore-rive-panel/android/sharedCode/../../ViroRenderer/VRODriver.h:309:18: note: overridden virtual function is here
C/C++:   309 |     virtual void setSoundRoom(float sizeX, float sizeY, float sizeZ, std::string wallMaterial,
C/C++:       |                  ^
C/C++: In file included from /Users/mikevocalz/virocore-rive-panel/android/sharedCode/src/main/cpp/VROSceneRendererOpenXR.cpp:7:
C/C++: In file included from /Users/mikevocalz/virocore-rive-panel/android/sharedCode/src/main/cpp/VROSceneRendererOpenXR.h:26:
C/C++: In file included from /Users/mikevocalz/virocore-rive-panel/android/sharedCode/src/main/cpp/VROSceneRenderer.h:35:
C/C++: /Users/mikevocalz/virocore-rive-panel/android/sharedCode/src/main/cpp/VRODriverOpenGLAndroid.h:135:44: warning: 'createTypefaceCollection' overrides a member function but is not marked 'override' [-Winconsistent-missing-override]
C/C++:   135 |     std::shared_ptr<VROTypefaceCollection> createTypefaceCollection(std::string typefaceNames, int size, VROFontStyle style,
C/C++:       |                                            ^
C/C++: /Users/mikevocalz/virocore-rive-panel/android/sharedCode/../../ViroRenderer/VRODriverOpenGL.h:628:52: note: overridden virtual function is here
C/C++:   628 |     virtual std::shared_ptr<VROTypefaceCollection> createTypefaceCollection(std::string typefaces, int size, VROFontStyle style,
C/C++:       |                                                    ^
C/C++: In file included from /Users/mikevocalz/virocore-rive-panel/android/sharedCode/src/main/cpp/VROSceneRendererOpenXR.cpp:7:
C/C++: /Users/mikevocalz/virocore-rive-panel/android/sharedCode/src/main/cpp/VROSceneRendererOpenXR.h:71:10: warning: 'initGL' overrides a member function but is not marked 'override' [-Winconsistent-missing-override]
C/C++:    71 |     void initGL()            {}  // OpenXR manages its own context; not used
C/C++:       |          ^
C/C++: /Users/mikevocalz/virocore-rive-panel/android/sharedCode/src/main/cpp/VROSceneRenderer.h:51:18: note: overridden virtual function is here
C/C++:    51 |     virtual void initGL() = 0;
C/C++:       |                  ^
C/C++: In file included from /Users/mikevocalz/virocore-rive-panel/android/sharedCode/src/main/cpp/VROSceneRendererOpenXR.cpp:7:
C/C++: /Users/mikevocalz/virocore-rive-panel/android/sharedCode/src/main/cpp/VROSceneRendererOpenXR.h:72:10: warning: 'onDrawFrame' overrides a member function but is not marked 'override' [-Winconsistent-missing-override]
C/C++:    72 |     void onDrawFrame()       {}  // Render loop runs on dedicated thread; not used
C/C++:       |          ^
C/C++: /Users/mikevocalz/virocore-rive-panel/android/sharedCode/src/main/cpp/VROSceneRenderer.h:56:18: note: overridden virtual function is here
C/C++:    56 |     virtual void onDrawFrame() = 0;
C/C++:       |                  ^
C/C++: In file included from /Users/mikevocalz/virocore-rive-panel/android/sharedCode/src/main/cpp/VROSceneRendererOpenXR.cpp:7:
C/C++: /Users/mikevocalz/virocore-rive-panel/android/sharedCode/src/main/cpp/VROSceneRendererOpenXR.h:73:10: warning: 'onTouchEvent' overrides a member function but is not marked 'override' [-Winconsistent-missing-override]
C/C++:    73 |     void onTouchEvent(int action, float x, float y);
C/C++:       |          ^
C/C++: /Users/mikevocalz/virocore-rive-panel/android/sharedCode/src/main/cpp/VROSceneRenderer.h:61:18: note: overridden virtual function is here
C/C++:    61 |     virtual void onTouchEvent(int action, float xPos, float yPos) = 0;
C/C++:       |                  ^
C/C++: In file included from /Users/mikevocalz/virocore-rive-panel/android/sharedCode/src/main/cpp/VROSceneRendererOpenXR.cpp:7:
C/C++: /Users/mikevocalz/virocore-rive-panel/android/sharedCode/src/main/cpp/VROSceneRendererOpenXR.h:74:10: warning: 'onKeyEvent' overrides a member function but is not marked 'override' [-Winconsistent-missing-override]
C/C++:    74 |     void onKeyEvent(int keyCode, int action);
C/C++:       |          ^
C/C++: /Users/mikevocalz/virocore-rive-panel/android/sharedCode/src/main/cpp/VROSceneRenderer.h:62:18: note: overridden virtual function is here
C/C++:    62 |     virtual void onKeyEvent(int keyCode, int action) = 0;
C/C++:       |                  ^
C/C++: In file included from /Users/mikevocalz/virocore-rive-panel/android/sharedCode/src/main/cpp/VROSceneRendererOpenXR.cpp:7:
C/C++: /Users/mikevocalz/virocore-rive-panel/android/sharedCode/src/main/cpp/VROSceneRendererOpenXR.h:75:10: warning: 'setVRModeEnabled' overrides a member function but is not marked 'override' [-Winconsistent-missing-override]
C/C++:    75 |     void setVRModeEnabled(bool enabled) {}
C/C++:       |          ^
C/C++: /Users/mikevocalz/virocore-rive-panel/android/sharedCode/src/main/cpp/VROSceneRenderer.h:85:18: note: overridden virtual function is here
C/C++:    85 |     virtual void setVRModeEnabled(bool enabled) = 0;
C/C++:       |                  ^
C/C++: In file included from /Users/mikevocalz/virocore-rive-panel/android/sharedCode/src/main/cpp/VROSceneRendererOpenXR.cpp:7:
C/C++: /Users/mikevocalz/virocore-rive-panel/android/sharedCode/src/main/cpp/VROSceneRendererOpenXR.h:100:10: warning: 'onStart' overrides a member function but is not marked 'override' [-Winconsistent-missing-override]
C/C++:   100 |     void onStart();
C/C++:       |          ^
C/C++: /Users/mikevocalz/virocore-rive-panel/android/sharedCode/src/main/cpp/VROSceneRenderer.h:90:18: note: overridden virtual function is here
C/C++:    90 |     virtual void onStart() = 0;
C/C++:       |                  ^
C/C++: In file included from /Users/mikevocalz/virocore-rive-panel/android/sharedCode/src/main/cpp/VROSceneRendererOpenXR.cpp:7:
C/C++: /Users/mikevocalz/virocore-rive-panel/android/sharedCode/src/main/cpp/VROSceneRendererOpenXR.h:101:10: warning: 'onResume' overrides a member function but is not marked 'override' [-Winconsistent-missing-override]
C/C++:   101 |     void onResume();
C/C++:       |          ^
C/C++: /Users/mikevocalz/virocore-rive-panel/android/sharedCode/src/main/cpp/VROSceneRenderer.h:91:18: note: overridden virtual function is here
C/C++:    91 |     virtual void onResume() = 0;
C/C++:       |                  ^
C/C++: In file included from /Users/mikevocalz/virocore-rive-panel/android/sharedCode/src/main/cpp/VROSceneRendererOpenXR.cpp:7:
C/C++: /Users/mikevocalz/virocore-rive-panel/android/sharedCode/src/main/cpp/VROSceneRendererOpenXR.h:102:10: warning: 'onPause' overrides a member function but is not marked 'override' [-Winconsistent-missing-override]
C/C++:   102 |     void onPause();
C/C++:       |          ^
C/C++: /Users/mikevocalz/virocore-rive-panel/android/sharedCode/src/main/cpp/VROSceneRenderer.h:92:18: note: overridden virtual function is here
C/C++:    92 |     virtual void onPause() = 0;
C/C++:       |                  ^
C/C++: In file included from /Users/mikevocalz/virocore-rive-panel/android/sharedCode/src/main/cpp/VROSceneRendererOpenXR.cpp:7:
C/C++: /Users/mikevocalz/virocore-rive-panel/android/sharedCode/src/main/cpp/VROSceneRendererOpenXR.h:103:10: warning: 'onStop' overrides a member function but is not marked 'override' [-Winconsistent-missing-override]
C/C++:   103 |     void onStop();
C/C++:       |          ^
C/C++: /Users/mikevocalz/virocore-rive-panel/android/sharedCode/src/main/cpp/VROSceneRenderer.h:93:18: note: overridden virtual function is here
C/C++:    93 |     virtual void onStop() = 0;
C/C++:       |                  ^
C/C++: In file included from /Users/mikevocalz/virocore-rive-panel/android/sharedCode/src/main/cpp/VROSceneRendererOpenXR.cpp:7:
C/C++: /Users/mikevocalz/virocore-rive-panel/android/sharedCode/src/main/cpp/VROSceneRendererOpenXR.h:104:10: warning: 'onDestroy' overrides a member function but is not marked 'override' [-Winconsistent-missing-override]
C/C++:   104 |     void onDestroy();
C/C++:       |          ^
C/C++: /Users/mikevocalz/virocore-rive-panel/android/sharedCode/src/main/cpp/VROSceneRenderer.h:94:18: note: overridden virtual function is here
C/C++:    94 |     virtual void onDestroy() = 0;
C/C++:       |                  ^
C/C++: In file included from /Users/mikevocalz/virocore-rive-panel/android/sharedCode/src/main/cpp/VROSceneRendererOpenXR.cpp:7:
C/C++: /Users/mikevocalz/virocore-rive-panel/android/sharedCode/src/main/cpp/VROSceneRendererOpenXR.h:105:10: warning: 'onSurfaceCreated' overrides a member function but is not marked 'override' [-Winconsistent-missing-override]
C/C++:   105 |     void onSurfaceCreated(jobject surface)  {}  // OpenXR owns the display surface
C/C++:       |          ^
C/C++: /Users/mikevocalz/virocore-rive-panel/android/sharedCode/src/main/cpp/VROSceneRenderer.h:99:18: note: overridden virtual function is here
C/C++:    99 |     virtual void onSurfaceCreated(jobject surface) = 0;
C/C++:       |                  ^
C/C++: In file included from /Users/mikevocalz/virocore-rive-panel/android/sharedCode/src/main/cpp/VROSceneRendererOpenXR.cpp:7:
C/C++: /Users/mikevocalz/virocore-rive-panel/android/sharedCode/src/main/cpp/VROSceneRendererOpenXR.h:106:10: warning: 'onSurfaceChanged' overrides a member function but is not marked 'override' [-Winconsistent-missing-override]
C/C++:   106 |     void onSurfaceChanged(jobject surface, VRO_INT w, VRO_INT h) {}
C/C++:       |          ^
C/C++: /Users/mikevocalz/virocore-rive-panel/android/sharedCode/src/main/cpp/VROSceneRenderer.h:100:18: note: overridden virtual function is here
C/C++:   100 |     virtual void onSurfaceChanged(jobject surface, VRO_INT width, VRO_INT height) = 0;
C/C++:       |                  ^
C/C++: In file included from /Users/mikevocalz/virocore-rive-panel/android/sharedCode/src/main/cpp/VROSceneRendererOpenXR.cpp:7:
C/C++: /Users/mikevocalz/virocore-rive-panel/android/sharedCode/src/main/cpp/VROSceneRendererOpenXR.h:107:10: warning: 'onSurfaceDestroyed' overrides a member function but is not marked 'override' [-Winconsistent-missing-override]
C/C++:   107 |     void onSurfaceDestroyed() {}
C/C++:       |          ^
C/C++: /Users/mikevocalz/virocore-rive-panel/android/sharedCode/src/main/cpp/VROSceneRenderer.h:101:18: note: overridden virtual function is here
C/C++:   101 |     virtual void onSurfaceDestroyed() = 0;
C/C++:       |                  ^
C/C++: /Users/mikevocalz/virocore-rive-panel/android/sharedCode/src/main/cpp/VROSceneRendererOpenXR.cpp:32:9: warning: 'LOG_TAG' macro redefined [-Wmacro-redefined]
C/C++:    32 | #define LOG_TAG "VRORendererOpenXR"
C/C++:       |         ^
C/C++: /Users/mikevocalz/virocore-rive-panel/android/sharedCode/../../ViroRenderer/VROLog.h:144:9: note: previous definition is here
C/C++:   144 | #define LOG_TAG "Viro"
C/C++:       |         ^
C/C++: 65 warnings generated.
C/C++: In file included from /Users/mikevocalz/virocore-rive-panel/android/sharedCode/src/main/cpp/jni/VROCameraImageListener.cpp:25:
C/C++: In file included from /Users/mikevocalz/virocore-rive-panel/android/sharedCode/../sharedCode/src/main/cpp/arcore/VROARCameraARCore.h:33:
C/C++: In file included from /Users/mikevocalz/virocore-rive-panel/android/sharedCode/../sharedCode/src/main/cpp/arcore/VROARSessionARCore.h:31:
C/C++: /Users/mikevocalz/virocore-rive-panel/android/sharedCode/../sharedCode/src/main/cpp/arcore/VROARFrameARCore.h:45:12: warning: 'getTimestamp' overrides a member function but is not marked 'override' [-Winconsistent-missing-override]
C/C++:    45 |     double getTimestamp() const;
C/C++:       |            ^
C/C++: /Users/mikevocalz/virocore-rive-panel/android/sharedCode/../../ViroRenderer/VROARFrame.h:60:20: note: overridden virtual function is here
C/C++:    60 |     virtual double getTimestamp() const = 0;
C/C++:       |                    ^
C/C++: In file included from /Users/mikevocalz/virocore-rive-panel/android/sharedCode/src/main/cpp/jni/VROCameraImageListener.cpp:25:
C/C++: In file included from /Users/mikevocalz/virocore-rive-panel/android/sharedCode/../sharedCode/src/main/cpp/arcore/VROARCameraARCore.h:33:
C/C++: In file included from /Users/mikevocalz/virocore-rive-panel/android/sharedCode/../sharedCode/src/main/cpp/arcore/VROARSessionARCore.h:31:
C/C++: /Users/mikevocalz/virocore-rive-panel/android/sharedCode/../sharedCode/src/main/cpp/arcore/VROARFrameARCore.h:47:41: warning: 'getCamera' overrides a member function but is not marked 'override' [-Winconsistent-missing-override]
C/C++:    47 |     const std::shared_ptr<VROARCamera> &getCamera() const;
C/C++:       |                                         ^
C/C++: /Users/mikevocalz/virocore-rive-panel/android/sharedCode/../../ViroRenderer/VROARFrame.h:66:49: note: overridden virtual function is here
C/C++:    66 |     virtual const std::shared_ptr<VROARCamera> &getCamera() const = 0;
C/C++:       |                                                 ^
C/C++: In file included from /Users/mikevocalz/virocore-rive-panel/android/sharedCode/src/main/cpp/jni/VROCameraImageListener.cpp:25:
C/C++: In file included from /Users/mikevocalz/virocore-rive-panel/android/sharedCode/../sharedCode/src/main/cpp/arcore/VROARCameraARCore.h:33:
C/C++: In file included from /Users/mikevocalz/virocore-rive-panel/android/sharedCode/../sharedCode/src/main/cpp/arcore/VROARSessionARCore.h:31:
C/C++: /Users/mikevocalz/virocore-rive-panel/android/sharedCode/../sharedCode/src/main/cpp/arcore/VROARFrameARCore.h:48:26: warning: 'getOrientation' overrides a member function but is not marked 'override' [-Winconsistent-missing-override]
C/C++:    48 |     VROCameraOrientation getOrientation() const {
C/C++:       |                          ^
C/C++: /Users/mikevocalz/virocore-rive-panel/android/sharedCode/../../ViroRenderer/VROARFrame.h:71:34: note: overridden virtual function is here
C/C++:    71 |     virtual VROCameraOrientation getOrientation() const = 0;
C/C++:       |                                  ^
C/C++: In file included from /Users/mikevocalz/virocore-rive-panel/android/sharedCode/src/main/cpp/jni/VROCameraImageListener.cpp:25:
C/C++: In file included from /Users/mikevocalz/virocore-rive-panel/android/sharedCode/../sharedCode/src/main/cpp/arcore/VROARCameraARCore.h:33:
C/C++: In file included from /Users/mikevocalz/virocore-rive-panel/android/sharedCode/../sharedCode/src/main/cpp/arcore/VROARSessionARCore.h:31:
C/C++: /Users/mikevocalz/virocore-rive-panel/android/sharedCode/../sharedCode/src/main/cpp/arcore/VROARFrameARCore.h:51:54: warning: 'hitTest' overrides a member function but is not marked 'override' [-Winconsistent-missing-override]
C/C++:    51 |     std::vector<std::shared_ptr<VROARHitTestResult>> hitTest(int x, int y, std::set<VROARHitTestResultType> types);
C/C++:       |                                                      ^
C/C++: /Users/mikevocalz/virocore-rive-panel/android/sharedCode/../../ViroRenderer/VROARFrame.h:78:62: note: overridden virtual function is here
C/C++:    78 |     virtual std::vector<std::shared_ptr<VROARHitTestResult>> hitTest(int x, int y, std::set<VROARHitTestResultType> types) = 0;
C/C++:       |                                                              ^
C/C++: In file included from /Users/mikevocalz/virocore-rive-panel/android/sharedCode/src/main/cpp/jni/VROCameraImageListener.cpp:25:
C/C++: In file included from /Users/mikevocalz/virocore-rive-panel/android/sharedCode/../sharedCode/src/main/cpp/arcore/VROARCameraARCore.h:33:
C/C++: In file included from /Users/mikevocalz/virocore-rive-panel/android/sharedCode/../sharedCode/src/main/cpp/arcore/VROARSessionARCore.h:31:
C/C++: /Users/mikevocalz/virocore-rive-panel/android/sharedCode/../sharedCode/src/main/cpp/arcore/VROARFrameARCore.h:52:54: warning: 'hitTestRay' overrides a member function but is not marked 'override' [-Winconsistent-missing-override]
C/C++:    52 |     std::vector<std::shared_ptr<VROARHitTestResult>> hitTestRay(VROVector3f *origin, VROVector3f *destination , std::set<VROARHitTestResultType> types);
C/C++:       |                                                      ^
C/C++: /Users/mikevocalz/virocore-rive-panel/android/sharedCode/../../ViroRenderer/VROARFrame.h:83:62: note: overridden virtual function is here
C/C++:    83 |     virtual std::vector<std::shared_ptr<VROARHitTestResult>> hitTestRay(VROVector3f *origin,
C/C++:       |                                                              ^
C/C++: In file included from /Users/mikevocalz/virocore-rive-panel/android/sharedCode/src/main/cpp/jni/VROCameraImageListener.cpp:25:
C/C++: In file included from /Users/mikevocalz/virocore-rive-panel/android/sharedCode/../sharedCode/src/main/cpp/arcore/VROARCameraARCore.h:33:
C/C++: In file included from /Users/mikevocalz/virocore-rive-panel/android/sharedCode/../sharedCode/src/main/cpp/arcore/VROARSessionARCore.h:31:
C/C++: /Users/mikevocalz/virocore-rive-panel/android/sharedCode/../sharedCode/src/main/cpp/arcore/VROARFrameARCore.h:53:17: warning: 'getViewportToCameraImageTransform' overrides a member function but is not marked 'override' [-Winconsistent-missing-override]
C/C++:    53 |     VROMatrix4f getViewportToCameraImageTransform() const;
C/C++:       |                 ^
C/C++: /Users/mikevocalz/virocore-rive-panel/android/sharedCode/../../ViroRenderer/VROARFrame.h:99:25: note: overridden virtual function is here
C/C++:    99 |     virtual VROMatrix4f getViewportToCameraImageTransform() const = 0;
C/C++:       |                         ^
C/C++: In file included from /Users/mikevocalz/virocore-rive-panel/android/sharedCode/src/main/cpp/jni/VROCameraImageListener.cpp:25:
C/C++: In file included from /Users/mikevocalz/virocore-rive-panel/android/sharedCode/../sharedCode/src/main/cpp/arcore/VROARCameraARCore.h:33:
C/C++: In file included from /Users/mikevocalz/virocore-rive-panel/android/sharedCode/../sharedCode/src/main/cpp/arcore/VROARSessionARCore.h:31:
C/C++: /Users/mikevocalz/virocore-rive-panel/android/sharedCode/../sharedCode/src/main/cpp/arcore/VROARFrameARCore.h:54:54: warning: 'getAnchors' overrides a member function but is not marked 'override' [-Winconsistent-missing-override]
C/C++:    54 |     const std::vector<std::shared_ptr<VROARAnchor>> &getAnchors() const;
C/C++:       |                                                      ^
C/C++: /Users/mikevocalz/virocore-rive-panel/android/sharedCode/../../ViroRenderer/VROARFrame.h:115:62: note: overridden virtual function is here
C/C++:   115 |     virtual const std::vector<std::shared_ptr<VROARAnchor>> &getAnchors() const = 0;
C/C++:       |                                                              ^
C/C++: In file included from /Users/mikevocalz/virocore-rive-panel/android/sharedCode/src/main/cpp/jni/VROCameraImageListener.cpp:25:
C/C++: In file included from /Users/mikevocalz/virocore-rive-panel/android/sharedCode/../sharedCode/src/main/cpp/arcore/VROARCameraARCore.h:33:
C/C++: In file included from /Users/mikevocalz/virocore-rive-panel/android/sharedCode/../sharedCode/src/main/cpp/arcore/VROARSessionARCore.h:31:
C/C++: /Users/mikevocalz/virocore-rive-panel/android/sharedCode/../sharedCode/src/main/cpp/arcore/VROARFrameARCore.h:56:11: warning: 'getAmbientLightIntensity' overrides a member function but is not marked 'override' [-Winconsistent-missing-override]
C/C++:    56 |     float getAmbientLightIntensity() const;
C/C++:       |           ^
C/C++: /Users/mikevocalz/virocore-rive-panel/android/sharedCode/../../ViroRenderer/VROARFrame.h:104:19: note: overridden virtual function is here
C/C++:   104 |     virtual float getAmbientLightIntensity() const = 0;
C/C++:       |                   ^
C/C++: In file included from /Users/mikevocalz/virocore-rive-panel/android/sharedCode/src/main/cpp/jni/VROCameraImageListener.cpp:25:
C/C++: In file included from /Users/mikevocalz/virocore-rive-panel/android/sharedCode/../sharedCode/src/main/cpp/arcore/VROARCameraARCore.h:33:
C/C++: In file included from /Users/mikevocalz/virocore-rive-panel/android/sharedCode/../sharedCode/src/main/cpp/arcore/VROARSessionARCore.h:31:
C/C++: /Users/mikevocalz/virocore-rive-panel/android/sharedCode/../sharedCode/src/main/cpp/arcore/VROARFrameARCore.h:57:17: warning: 'getAmbientLightColor' overrides a member function but is not marked 'override' [-Winconsistent-missing-override]
C/C++:    57 |     VROVector3f getAmbientLightColor() const;
C/C++:       |                 ^
C/C++: /Users/mikevocalz/virocore-rive-panel/android/sharedCode/../../ViroRenderer/VROARFrame.h:109:25: note: overridden virtual function is here
C/C++:   109 |     virtual VROVector3f getAmbientLightColor() const = 0;
C/C++:       |                         ^
C/C++: In file included from /Users/mikevocalz/virocore-rive-panel/android/sharedCode/src/main/cpp/jni/VROCameraImageListener.cpp:25:
C/C++: In file included from /Users/mikevocalz/virocore-rive-panel/android/sharedCode/../sharedCode/src/main/cpp/arcore/VROARCameraARCore.h:33:
C/C++: In file included from /Users/mikevocalz/virocore-rive-panel/android/sharedCode/../sharedCode/src/main/cpp/arcore/VROARSessionARCore.h:31:
C/C++: /Users/mikevocalz/virocore-rive-panel/android/sharedCode/../sharedCode/src/main/cpp/arcore/VROARFrameARCore.h:66:38: warning: 'getPointCloud' overrides a member function but is not marked 'override' [-Winconsistent-missing-override]
C/C++:    66 |     std::shared_ptr<VROARPointCloud> getPointCloud();
C/C++:       |                                      ^
C/C++: /Users/mikevocalz/virocore-rive-panel/android/sharedCode/../../ViroRenderer/VROARFrame.h:120:46: note: overridden virtual function is here
C/C++:   120 |     virtual std::shared_ptr<VROARPointCloud> getPointCloud() = 0;
C/C++:       |                                              ^
C/C++: In file included from /Users/mikevocalz/virocore-rive-panel/android/sharedCode/src/main/cpp/jni/VROCameraImageListener.cpp:25:
C/C++: In file included from /Users/mikevocalz/virocore-rive-panel/android/sharedCode/../sharedCode/src/main/cpp/arcore/VROARCameraARCore.h:33:
C/C++: /Users/mikevocalz/virocore-rive-panel/android/sharedCode/../sharedCode/src/main/cpp/arcore/VROARSessionARCore.h:62:10: warning: 'setTrackingType' overrides a member function but is not marked 'override' [-Winconsistent-missing-override]
C/C++:    62 |     void setTrackingType(VROTrackingType type) {}
C/C++:       |          ^
C/C++: /Users/mikevocalz/virocore-rive-panel/android/sharedCode/../../ViroRenderer/VROARSession.h:168:18: note: overridden virtual function is here
C/C++:   168 |     virtual void setTrackingType(VROTrackingType trackingType) = 0;
C/C++:       |                  ^
C/C++: In file included from /Users/mikevocalz/virocore-rive-panel/android/sharedCode/src/main/cpp/jni/VROCameraImageListener.cpp:25:
C/C++: In file included from /Users/mikevocalz/virocore-rive-panel/android/sharedCode/../sharedCode/src/main/cpp/arcore/VROARCameraARCore.h:33:
C/C++: /Users/mikevocalz/virocore-rive-panel/android/sharedCode/../sharedCode/src/main/cpp/arcore/VROARSessionARCore.h:63:10: warning: 'run' overrides a member function but is not marked 'override' [-Winconsistent-missing-override]
C/C++:    63 |     void run();
C/C++:       |          ^
C/C++: /Users/mikevocalz/virocore-rive-panel/android/sharedCode/../../ViroRenderer/VROARSession.h:203:18: note: overridden virtual function is here
C/C++:   203 |     virtual void run() = 0;
C/C++:       |                  ^
C/C++: In file included from /Users/mikevocalz/virocore-rive-panel/android/sharedCode/src/main/cpp/jni/VROCameraImageListener.cpp:25:
C/C++: In file included from /Users/mikevocalz/virocore-rive-panel/android/sharedCode/../sharedCode/src/main/cpp/arcore/VROARCameraARCore.h:33:
C/C++: /Users/mikevocalz/virocore-rive-panel/android/sharedCode/../sharedCode/src/main/cpp/arcore/VROARSessionARCore.h:64:10: warning: 'pause' overrides a member function but is not marked 'override' [-Winconsistent-missing-override]
C/C++:    64 |     void pause();
C/C++:       |          ^
C/C++: /Users/mikevocalz/virocore-rive-panel/android/sharedCode/../../ViroRenderer/VROARSession.h:208:18: note: overridden virtual function is here
C/C++:   208 |     virtual void pause() = 0;
C/C++:       |                  ^
C/C++: In file included from /Users/mikevocalz/virocore-rive-panel/android/sharedCode/src/main/cpp/jni/VROCameraImageListener.cpp:25:
C/C++: In file included from /Users/mikevocalz/virocore-rive-panel/android/sharedCode/../sharedCode/src/main/cpp/arcore/VROARCameraARCore.h:33:
C/C++: /Users/mikevocalz/virocore-rive-panel/android/sharedCode/../sharedCode/src/main/cpp/arcore/VROARSessionARCore.h:65:10: warning: 'isReady' overrides a member function but is not marked 'override' [-Winconsistent-missing-override]
C/C++:    65 |     bool isReady() const;
C/C++:       |          ^
C/C++: /Users/mikevocalz/virocore-rive-panel/android/sharedCode/../../ViroRenderer/VROARSession.h:219:18: note: overridden virtual function is here
C/C++:   219 |     virtual bool isReady() const = 0;
C/C++:       |                  ^
C/C++: In file included from /Users/mikevocalz/virocore-rive-panel/android/sharedCode/src/main/cpp/jni/VROCameraImageListener.cpp:25:
C/C++: In file included from /Users/mikevocalz/virocore-rive-panel/android/sharedCode/../sharedCode/src/main/cpp/arcore/VROARCameraARCore.h:33:
C/C++: /Users/mikevocalz/virocore-rive-panel/android/sharedCode/../sharedCode/src/main/cpp/arcore/VROARSessionARCore.h:66:10: warning: 'resetSession' overrides a member function but is not marked 'override' [-Winconsistent-missing-override]
C/C++:    66 |     void resetSession(bool resetTracking, bool removeAnchors);
C/C++:       |          ^
C/C++: /Users/mikevocalz/virocore-rive-panel/android/sharedCode/../../ViroRenderer/VROARSession.h:214:18: note: overridden virtual function is here
C/C++:   214 |     virtual void resetSession(bool resetTracking, bool removeAnchors) = 0;
C/C++:       |                  ^
C/C++: In file included from /Users/mikevocalz/virocore-rive-panel/android/sharedCode/src/main/cpp/jni/VROCameraImageListener.cpp:25:
C/C++: In file included from /Users/mikevocalz/virocore-rive-panel/android/sharedCode/../sharedCode/src/main/cpp/arcore/VROARCameraARCore.h:33:
C/C++: /Users/mikevocalz/virocore-rive-panel/android/sharedCode/../sharedCode/src/main/cpp/arcore/VROARSessionARCore.h:76:10: warning: 'setScene' overrides a member function but is not marked 'override' [-Winconsistent-missing-override]
C/C++:    76 |     void setScene(std::shared_ptr<VROScene> scene);
C/C++:       |          ^
C/C++: /Users/mikevocalz/virocore-rive-panel/android/sharedCode/../../ViroRenderer/VROARSession.h:184:18: note: overridden virtual function is here
C/C++:   184 |     virtual void setScene(std::shared_ptr<VROScene> scene) {
C/C++:       |                  ^
C/C++: In file included from /Users/mikevocalz/virocore-rive-panel/android/sharedCode/src/main/cpp/jni/VROCameraImageListener.cpp:25:
C/C++: In file included from /Users/mikevocalz/virocore-rive-panel/android/sharedCode/../sharedCode/src/main/cpp/arcore/VROARCameraARCore.h:33:
C/C++: /Users/mikevocalz/virocore-rive-panel/android/sharedCode/../sharedCode/src/main/cpp/arcore/VROARSessionARCore.h:77:10: warning: 'setDelegate' overrides a member function but is not marked 'override' [-Winconsistent-missing-override]
C/C++:    77 |     void setDelegate(std::shared_ptr<VROARSessionDelegate> delegate);
C/C++:       |          ^
C/C++: /Users/mikevocalz/virocore-rive-panel/android/sharedCode/../../ViroRenderer/VROARSession.h:195:18: note: overridden virtual function is here
C/C++:   195 |     virtual void setDelegate(std::shared_ptr<VROARSessionDelegate> delegate) {
C/C++:       |                  ^
C/C++: In file included from /Users/mikevocalz/virocore-rive-panel/android/sharedCode/src/main/cpp/jni/VROCameraImageListener.cpp:25:
C/C++: In file included from /Users/mikevocalz/virocore-rive-panel/android/sharedCode/../sharedCode/src/main/cpp/arcore/VROARCameraARCore.h:33:
C/C++: /Users/mikevocalz/virocore-rive-panel/android/sharedCode/../sharedCode/src/main/cpp/arcore/VROARSessionARCore.h:78:10: warning: 'setAnchorDetection' overrides a member function but is not marked 'override' [-Winconsistent-missing-override]
C/C++:    78 |     bool setAnchorDetection(std::set<VROAnchorDetection> types);
C/C++:       |          ^
C/C++: /Users/mikevocalz/virocore-rive-panel/android/sharedCode/../../ViroRenderer/VROARSession.h:225:18: note: overridden virtual function is here
C/C++:   225 |     virtual bool setAnchorDetection(std::set<VROAnchorDetection> types) = 0;
C/C++:       |                  ^
C/C++: In file included from /Users/mikevocalz/virocore-rive-panel/android/sharedCode/src/main/cpp/jni/VROCameraImageListener.cpp:25:
C/C++: In file included from /Users/mikevocalz/virocore-rive-panel/android/sharedCode/../sharedCode/src/main/cpp/arcore/VROARCameraARCore.h:33:
C/C++: /Users/mikevocalz/virocore-rive-panel/android/sharedCode/../sharedCode/src/main/cpp/arcore/VROARSessionARCore.h:79:10: warning: 'setCloudAnchorProvider' overrides a member function but is not marked 'override' [-Winconsistent-missing-override]
C/C++:    79 |     void setCloudAnchorProvider(VROCloudAnchorProvider provider);
C/C++:       |          ^
C/C++: /Users/mikevocalz/virocore-rive-panel/android/sharedCode/../../ViroRenderer/VROARSession.h:230:18: note: overridden virtual function is here
C/C++:   230 |     virtual void setCloudAnchorProvider(VROCloudAnchorProvider provider) = 0;
C/C++:       |                  ^
C/C++: In file included from /Users/mikevocalz/virocore-rive-panel/android/sharedCode/src/main/cpp/jni/VROCameraImageListener.cpp:25:
C/C++: In file included from /Users/mikevocalz/virocore-rive-panel/android/sharedCode/../sharedCode/src/main/cpp/arcore/VROARCameraARCore.h:33:
C/C++: /Users/mikevocalz/virocore-rive-panel/android/sharedCode/../sharedCode/src/main/cpp/arcore/VROARSessionARCore.h:98:10: warning: 'setAutofocus' overrides a member function but is not marked 'override' [-Winconsistent-missing-override]
C/C++:    98 |     void setAutofocus(bool enabled);
C/C++:       |          ^
C/C++: /Users/mikevocalz/virocore-rive-panel/android/sharedCode/../../ViroRenderer/VROARSession.h:246:18: note: overridden virtual function is here
C/C++:   246 |     virtual void setAutofocus(bool enabled) = 0;
C/C++:       |                  ^
C/C++: In file included from /Users/mikevocalz/virocore-rive-panel/android/sharedCode/src/main/cpp/jni/VROCameraImageListener.cpp:25:
C/C++: In file included from /Users/mikevocalz/virocore-rive-panel/android/sharedCode/../sharedCode/src/main/cpp/arcore/VROARCameraARCore.h:33:
C/C++: /Users/mikevocalz/virocore-rive-panel/android/sharedCode/../sharedCode/src/main/cpp/arcore/VROARSessionARCore.h:99:10: warning: 'isCameraAutoFocusEnabled' overrides a member function but is not marked 'override' [-Winconsistent-missing-override]
C/C++:    99 |     bool isCameraAutoFocusEnabled();
C/C++:       |          ^
C/C++: /Users/mikevocalz/virocore-rive-panel/android/sharedCode/../../ViroRenderer/VROARSession.h:251:18: note: overridden virtual function is here
C/C++:   251 |     virtual bool isCameraAutoFocusEnabled() = 0;
C/C++:       |                  ^
C/C++: In file included from /Users/mikevocalz/virocore-rive-panel/android/sharedCode/src/main/cpp/jni/VROCameraImageListener.cpp:25:
C/C++: In file included from /Users/mikevocalz/virocore-rive-panel/android/sharedCode/../sharedCode/src/main/cpp/arcore/VROARCameraARCore.h:33:
C/C++: /Users/mikevocalz/virocore-rive-panel/android/sharedCode/../sharedCode/src/main/cpp/arcore/VROARSessionARCore.h:102:10: warning: 'isSemanticModeEnabled' overrides a member function but is not marked 'override' [-Winconsistent-missing-override]
C/C++:   102 |     bool isSemanticModeEnabled() const { return _semanticMode != arcore::SemanticMode::Disabled; }
C/C++:       |          ^
C/C++: /Users/mikevocalz/virocore-rive-panel/android/sharedCode/../../ViroRenderer/VROARSession.h:796:18: note: overridden virtual function is here
C/C++:   796 |     virtual bool isSemanticModeEnabled() const {
C/C++:       |                  ^
C/C++: In file included from /Users/mikevocalz/virocore-rive-panel/android/sharedCode/src/main/cpp/jni/VROCameraImageListener.cpp:25:
C/C++: In file included from /Users/mikevocalz/virocore-rive-panel/android/sharedCode/../sharedCode/src/main/cpp/arcore/VROARCameraARCore.h:33:
C/C++: /Users/mikevocalz/virocore-rive-panel/android/sharedCode/../sharedCode/src/main/cpp/arcore/VROARSessionARCore.h:108:10: warning: 'loadARImageDatabase' overrides a member function but is not marked 'override' [-Winconsistent-missing-override]
C/C++:   108 |     void loadARImageDatabase(std::shared_ptr<VROARImageDatabase> arImageDatabase);
C/C++:       |          ^
C/C++: /Users/mikevocalz/virocore-rive-panel/android/sharedCode/../../ViroRenderer/VROARSession.h:262:18: note: overridden virtual function is here
C/C++:   262 |     virtual void loadARImageDatabase(std::shared_ptr<VROARImageDatabase> arImageDatabase) = 0;
C/C++:       |                  ^
C/C++: In file included from /Users/mikevocalz/virocore-rive-panel/android/sharedCode/src/main/cpp/jni/VROCameraImageListener.cpp:25:
C/C++: In file included from /Users/mikevocalz/virocore-rive-panel/android/sharedCode/../sharedCode/src/main/cpp/arcore/VROARCameraARCore.h:33:
C/C++: /Users/mikevocalz/virocore-rive-panel/android/sharedCode/../sharedCode/src/main/cpp/arcore/VROARSessionARCore.h:109:10: warning: 'unloadARImageDatabase' overrides a member function but is not marked 'override' [-Winconsistent-missing-override]
C/C++:   109 |     void unloadARImageDatabase();
C/C++:       |          ^
C/C++: /Users/mikevocalz/virocore-rive-panel/android/sharedCode/../../ViroRenderer/VROARSession.h:267:18: note: overridden virtual function is here
C/C++:   267 |     virtual void unloadARImageDatabase() = 0;
C/C++:       |                  ^
C/C++: In file included from /Users/mikevocalz/virocore-rive-panel/android/sharedCode/src/main/cpp/jni/VROCameraImageListener.cpp:25:
C/C++: In file included from /Users/mikevocalz/virocore-rive-panel/android/sharedCode/../sharedCode/src/main/cpp/arcore/VROARCameraARCore.h:33:
C/C++: /Users/mikevocalz/virocore-rive-panel/android/sharedCode/../sharedCode/src/main/cpp/arcore/VROARSessionARCore.h:110:10: warning: 'addARImageTarget' overrides a member function but is not marked 'override' [-Winconsistent-missing-override]
C/C++:   110 |     void addARImageTarget(std::shared_ptr<VROARImageTarget> target);
C/C++:       |          ^
C/C++: /Users/mikevocalz/virocore-rive-panel/android/sharedCode/../../ViroRenderer/VROARSession.h:272:18: note: overridden virtual function is here
C/C++:   272 |     virtual void addARImageTarget(std::shared_ptr<VROARImageTarget> target) = 0;
C/C++:       |                  ^
C/C++: In file included from /Users/mikevocalz/virocore-rive-panel/android/sharedCode/src/main/cpp/jni/VROCameraImageListener.cpp:25:
C/C++: In file included from /Users/mikevocalz/virocore-rive-panel/android/sharedCode/../sharedCode/src/main/cpp/arcore/VROARCameraARCore.h:33:
C/C++: /Users/mikevocalz/virocore-rive-panel/android/sharedCode/../sharedCode/src/main/cpp/arcore/VROARSessionARCore.h:111:10: warning: 'removeARImageTarget' overrides a member function but is not marked 'override' [-Winconsistent-missing-override]
C/C++:   111 |     void removeARImageTarget(std::shared_ptr<VROARImageTarget> target);
C/C++:       |          ^
C/C++: /Users/mikevocalz/virocore-rive-panel/android/sharedCode/../../ViroRenderer/VROARSession.h:279:18: note: overridden virtual function is here
C/C++:   279 |     virtual void removeARImageTarget(std::shared_ptr<VROARImageTarget> target) = 0;
C/C++:       |                  ^
C/C++: In file included from /Users/mikevocalz/virocore-rive-panel/android/sharedCode/src/main/cpp/jni/VROCameraImageListener.cpp:25:
C/C++: In file included from /Users/mikevocalz/virocore-rive-panel/android/sharedCode/../sharedCode/src/main/cpp/arcore/VROARCameraARCore.h:33:
C/C++: /Users/mikevocalz/virocore-rive-panel/android/sharedCode/../sharedCode/src/main/cpp/arcore/VROARSessionARCore.h:113:10: warning: 'addARObjectTarget' overrides a member function but is not marked 'override' [-Winconsistent-missing-override]
C/C++:   113 |     void addARObjectTarget(std::shared_ptr<VROARObjectTarget> target) {
C/C++:       |          ^
C/C++: /Users/mikevocalz/virocore-rive-panel/android/sharedCode/../../ViroRenderer/VROARSession.h:284:18: note: overridden virtual function is here
C/C++:   284 |     virtual void addARObjectTarget(std::shared_ptr<VROARObjectTarget> target) = 0;
C/C++:       |                  ^
C/C++: In file included from /Users/mikevocalz/virocore-rive-panel/android/sharedCode/src/main/cpp/jni/VROCameraImageListener.cpp:25:
C/C++: In file included from /Users/mikevocalz/virocore-rive-panel/android/sharedCode/../sharedCode/src/main/cpp/arcore/VROARCameraARCore.h:33:
C/C++: /Users/mikevocalz/virocore-rive-panel/android/sharedCode/../sharedCode/src/main/cpp/arcore/VROARSessionARCore.h:117:10: warning: 'removeARObjectTarget' overrides a member function but is not marked 'override' [-Winconsistent-missing-override]
C/C++:   117 |     void removeARObjectTarget(std::shared_ptr<VROARObjectTarget> target) {
C/C++:       |          ^
C/C++: /Users/mikevocalz/virocore-rive-panel/android/sharedCode/../../ViroRenderer/VROARSession.h:290:18: note: overridden virtual function is here
C/C++:   290 |     virtual void removeARObjectTarget(std::shared_ptr<VROARObjectTarget> target) = 0;
C/C++:       |                  ^
C/C++: In file included from /Users/mikevocalz/virocore-rive-panel/android/sharedCode/src/main/cpp/jni/VROCameraImageListener.cpp:25:
C/C++: In file included from /Users/mikevocalz/virocore-rive-panel/android/sharedCode/../sharedCode/src/main/cpp/arcore/VROARCameraARCore.h:33:
C/C++: /Users/mikevocalz/virocore-rive-panel/android/sharedCode/../sharedCode/src/main/cpp/arcore/VROARSessionARCore.h:122:10: warning: 'addAnchor' overrides a member function but is not marked 'override' [-Winconsistent-missing-override]
C/C++:   122 |     void addAnchor(std::shared_ptr<VROARAnchor> anchor);
C/C++:       |          ^
C/C++: /Users/mikevocalz/virocore-rive-panel/android/sharedCode/../../ViroRenderer/VROARSession.h:298:18: note: overridden virtual function is here
C/C++:   298 |     virtual void addAnchor(std::shared_ptr<VROARAnchor> anchor) = 0;
C/C++:       |                  ^
C/C++: In file included from /Users/mikevocalz/virocore-rive-panel/android/sharedCode/src/main/cpp/jni/VROCameraImageListener.cpp:25:
C/C++: In file included from /Users/mikevocalz/virocore-rive-panel/android/sharedCode/../sharedCode/src/main/cpp/arcore/VROARCameraARCore.h:33:
C/C++: /Users/mikevocalz/virocore-rive-panel/android/sharedCode/../sharedCode/src/main/cpp/arcore/VROARSessionARCore.h:123:10: warning: 'removeAnchor' overrides a member function but is not marked 'override' [-Winconsistent-missing-override]
C/C++:   123 |     void removeAnchor(std::shared_ptr<VROARAnchor> anchor);
C/C++:       |          ^
C/C++: /Users/mikevocalz/virocore-rive-panel/android/sharedCode/../../ViroRenderer/VROARSession.h:299:18: note: overridden virtual function is here
C/C++:   299 |     virtual void removeAnchor(std::shared_ptr<VROARAnchor> anchor) = 0;
C/C++:       |                  ^
C/C++: In file included from /Users/mikevocalz/virocore-rive-panel/android/sharedCode/src/main/cpp/jni/VROCameraImageListener.cpp:25:
C/C++: In file included from /Users/mikevocalz/virocore-rive-panel/android/sharedCode/../sharedCode/src/main/cpp/arcore/VROARCameraARCore.h:33:
C/C++: /Users/mikevocalz/virocore-rive-panel/android/sharedCode/../sharedCode/src/main/cpp/arcore/VROARSessionARCore.h:124:10: warning: 'updateAnchor' overrides a member function but is not marked 'override' [-Winconsistent-missing-override]
C/C++:   124 |     void updateAnchor(std::shared_ptr<VROARAnchor> anchor);
C/C++:       |          ^
C/C++: /Users/mikevocalz/virocore-rive-panel/android/sharedCode/../../ViroRenderer/VROARSession.h:305:18: note: overridden virtual function is here
C/C++:   305 |     virtual void updateAnchor(std::shared_ptr<VROARAnchor> anchor) = 0;
C/C++:       |                  ^
C/C++: In file included from /Users/mikevocalz/virocore-rive-panel/android/sharedCode/src/main/cpp/jni/VROCameraImageListener.cpp:25:
C/C++: In file included from /Users/mikevocalz/virocore-rive-panel/android/sharedCode/../sharedCode/src/main/cpp/arcore/VROARCameraARCore.h:33:
C/C++: /Users/mikevocalz/virocore-rive-panel/android/sharedCode/../sharedCode/src/main/cpp/arcore/VROARSessionARCore.h:125:10: warning: 'hostCloudAnchor' overrides a member function but is not marked 'override' [-Winconsistent-missing-override]
C/C++:   125 |     void hostCloudAnchor(std::shared_ptr<VROARAnchor> anchor,
C/C++:       |          ^
C/C++: /Users/mikevocalz/virocore-rive-panel/android/sharedCode/../../ViroRenderer/VROARSession.h:315:18: note: overridden virtual function is here
C/C++:   315 |     virtual void hostCloudAnchor(std::shared_ptr<VROARAnchor> anchor,
C/C++:       |                  ^
C/C++: In file included from /Users/mikevocalz/virocore-rive-panel/android/sharedCode/src/main/cpp/jni/VROCameraImageListener.cpp:25:
C/C++: In file included from /Users/mikevocalz/virocore-rive-panel/android/sharedCode/../sharedCode/src/main/cpp/arcore/VROARCameraARCore.h:33:
C/C++: /Users/mikevocalz/virocore-rive-panel/android/sharedCode/../sharedCode/src/main/cpp/arcore/VROARSessionARCore.h:129:10: warning: 'resolveCloudAnchor' overrides a member function but is not marked 'override' [-Winconsistent-missing-override]
C/C++:   129 |     void resolveCloudAnchor(std::string cloudAnchorId,
C/C++:       |          ^
C/C++: /Users/mikevocalz/virocore-rive-panel/android/sharedCode/../../ViroRenderer/VROARSession.h:324:18: note: overridden virtual function is here
C/C++:   324 |     virtual void resolveCloudAnchor(std::string cloudAnchorId,
C/C++:       |                  ^
C/C++: In file included from /Users/mikevocalz/virocore-rive-panel/android/sharedCode/src/main/cpp/jni/VROCameraImageListener.cpp:25:
C/C++: In file included from /Users/mikevocalz/virocore-rive-panel/android/sharedCode/../sharedCode/src/main/cpp/arcore/VROARCameraARCore.h:33:
C/C++: /Users/mikevocalz/virocore-rive-panel/android/sharedCode/../sharedCode/src/main/cpp/arcore/VROARSessionARCore.h:133:34: warning: 'updateFrame' overrides a member function but is not marked 'override' [-Winconsistent-missing-override]
C/C++:   133 |     std::unique_ptr<VROARFrame> &updateFrame();
C/C++:       |                                  ^
C/C++: /Users/mikevocalz/virocore-rive-panel/android/sharedCode/../../ViroRenderer/VROARSession.h:333:42: note: overridden virtual function is here
C/C++:   333 |     virtual std::unique_ptr<VROARFrame> &updateFrame() = 0;
C/C++:       |                                          ^
C/C++: In file included from /Users/mikevocalz/virocore-rive-panel/android/sharedCode/src/main/cpp/jni/VROCameraImageListener.cpp:25:
C/C++: In file included from /Users/mikevocalz/virocore-rive-panel/android/sharedCode/../sharedCode/src/main/cpp/arcore/VROARCameraARCore.h:33:
C/C++: /Users/mikevocalz/virocore-rive-panel/android/sharedCode/../sharedCode/src/main/cpp/arcore/VROARSessionARCore.h:134:34: warning: 'getLastFrame' overrides a member function but is not marked 'override' [-Winconsistent-missing-override]
C/C++:   134 |     std::unique_ptr<VROARFrame> &getLastFrame();
C/C++:       |                                  ^
C/C++: /Users/mikevocalz/virocore-rive-panel/android/sharedCode/../../ViroRenderer/VROARSession.h:338:42: note: overridden virtual function is here
C/C++:   338 |     virtual std::unique_ptr<VROARFrame> &getLastFrame() = 0;
C/C++:       |                                          ^
C/C++: In file included from /Users/mikevocalz/virocore-rive-panel/android/sharedCode/src/main/cpp/jni/VROCameraImageListener.cpp:25:
C/C++: In file included from /Users/mikevocalz/virocore-rive-panel/android/sharedCode/../sharedCode/src/main/cpp/arcore/VROARCameraARCore.h:33:
C/C++: /Users/mikevocalz/virocore-rive-panel/android/sharedCode/../sharedCode/src/main/cpp/arcore/VROARSessionARCore.h:135:33: warning: 'getCameraBackgroundTexture' overrides a member function but is not marked 'override' [-Winconsistent-missing-override]
C/C++:   135 |     std::shared_ptr<VROTexture> getCameraBackgroundTexture();
C/C++:       |                                 ^
C/C++: /Users/mikevocalz/virocore-rive-panel/android/sharedCode/../../ViroRenderer/VROARSession.h:344:41: note: overridden virtual function is here
C/C++:   344 |     virtual std::shared_ptr<VROTexture> getCameraBackgroundTexture() = 0;
C/C++:       |                                         ^
C/C++: In file included from /Users/mikevocalz/virocore-rive-panel/android/sharedCode/src/main/cpp/jni/VROCameraImageListener.cpp:25:
C/C++: In file included from /Users/mikevocalz/virocore-rive-panel/android/sharedCode/../sharedCode/src/main/cpp/arcore/VROARCameraARCore.h:33:
C/C++: /Users/mikevocalz/virocore-rive-panel/android/sharedCode/../sharedCode/src/main/cpp/arcore/VROARSessionARCore.h:137:10: warning: 'setViewport' overrides a member function but is not marked 'override' [-Winconsistent-missing-override]
C/C++:   137 |     void setViewport(VROViewport viewport);
C/C++:       |          ^
C/C++: /Users/mikevocalz/virocore-rive-panel/android/sharedCode/../../ViroRenderer/VROARSession.h:364:18: note: overridden virtual function is here
C/C++:   364 |     virtual void setViewport(VROViewport viewport) = 0;
C/C++:       |                  ^
C/C++: In file included from /Users/mikevocalz/virocore-rive-panel/android/sharedCode/src/main/cpp/jni/VROCameraImageListener.cpp:25:
C/C++: In file included from /Users/mikevocalz/virocore-rive-panel/android/sharedCode/../sharedCode/src/main/cpp/arcore/VROARCameraARCore.h:33:
C/C++: /Users/mikevocalz/virocore-rive-panel/android/sharedCode/../sharedCode/src/main/cpp/arcore/VROARSessionARCore.h:138:10: warning: 'setOrientation' overrides a member function but is not marked 'override' [-Winconsistent-missing-override]
C/C++:   138 |     void setOrientation(VROCameraOrientation orientation);
C/C++:       |          ^
C/C++: /Users/mikevocalz/virocore-rive-panel/android/sharedCode/../../ViroRenderer/VROARSession.h:370:18: note: overridden virtual function is here
C/C++:   370 |     virtual void setOrientation(VROCameraOrientation orientation) = 0;
C/C++:       |                  ^
C/C++: In file included from /Users/mikevocalz/virocore-rive-panel/android/sharedCode/src/main/cpp/jni/VROCameraImageListener.cpp:25:
C/C++: In file included from /Users/mikevocalz/virocore-rive-panel/android/sharedCode/../sharedCode/src/main/cpp/arcore/VROARCameraARCore.h:33:
C/C++: /Users/mikevocalz/virocore-rive-panel/android/sharedCode/../sharedCode/src/main/cpp/arcore/VROARSessionARCore.h:139:10: warning: 'setWorldOrigin' overrides a member function but is not marked 'override' [-Winconsistent-missing-override]
C/C++:   139 |     void setWorldOrigin(VROMatrix4f relativeTransform);
C/C++:       |          ^
C/C++: /Users/mikevocalz/virocore-rive-panel/android/sharedCode/../../ViroRenderer/VROARSession.h:375:18: note: overridden virtual function is here
C/C++:   375 |     virtual void setWorldOrigin(VROMatrix4f relativeTransform) = 0;
C/C++:       |                  ^
C/C++: In file included from /Users/mikevocalz/virocore-rive-panel/android/sharedCode/src/main/cpp/jni/VROCameraImageListener.cpp:25:
C/C++: In file included from /Users/mikevocalz/virocore-rive-panel/android/sharedCode/../sharedCode/src/main/cpp/arcore/VROARCameraARCore.h:33:
C/C++: /Users/mikevocalz/virocore-rive-panel/android/sharedCode/../sharedCode/src/main/cpp/arcore/VROARSessionARCore.h:141:10: warning: 'setNumberOfTrackedImages' overrides a member function but is not marked 'override' [-Winconsistent-missing-override]
C/C++:   141 |     void setNumberOfTrackedImages(int numImages) {
C/C++:       |          ^
C/C++: /Users/mikevocalz/virocore-rive-panel/android/sharedCode/../../ViroRenderer/VROARSession.h:257:18: note: overridden virtual function is here
C/C++:   257 |     virtual void setNumberOfTrackedImages(int numImages) = 0;
C/C++:       |                  ^
C/C++: In file included from /Users/mikevocalz/virocore-rive-panel/android/sharedCode/src/main/cpp/jni/VROCameraImageListener.cpp:25:
C/C++: In file included from /Users/mikevocalz/virocore-rive-panel/android/sharedCode/../sharedCode/src/main/cpp/arcore/VROARCameraARCore.h:33:
C/C++: /Users/mikevocalz/virocore-rive-panel/android/sharedCode/../sharedCode/src/main/cpp/arcore/VROARSessionARCore.h:146:10: warning: 'setVideoQuality' overrides a member function but is not marked 'override' [-Winconsistent-missing-override]
C/C++:   146 |     void setVideoQuality(VROVideoQuality quality) {
C/C++:       |          ^
C/C++: /Users/mikevocalz/virocore-rive-panel/android/sharedCode/../../ViroRenderer/VROARSession.h:380:18: note: overridden virtual function is here
C/C++:   380 |     virtual void setVideoQuality(VROVideoQuality quality) = 0;
C/C++:       |                  ^
C/C++: In file included from /Users/mikevocalz/virocore-rive-panel/android/sharedCode/src/main/cpp/jni/VROCameraImageListener.cpp:25:
C/C++: In file included from /Users/mikevocalz/virocore-rive-panel/android/sharedCode/../sharedCode/src/main/cpp/arcore/VROARCameraARCore.h:33:
C/C++: /Users/mikevocalz/virocore-rive-panel/android/sharedCode/../sharedCode/src/main/cpp/arcore/VROARSessionARCore.h:150:10: warning: 'setVisionModel' overrides a member function but is not marked 'override' [-Winconsistent-missing-override]
C/C++:   150 |     void setVisionModel(std::shared_ptr<VROVisionModel> visionModel) {
C/C++:       |          ^
C/C++: /Users/mikevocalz/virocore-rive-panel/android/sharedCode/../../ViroRenderer/VROARSession.h:386:18: note: overridden virtual function is here
C/C++:   386 |     virtual void setVisionModel(std::shared_ptr<VROVisionModel> visionModel) = 0;
C/C++:       |                  ^
C/C++: In file included from /Users/mikevocalz/virocore-rive-panel/android/sharedCode/src/main/cpp/jni/VROCameraImageListener.cpp:25:
C/C++: In file included from /Users/mikevocalz/virocore-rive-panel/android/sharedCode/../sharedCode/src/main/cpp/arcore/VROARCameraARCore.h:33:
C/C++: /Users/mikevocalz/virocore-rive-panel/android/sharedCode/../sharedCode/src/main/cpp/arcore/VROARSessionARCore.h:534:33: warning: 'getSemanticTexture' overrides a member function but is not marked 'override' [-Winconsistent-missing-override]
C/C++:   534 |     std::shared_ptr<VROTexture> getSemanticTexture() { return _semanticTexture; }
C/C++:       |                                 ^
C/C++: /Users/mikevocalz/virocore-rive-panel/android/sharedCode/../../ViroRenderer/VROARSession.h:351:41: note: overridden virtual function is here
C/C++:   351 |     virtual std::shared_ptr<VROTexture> getSemanticTexture() { return nullptr; }
C/C++:       |                                         ^
C/C++: In file included from /Users/mikevocalz/virocore-rive-panel/android/sharedCode/src/main/cpp/jni/VROCameraImageListener.cpp:27:
C/C++: In file included from /Users/mikevocalz/virocore-rive-panel/android/sharedCode/../sharedCode/src/main/cpp/VROSceneRendererARCore.h:38:
C/C++: In file included from /Users/mikevocalz/virocore-rive-panel/android/sharedCode/../sharedCode/src/main/cpp/VROSceneRenderer.h:35:
C/C++: In file included from /Users/mikevocalz/virocore-rive-panel/android/sharedCode/../sharedCode/src/main/cpp/VRODriverOpenGLAndroid.h:31:
C/C++: In file included from /Users/mikevocalz/virocore-rive-panel/android/sharedCode/../../ViroRenderer/VRODriverOpenGL.h:37:
C/C++: /Users/mikevocalz/virocore-rive-panel/android/sharedCode/../../ViroRenderer/VROMaterialSubstrateOpenGL.h:69:10: warning: 'bindShader' overrides a member function but is not marked 'override' [-Winconsistent-missing-override]
C/C++:    69 |     bool bindShader(int lightsHash,
C/C++:       |          ^
C/C++: /Users/mikevocalz/virocore-rive-panel/android/sharedCode/../../ViroRenderer/VROMaterialSubstrate.h:70:18: note: overridden virtual function is here
C/C++:    70 |     virtual bool bindShader(int lightsHash,
C/C++:       |                  ^
C/C++: In file included from /Users/mikevocalz/virocore-rive-panel/android/sharedCode/src/main/cpp/jni/VROCameraImageListener.cpp:27:
C/C++: In file included from /Users/mikevocalz/virocore-rive-panel/android/sharedCode/../sharedCode/src/main/cpp/VROSceneRendererARCore.h:38:
C/C++: In file included from /Users/mikevocalz/virocore-rive-panel/android/sharedCode/../sharedCode/src/main/cpp/VROSceneRenderer.h:35:
C/C++: In file included from /Users/mikevocalz/virocore-rive-panel/android/sharedCode/../sharedCode/src/main/cpp/VRODriverOpenGLAndroid.h:31:
C/C++: In file included from /Users/mikevocalz/virocore-rive-panel/android/sharedCode/../../ViroRenderer/VRODriverOpenGL.h:37:
C/C++: /Users/mikevocalz/virocore-rive-panel/android/sharedCode/../../ViroRenderer/VROMaterialSubstrateOpenGL.h:79:10: warning: 'bindProperties' overrides a member function but is not marked 'override' [-Winconsistent-missing-override]
C/C++:    79 |     void bindProperties(std::shared_ptr<VRODriver> &driver);
C/C++:       |          ^
C/C++: /Users/mikevocalz/virocore-rive-panel/android/sharedCode/../../ViroRenderer/VROMaterialSubstrate.h:80:18: note: overridden virtual function is here
C/C++:    80 |     virtual void bindProperties(std::shared_ptr<VRODriver> &driver) = 0;
C/C++:       |                  ^
C/C++: In file included from /Users/mikevocalz/virocore-rive-panel/android/sharedCode/src/main/cpp/jni/VROCameraImageListener.cpp:27:
C/C++: In file included from /Users/mikevocalz/virocore-rive-panel/android/sharedCode/../sharedCode/src/main/cpp/VROSceneRendererARCore.h:38:
C/C++: In file included from /Users/mikevocalz/virocore-rive-panel/android/sharedCode/../sharedCode/src/main/cpp/VROSceneRenderer.h:35:
C/C++: In file included from /Users/mikevocalz/virocore-rive-panel/android/sharedCode/../sharedCode/src/main/cpp/VRODriverOpenGLAndroid.h:31:
C/C++: In file included from /Users/mikevocalz/virocore-rive-panel/android/sharedCode/../../ViroRenderer/VRODriverOpenGL.h:37:
C/C++: /Users/mikevocalz/virocore-rive-panel/android/sharedCode/../../ViroRenderer/VROMaterialSubstrateOpenGL.h:86:10: warning: 'bindGeometry' overrides a member function but is not marked 'override' [-Winconsistent-missing-override]
C/C++:    86 |     void bindGeometry(float opacity, const VROGeometry &geometry);
C/C++:       |          ^
C/C++: /Users/mikevocalz/virocore-rive-panel/android/sharedCode/../../ViroRenderer/VROMaterialSubstrate.h:87:18: note: overridden virtual function is here
C/C++:    87 |     virtual void bindGeometry(float opacity, const VROGeometry &geometry) = 0;
C/C++:       |                  ^
C/C++: In file included from /Users/mikevocalz/virocore-rive-panel/android/sharedCode/src/main/cpp/jni/VROCameraImageListener.cpp:27:
C/C++: In file included from /Users/mikevocalz/virocore-rive-panel/android/sharedCode/../sharedCode/src/main/cpp/VROSceneRendererARCore.h:38:
C/C++: In file included from /Users/mikevocalz/virocore-rive-panel/android/sharedCode/../sharedCode/src/main/cpp/VROSceneRenderer.h:35:
C/C++: In file included from /Users/mikevocalz/virocore-rive-panel/android/sharedCode/../sharedCode/src/main/cpp/VRODriverOpenGLAndroid.h:31:
C/C++: In file included from /Users/mikevocalz/virocore-rive-panel/android/sharedCode/../../ViroRenderer/VRODriverOpenGL.h:38:
C/C++: /Users/mikevocalz/virocore-rive-panel/android/sharedCode/../../ViroRenderer/VROTextureSubstrateOpenGL.h:94:10: warning: 'updateWrapMode' overrides a member function but is not marked 'override' [-Winconsistent-missing-override]
C/C++:    94 |     void updateWrapMode(VROWrapMode wrapModeS, VROWrapMode wrapModeT);
C/C++:       |          ^
C/C++: /Users/mikevocalz/virocore-rive-panel/android/sharedCode/../../ViroRenderer/VROTextureSubstrate.h:37:18: note: overridden virtual function is here
C/C++:    37 |     virtual void updateWrapMode(VROWrapMode wrapModeS, VROWrapMode wrapModeT) = 0;
C/C++:       |                  ^
C/C++: In file included from /Users/mikevocalz/virocore-rive-panel/android/sharedCode/src/main/cpp/jni/VROCameraImageListener.cpp:27:
C/C++: In file included from /Users/mikevocalz/virocore-rive-panel/android/sharedCode/../sharedCode/src/main/cpp/VROSceneRendererARCore.h:38:
C/C++: In file included from /Users/mikevocalz/virocore-rive-panel/android/sharedCode/../sharedCode/src/main/cpp/VROSceneRenderer.h:35:
C/C++: In file included from /Users/mikevocalz/virocore-rive-panel/android/sharedCode/../sharedCode/src/main/cpp/VRODriverOpenGLAndroid.h:31:
C/C++: /Users/mikevocalz/virocore-rive-panel/android/sharedCode/../../ViroRenderer/VRODriverOpenGL.h:64:10: warning: 'willRenderFrame' overrides a member function but is not marked 'override' [-Winconsistent-missing-override]
C/C++:    64 |     void willRenderFrame(const VRORenderContext &context) {
C/C++:       |          ^
C/C++: /Users/mikevocalz/virocore-rive-panel/android/sharedCode/../../ViroRenderer/VRODriver.h:172:18: note: overridden virtual function is here
C/C++:   172 |     virtual void willRenderFrame(const VRORenderContext &context) = 0;
C/C++:       |                  ^
C/C++: In file included from /Users/mikevocalz/virocore-rive-panel/android/sharedCode/src/main/cpp/jni/VROCameraImageListener.cpp:27:
C/C++: In file included from /Users/mikevocalz/virocore-rive-panel/android/sharedCode/../sharedCode/src/main/cpp/VROSceneRendererARCore.h:38:
C/C++: In file included from /Users/mikevocalz/virocore-rive-panel/android/sharedCode/../sharedCode/src/main/cpp/VROSceneRenderer.h:35:
C/C++: In file included from /Users/mikevocalz/virocore-rive-panel/android/sharedCode/../sharedCode/src/main/cpp/VRODriverOpenGLAndroid.h:31:
C/C++: /Users/mikevocalz/virocore-rive-panel/android/sharedCode/../../ViroRenderer/VRODriverOpenGL.h:152:10: warning: 'didRenderFrame' overrides a member function but is not marked 'override' [-Winconsistent-missing-override]
C/C++:   152 |     void didRenderFrame(const VROFrameTimer &timer, const VRORenderContext &context) {
C/C++:       |          ^
C/C++: /Users/mikevocalz/virocore-rive-panel/android/sharedCode/../../ViroRenderer/VRODriver.h:173:18: note: overridden virtual function is here
C/C++:   173 |     virtual void didRenderFrame(const VROFrameTimer &timer, const VRORenderContext &context) = 0;
C/C++:       |                  ^
C/C++: In file included from /Users/mikevocalz/virocore-rive-panel/android/sharedCode/src/main/cpp/jni/VROCameraImageListener.cpp:27:
C/C++: In file included from /Users/mikevocalz/virocore-rive-panel/android/sharedCode/../sharedCode/src/main/cpp/VROSceneRendererARCore.h:38:
C/C++: In file included from /Users/mikevocalz/virocore-rive-panel/android/sharedCode/../sharedCode/src/main/cpp/VROSceneRenderer.h:35:
C/C++: In file included from /Users/mikevocalz/virocore-rive-panel/android/sharedCode/../sharedCode/src/main/cpp/VRODriverOpenGLAndroid.h:31:
C/C++: /Users/mikevocalz/virocore-rive-panel/android/sharedCode/../../ViroRenderer/VRODriverOpenGL.h:166:10: warning: 'willRenderEye' overrides a member function but is not marked 'override' [-Winconsistent-missing-override]
C/C++:   166 |     void willRenderEye(const VRORenderContext &context) {
C/C++:       |          ^
C/C++: /Users/mikevocalz/virocore-rive-panel/android/sharedCode/../../ViroRenderer/VRODriver.h:179:18: note: overridden virtual function is here
C/C++:   179 |     virtual void willRenderEye(const VRORenderContext &context) = 0;
C/C++:       |                  ^
C/C++: In file included from /Users/mikevocalz/virocore-rive-panel/android/sharedCode/src/main/cpp/jni/VROCameraImageListener.cpp:27:
C/C++: In file included from /Users/mikevocalz/virocore-rive-panel/android/sharedCode/../sharedCode/src/main/cpp/VROSceneRendererARCore.h:38:
C/C++: In file included from /Users/mikevocalz/virocore-rive-panel/android/sharedCode/../sharedCode/src/main/cpp/VROSceneRenderer.h:35:
C/C++: In file included from /Users/mikevocalz/virocore-rive-panel/android/sharedCode/../sharedCode/src/main/cpp/VRODriverOpenGLAndroid.h:31:
C/C++: /Users/mikevocalz/virocore-rive-panel/android/sharedCode/../../ViroRenderer/VRODriverOpenGL.h:170:10: warning: 'didRenderEye' overrides a member function but is not marked 'override' [-Winconsistent-missing-override]
C/C++:   170 |     void didRenderEye(const VRORenderContext &context) {
C/C++:       |          ^
C/C++: /Users/mikevocalz/virocore-rive-panel/android/sharedCode/../../ViroRenderer/VRODriver.h:180:18: note: overridden virtual function is here
C/C++:   180 |     virtual void didRenderEye(const VRORenderContext &context) = 0;
C/C++:       |                  ^
C/C++: In file included from /Users/mikevocalz/virocore-rive-panel/android/sharedCode/src/main/cpp/jni/VROCameraImageListener.cpp:27:
C/C++: In file included from /Users/mikevocalz/virocore-rive-panel/android/sharedCode/../sharedCode/src/main/cpp/VROSceneRendererARCore.h:38:
C/C++: In file included from /Users/mikevocalz/virocore-rive-panel/android/sharedCode/../sharedCode/src/main/cpp/VROSceneRenderer.h:35:
C/C++: In file included from /Users/mikevocalz/virocore-rive-panel/android/sharedCode/../sharedCode/src/main/cpp/VRODriverOpenGLAndroid.h:31:
C/C++: /Users/mikevocalz/virocore-rive-panel/android/sharedCode/../../ViroRenderer/VRODriverOpenGL.h:181:10: warning: 'setActiveTextureUnit' overrides a member function but is not marked 'override' [-Winconsistent-missing-override]
C/C++:   181 |     void setActiveTextureUnit(int unit) {
C/C++:       |          ^
C/C++: /Users/mikevocalz/virocore-rive-panel/android/sharedCode/../../ViroRenderer/VRODriver.h:212:18: note: overridden virtual function is here
C/C++:   212 |     virtual void setActiveTextureUnit(int unit) = 0;
C/C++:       |                  ^
C/C++: In file included from /Users/mikevocalz/virocore-rive-panel/android/sharedCode/src/main/cpp/jni/VROCameraImageListener.cpp:27:
C/C++: In file included from /Users/mikevocalz/virocore-rive-panel/android/sharedCode/../sharedCode/src/main/cpp/VROSceneRendererARCore.h:38:
C/C++: In file included from /Users/mikevocalz/virocore-rive-panel/android/sharedCode/../sharedCode/src/main/cpp/VROSceneRenderer.h:35:
C/C++: In file included from /Users/mikevocalz/virocore-rive-panel/android/sharedCode/../sharedCode/src/main/cpp/VRODriverOpenGLAndroid.h:31:
C/C++: /Users/mikevocalz/virocore-rive-panel/android/sharedCode/../../ViroRenderer/VRODriverOpenGL.h:197:10: warning: 'bindTexture' overrides a member function but is not marked 'override' [-Winconsistent-missing-override]
C/C++:   197 |     void bindTexture(int target, int texture) {
C/C++:       |          ^
C/C++: /Users/mikevocalz/virocore-rive-panel/android/sharedCode/../../ViroRenderer/VRODriver.h:213:18: note: overridden virtual function is here
C/C++:   213 |     virtual void bindTexture(int target, int texture) = 0;
C/C++:       |                  ^
C/C++: In file included from /Users/mikevocalz/virocore-rive-panel/android/sharedCode/src/main/cpp/jni/VROCameraImageListener.cpp:27:
C/C++: In file included from /Users/mikevocalz/virocore-rive-panel/android/sharedCode/../sharedCode/src/main/cpp/VROSceneRendererARCore.h:38:
C/C++: In file included from /Users/mikevocalz/virocore-rive-panel/android/sharedCode/../sharedCode/src/main/cpp/VROSceneRenderer.h:35:
C/C++: In file included from /Users/mikevocalz/virocore-rive-panel/android/sharedCode/../sharedCode/src/main/cpp/VRODriverOpenGLAndroid.h:31:
C/C++: /Users/mikevocalz/virocore-rive-panel/android/sharedCode/../../ViroRenderer/VRODriverOpenGL.h:204:10: warning: 'bindTexture' overrides a member function but is not marked 'override' [-Winconsistent-missing-override]
C/C++:   204 |     void bindTexture(int unit, int target, int texture) {
C/C++:       |          ^
C/C++: /Users/mikevocalz/virocore-rive-panel/android/sharedCode/../../ViroRenderer/VRODriver.h:214:18: note: overridden virtual function is here
C/C++:   214 |     virtual void bindTexture(int unit, int target, int texture) = 0;
C/C++:       |                  ^
C/C++: In file included from /Users/mikevocalz/virocore-rive-panel/android/sharedCode/src/main/cpp/jni/VROCameraImageListener.cpp:27:
C/C++: In file included from /Users/mikevocalz/virocore-rive-panel/android/sharedCode/../sharedCode/src/main/cpp/VROSceneRendererARCore.h:38:
C/C++: In file included from /Users/mikevocalz/virocore-rive-panel/android/sharedCode/../sharedCode/src/main/cpp/VROSceneRenderer.h:35:
C/C++: In file included from /Users/mikevocalz/virocore-rive-panel/android/sharedCode/../sharedCode/src/main/cpp/VRODriverOpenGLAndroid.h:31:
C/C++: /Users/mikevocalz/virocore-rive-panel/android/sharedCode/../../ViroRenderer/VRODriverOpenGL.h:234:10: warning: 'setDepthWritingEnabled' overrides a member function but is not marked 'override' [-Winconsistent-missing-override]
C/C++:   234 |     void setDepthWritingEnabled(bool enabled) {
C/C++:       |          ^
C/C++: /Users/mikevocalz/virocore-rive-panel/android/sharedCode/../../ViroRenderer/VRODriver.h:215:18: note: overridden virtual function is here
C/C++:   215 |     virtual void setDepthWritingEnabled(bool enabled) = 0;
C/C++:       |                  ^
C/C++: In file included from /Users/mikevocalz/virocore-rive-panel/android/sharedCode/src/main/cpp/jni/VROCameraImageListener.cpp:27:
C/C++: In file included from /Users/mikevocalz/virocore-rive-panel/android/sharedCode/../sharedCode/src/main/cpp/VROSceneRendererARCore.h:38:
C/C++: In file included from /Users/mikevocalz/virocore-rive-panel/android/sharedCode/../sharedCode/src/main/cpp/VROSceneRenderer.h:35:
C/C++: In file included from /Users/mikevocalz/virocore-rive-panel/android/sharedCode/../sharedCode/src/main/cpp/VRODriverOpenGLAndroid.h:31:
C/C++: /Users/mikevocalz/virocore-rive-panel/android/sharedCode/../../ViroRenderer/VRODriverOpenGL.h:248:10: warning: 'setDepthReadingEnabled' overrides a member function but is not marked 'override' [-Winconsistent-missing-override]
C/C++:   248 |     void setDepthReadingEnabled(bool enabled) {
C/C++:       |          ^
C/C++: /Users/mikevocalz/virocore-rive-panel/android/sharedCode/../../ViroRenderer/VRODriver.h:216:18: note: overridden virtual function is here
C/C++:   216 |     virtual void setDepthReadingEnabled(bool enabled) = 0;
C/C++:       |                  ^
C/C++: In file included from /Users/mikevocalz/virocore-rive-panel/android/sharedCode/src/main/cpp/jni/VROCameraImageListener.cpp:27:
C/C++: In file included from /Users/mikevocalz/virocore-rive-panel/android/sharedCode/../sharedCode/src/main/cpp/VROSceneRendererARCore.h:38:
C/C++: In file included from /Users/mikevocalz/virocore-rive-panel/android/sharedCode/../sharedCode/src/main/cpp/VROSceneRenderer.h:35:
C/C++: In file included from /Users/mikevocalz/virocore-rive-panel/android/sharedCode/../sharedCode/src/main/cpp/VRODriverOpenGLAndroid.h:31:
C/C++: /Users/mikevocalz/virocore-rive-panel/android/sharedCode/../../ViroRenderer/VRODriverOpenGL.h:262:10: warning: 'setStencilTestEnabled' overrides a member function but is not marked 'override' [-Winconsistent-missing-override]
C/C++:   262 |     void setStencilTestEnabled(bool enabled) {
C/C++:       |          ^
C/C++: /Users/mikevocalz/virocore-rive-panel/android/sharedCode/../../ViroRenderer/VRODriver.h:217:18: note: overridden virtual function is here
C/C++:   217 |     virtual void setStencilTestEnabled(bool enabled) = 0;
C/C++:       |                  ^
C/C++: In file included from /Users/mikevocalz/virocore-rive-panel/android/sharedCode/src/main/cpp/jni/VROCameraImageListener.cpp:27:
C/C++: In file included from /Users/mikevocalz/virocore-rive-panel/android/sharedCode/../sharedCode/src/main/cpp/VROSceneRendererARCore.h:38:
C/C++: In file included from /Users/mikevocalz/virocore-rive-panel/android/sharedCode/../sharedCode/src/main/cpp/VROSceneRenderer.h:35:
C/C++: In file included from /Users/mikevocalz/virocore-rive-panel/android/sharedCode/../sharedCode/src/main/cpp/VRODriverOpenGLAndroid.h:31:
C/C++: /Users/mikevocalz/virocore-rive-panel/android/sharedCode/../../ViroRenderer/VRODriverOpenGL.h:276:10: warning: 'setCullMode' overrides a member function but is not marked 'override' [-Winconsistent-missing-override]
C/C++:   276 |     void setCullMode(VROCullMode cullMode) {
C/C++:       |          ^
C/C++: /Users/mikevocalz/virocore-rive-panel/android/sharedCode/../../ViroRenderer/VRODriver.h:218:18: note: overridden virtual function is here
C/C++:   218 |     virtual void setCullMode(VROCullMode cullMode) = 0;
C/C++:       |                  ^
C/C++: In file included from /Users/mikevocalz/virocore-rive-panel/android/sharedCode/src/main/cpp/jni/VROCameraImageListener.cpp:27:
C/C++: In file included from /Users/mikevocalz/virocore-rive-panel/android/sharedCode/../sharedCode/src/main/cpp/VROSceneRendererARCore.h:38:
C/C++: In file included from /Users/mikevocalz/virocore-rive-panel/android/sharedCode/../sharedCode/src/main/cpp/VROSceneRenderer.h:35:
C/C++: In file included from /Users/mikevocalz/virocore-rive-panel/android/sharedCode/../sharedCode/src/main/cpp/VRODriverOpenGLAndroid.h:31:
C/C++: /Users/mikevocalz/virocore-rive-panel/android/sharedCode/../../ViroRenderer/VRODriverOpenGL.h:295:10: warning: 'setBlendingMode' overrides a member function but is not marked 'override' [-Winconsistent-missing-override]
C/C++:   295 |     void setBlendingMode(VROBlendMode mode) {
C/C++:       |          ^
C/C++: /Users/mikevocalz/virocore-rive-panel/android/sharedCode/../../ViroRenderer/VRODriver.h:311:18: note: overridden virtual function is here
C/C++:   311 |     virtual void setBlendingMode(VROBlendMode mode) = 0;
C/C++:       |                  ^
C/C++: In file included from /Users/mikevocalz/virocore-rive-panel/android/sharedCode/src/main/cpp/jni/VROCameraImageListener.cpp:27:
C/C++: In file included from /Users/mikevocalz/virocore-rive-panel/android/sharedCode/../sharedCode/src/main/cpp/VROSceneRendererARCore.h:38:
C/C++: In file included from /Users/mikevocalz/virocore-rive-panel/android/sharedCode/../sharedCode/src/main/cpp/VROSceneRenderer.h:35:
C/C++: In file included from /Users/mikevocalz/virocore-rive-panel/android/sharedCode/../sharedCode/src/main/cpp/VRODriverOpenGLAndroid.h:31:
C/C++: /Users/mikevocalz/virocore-rive-panel/android/sharedCode/../../ViroRenderer/VRODriverOpenGL.h:339:10: warning: 'setRenderTargetColorWritingMask' overrides a member function but is not marked 'override' [-Winconsistent-missing-override]
C/C++:   339 |     void setRenderTargetColorWritingMask(VROColorMask mask) {
C/C++:       |          ^
C/C++: /Users/mikevocalz/virocore-rive-panel/android/sharedCode/../../ViroRenderer/VRODriver.h:219:18: note: overridden virtual function is here
C/C++:   219 |     virtual void setRenderTargetColorWritingMask(VROColorMask mask) = 0;
C/C++:       |                  ^
C/C++: In file included from /Users/mikevocalz/virocore-rive-panel/android/sharedCode/src/main/cpp/jni/VROCameraImageListener.cpp:27:
C/C++: In file included from /Users/mikevocalz/virocore-rive-panel/android/sharedCode/../sharedCode/src/main/cpp/VROSceneRendererARCore.h:38:
C/C++: In file included from /Users/mikevocalz/virocore-rive-panel/android/sharedCode/../sharedCode/src/main/cpp/VROSceneRenderer.h:35:
C/C++: In file included from /Users/mikevocalz/virocore-rive-panel/android/sharedCode/../sharedCode/src/main/cpp/VRODriverOpenGLAndroid.h:31:
C/C++: /Users/mikevocalz/virocore-rive-panel/android/sharedCode/../../ViroRenderer/VRODriverOpenGL.h:347:10: warning: 'setMaterialColorWritingMask' overrides a member function but is not marked 'override' [-Winconsistent-missing-override]
C/C++:   347 |     void setMaterialColorWritingMask(VROColorMask mask) {
C/C++:       |          ^
C/C++: /Users/mikevocalz/virocore-rive-panel/android/sharedCode/../../ViroRenderer/VRODriver.h:220:18: note: overridden virtual function is here
C/C++:   220 |     virtual void setMaterialColorWritingMask(VROColorMask mask) = 0;
C/C++:       |                  ^
C/C++: In file included from /Users/mikevocalz/virocore-rive-panel/android/sharedCode/src/main/cpp/jni/VROCameraImageListener.cpp:27:
C/C++: In file included from /Users/mikevocalz/virocore-rive-panel/android/sharedCode/../sharedCode/src/main/cpp/VROSceneRendererARCore.h:38:
C/C++: In file included from /Users/mikevocalz/virocore-rive-panel/android/sharedCode/../sharedCode/src/main/cpp/VROSceneRenderer.h:35:
C/C++: In file included from /Users/mikevocalz/virocore-rive-panel/android/sharedCode/../sharedCode/src/main/cpp/VRODriverOpenGLAndroid.h:31:
C/C++: /Users/mikevocalz/virocore-rive-panel/android/sharedCode/../../ViroRenderer/VRODriverOpenGL.h:355:10: warning: 'bindShader' overrides a member function but is not marked 'override' [-Winconsistent-missing-override]
C/C++:   355 |     void bindShader(std::shared_ptr<VROShaderProgram> program) {
C/C++:       |          ^
C/C++: /Users/mikevocalz/virocore-rive-panel/android/sharedCode/../../ViroRenderer/VRODriver.h:221:18: note: overridden virtual function is here
C/C++:   221 |     virtual void bindShader(std::shared_ptr<VROShaderProgram> program) = 0;
C/C++:       |                  ^
C/C++: In file included from /Users/mikevocalz/virocore-rive-panel/android/sharedCode/src/main/cpp/jni/VROCameraImageListener.cpp:27:
C/C++: In file included from /Users/mikevocalz/virocore-rive-panel/android/sharedCode/../sharedCode/src/main/cpp/VROSceneRendererARCore.h:38:
C/C++: In file included from /Users/mikevocalz/virocore-rive-panel/android/sharedCode/../sharedCode/src/main/cpp/VROSceneRenderer.h:35:
C/C++: In file included from /Users/mikevocalz/virocore-rive-panel/android/sharedCode/../sharedCode/src/main/cpp/VRODriverOpenGLAndroid.h:31:
C/C++: /Users/mikevocalz/virocore-rive-panel/android/sharedCode/../../ViroRenderer/VRODriverOpenGL.h:373:10: warning: 'unbindShader' overrides a member function but is not marked 'override' [-Winconsistent-missing-override]
C/C++:   373 |     void unbindShader() {
C/C++:       |          ^
C/C++: /Users/mikevocalz/virocore-rive-panel/android/sharedCode/../../ViroRenderer/VRODriver.h:222:18: note: overridden virtual function is here
C/C++:   222 |     virtual void unbindShader() = 0;
C/C++:       |                  ^
C/C++: In file included from /Users/mikevocalz/virocore-rive-panel/android/sharedCode/src/main/cpp/jni/VROCameraImageListener.cpp:27:
C/C++: In file included from /Users/mikevocalz/virocore-rive-panel/android/sharedCode/../sharedCode/src/main/cpp/VROSceneRendererARCore.h:38:
C/C++: In file included from /Users/mikevocalz/virocore-rive-panel/android/sharedCode/../sharedCode/src/main/cpp/VROSceneRenderer.h:35:
C/C++: In file included from /Users/mikevocalz/virocore-rive-panel/android/sharedCode/../sharedCode/src/main/cpp/VRODriverOpenGLAndroid.h:31:
C/C++: /Users/mikevocalz/virocore-rive-panel/android/sharedCode/../../ViroRenderer/VRODriverOpenGL.h:381:10: warning: 'bindRenderTarget' overrides a member function but is not marked 'override' [-Winconsistent-missing-override]
C/C++:   381 |     bool bindRenderTarget(std::shared_ptr<VRORenderTarget> target, VRORenderTargetUnbindOp unbindOp) {
C/C++:       |          ^
C/C++: /Users/mikevocalz/virocore-rive-panel/android/sharedCode/../../ViroRenderer/VRODriver.h:229:18: note: overridden virtual function is here
C/C++:   229 |     virtual bool bindRenderTarget(std::shared_ptr<VRORenderTarget> target, VRORenderTargetUnbindOp unbindOp) = 0;
C/C++:       |                  ^
C/C++: In file included from /Users/mikevocalz/virocore-rive-panel/android/sharedCode/src/main/cpp/jni/VROCameraImageListener.cpp:27:
C/C++: In file included from /Users/mikevocalz/virocore-rive-panel/android/sharedCode/../sharedCode/src/main/cpp/VROSceneRendererARCore.h:38:
C/C++: In file included from /Users/mikevocalz/virocore-rive-panel/android/sharedCode/../sharedCode/src/main/cpp/VROSceneRenderer.h:35:
C/C++: In file included from /Users/mikevocalz/virocore-rive-panel/android/sharedCode/../sharedCode/src/main/cpp/VRODriverOpenGLAndroid.h:31:
C/C++: /Users/mikevocalz/virocore-rive-panel/android/sharedCode/../../ViroRenderer/VRODriverOpenGL.h:416:10: warning: 'unbindRenderTarget' overrides a member function but is not marked 'override' [-Winconsistent-missing-override]
C/C++:   416 |     void unbindRenderTarget() {
C/C++:       |          ^
C/C++: /Users/mikevocalz/virocore-rive-panel/android/sharedCode/../../ViroRenderer/VRODriver.h:230:18: note: overridden virtual function is here
C/C++:   230 |     virtual void unbindRenderTarget() = 0;
C/C++:       |                  ^
C/C++: In file included from /Users/mikevocalz/virocore-rive-panel/android/sharedCode/src/main/cpp/jni/VROCameraImageListener.cpp:27:
C/C++: In file included from /Users/mikevocalz/virocore-rive-panel/android/sharedCode/../sharedCode/src/main/cpp/VROSceneRendererARCore.h:38:
C/C++: In file included from /Users/mikevocalz/virocore-rive-panel/android/sharedCode/../sharedCode/src/main/cpp/VROSceneRenderer.h:35:
C/C++: In file included from /Users/mikevocalz/virocore-rive-panel/android/sharedCode/../sharedCode/src/main/cpp/VRODriverOpenGLAndroid.h:31:
C/C++: /Users/mikevocalz/virocore-rive-panel/android/sharedCode/../../ViroRenderer/VRODriverOpenGL.h:424:38: warning: 'getRenderTarget' overrides a member function but is not marked 'override' [-Winconsistent-missing-override]
C/C++:   424 |     std::shared_ptr<VRORenderTarget> getRenderTarget() {
C/C++:       |                                      ^
C/C++: /Users/mikevocalz/virocore-rive-panel/android/sharedCode/../../ViroRenderer/VRODriver.h:236:46: note: overridden virtual function is here
C/C++:   236 |     virtual std::shared_ptr<VRORenderTarget> getRenderTarget() = 0;
C/C++:       |                                              ^
C/C++: In file included from /Users/mikevocalz/virocore-rive-panel/android/sharedCode/src/main/cpp/jni/VROCameraImageListener.cpp:27:
C/C++: In file included from /Users/mikevocalz/virocore-rive-panel/android/sharedCode/../sharedCode/src/main/cpp/VROSceneRendererARCore.h:38:
C/C++: In file included from /Users/mikevocalz/virocore-rive-panel/android/sharedCode/../sharedCode/src/main/cpp/VROSceneRenderer.h:35:
C/C++: In file included from /Users/mikevocalz/virocore-rive-panel/android/sharedCode/../sharedCode/src/main/cpp/VRODriverOpenGLAndroid.h:31:
C/C++: /Users/mikevocalz/virocore-rive-panel/android/sharedCode/../../ViroRenderer/VRODriverOpenGL.h:428:18: warning: 'isBloomSupported' overrides a member function but is not marked 'override' [-Winconsistent-missing-override]
C/C++:   428 |     virtual bool isBloomSupported() {
C/C++:       |                  ^
C/C++: /Users/mikevocalz/virocore-rive-panel/android/sharedCode/../../ViroRenderer/VRODriver.h:267:18: note: overridden virtual function is here
C/C++:   267 |     virtual bool isBloomSupported() = 0;
C/C++:       |                  ^
C/C++: In file included from /Users/mikevocalz/virocore-rive-panel/android/sharedCode/src/main/cpp/jni/VROCameraImageListener.cpp:27:
C/C++: In file included from /Users/mikevocalz/virocore-rive-panel/android/sharedCode/../sharedCode/src/main/cpp/VROSceneRendererARCore.h:38:
C/C++: In file included from /Users/mikevocalz/virocore-rive-panel/android/sharedCode/../sharedCode/src/main/cpp/VROSceneRenderer.h:35:
C/C++: In file included from /Users/mikevocalz/virocore-rive-panel/android/sharedCode/../sharedCode/src/main/cpp/VRODriverOpenGLAndroid.h:31:
C/C++: /Users/mikevocalz/virocore-rive-panel/android/sharedCode/../../ViroRenderer/VRODriverOpenGL.h:432:27: warning: 'newGeometrySubstrate' overrides a member function but is not marked 'override' [-Winconsistent-missing-override]
C/C++:   432 |     VROGeometrySubstrate *newGeometrySubstrate(const VROGeometry &geometry) {
C/C++:       |                           ^
C/C++: /Users/mikevocalz/virocore-rive-panel/android/sharedCode/../../ViroRenderer/VRODriver.h:269:35: note: overridden virtual function is here
C/C++:   269 |     virtual VROGeometrySubstrate *newGeometrySubstrate(const VROGeometry &geometry) = 0;
C/C++:       |                                   ^
C/C++: In file included from /Users/mikevocalz/virocore-rive-panel/android/sharedCode/src/main/cpp/jni/VROCameraImageListener.cpp:27:
C/C++: In file included from /Users/mikevocalz/virocore-rive-panel/android/sharedCode/../sharedCode/src/main/cpp/VROSceneRendererARCore.h:38:
C/C++: In file included from /Users/mikevocalz/virocore-rive-panel/android/sharedCode/../sharedCode/src/main/cpp/VROSceneRenderer.h:35:
C/C++: In file included from /Users/mikevocalz/virocore-rive-panel/android/sharedCode/../sharedCode/src/main/cpp/VRODriverOpenGLAndroid.h:31:
C/C++: /Users/mikevocalz/virocore-rive-panel/android/sharedCode/../../ViroRenderer/VRODriverOpenGL.h:437:27: warning: 'newMaterialSubstrate' overrides a member function but is not marked 'override' [-Winconsistent-missing-override]
C/C++:   437 |     VROMaterialSubstrate *newMaterialSubstrate(VROMaterial &material) {
C/C++:       |                           ^
C/C++: /Users/mikevocalz/virocore-rive-panel/android/sharedCode/../../ViroRenderer/VRODriver.h:270:35: note: overridden virtual function is here
C/C++:   270 |     virtual VROMaterialSubstrate *newMaterialSubstrate(VROMaterial &material) = 0;
C/C++:       |                                   ^
C/C++: In file included from /Users/mikevocalz/virocore-rive-panel/android/sharedCode/src/main/cpp/jni/VROCameraImageListener.cpp:27:
C/C++: In file included from /Users/mikevocalz/virocore-rive-panel/android/sharedCode/../sharedCode/src/main/cpp/VROSceneRendererARCore.h:38:
C/C++: In file included from /Users/mikevocalz/virocore-rive-panel/android/sharedCode/../sharedCode/src/main/cpp/VROSceneRenderer.h:35:
C/C++: In file included from /Users/mikevocalz/virocore-rive-panel/android/sharedCode/../sharedCode/src/main/cpp/VRODriverOpenGLAndroid.h:31:
C/C++: /Users/mikevocalz/virocore-rive-panel/android/sharedCode/../../ViroRenderer/VRODriverOpenGL.h:442:26: warning: 'newTextureSubstrate' overrides a member function but is not marked 'override' [-Winconsistent-missing-override]
C/C++:   442 |     VROTextureSubstrate *newTextureSubstrate(VROTextureType type,
C/C++:       |                          ^
C/C++: /Users/mikevocalz/virocore-rive-panel/android/sharedCode/../../ViroRenderer/VRODriver.h:271:34: note: overridden virtual function is here
C/C++:   271 |     virtual VROTextureSubstrate *newTextureSubstrate(VROTextureType type,
C/C++:       |                                  ^
C/C++: In file included from /Users/mikevocalz/virocore-rive-panel/android/sharedCode/src/main/cpp/jni/VROCameraImageListener.cpp:27:
C/C++: In file included from /Users/mikevocalz/virocore-rive-panel/android/sharedCode/../sharedCode/src/main/cpp/VROSceneRendererARCore.h:38:
C/C++: In file included from /Users/mikevocalz/virocore-rive-panel/android/sharedCode/../sharedCode/src/main/cpp/VROSceneRenderer.h:35:
C/C++: In file included from /Users/mikevocalz/virocore-rive-panel/android/sharedCode/../sharedCode/src/main/cpp/VRODriverOpenGLAndroid.h:31:
C/C++: /Users/mikevocalz/virocore-rive-panel/android/sharedCode/../../ViroRenderer/VRODriverOpenGL.h:457:38: warning: 'newRenderTarget' overrides a member function but is not marked 'override' [-Winconsistent-missing-override]
C/C++:   457 |     std::shared_ptr<VRORenderTarget> newRenderTarget(VRORenderTargetType type, int numAttachments, int numImages, bool enableMipmaps,
C/C++:       |                                      ^
C/C++: /Users/mikevocalz/virocore-rive-panel/android/sharedCode/../../ViroRenderer/VRODriver.h:279:46: note: overridden virtual function is here
C/C++:   279 |     virtual std::shared_ptr<VRORenderTarget> newRenderTarget(VRORenderTargetType type, int numAttachments, int numImages,
C/C++:       |                                              ^
C/C++: In file included from /Users/mikevocalz/virocore-rive-panel/android/sharedCode/src/main/cpp/jni/VROCameraImageListener.cpp:27:
C/C++: In file included from /Users/mikevocalz/virocore-rive-panel/android/sharedCode/../sharedCode/src/main/cpp/VROSceneRendererARCore.h:38:
C/C++: In file included from /Users/mikevocalz/virocore-rive-panel/android/sharedCode/../sharedCode/src/main/cpp/VROSceneRenderer.h:35:
C/C++: In file included from /Users/mikevocalz/virocore-rive-panel/android/sharedCode/../sharedCode/src/main/cpp/VRODriverOpenGLAndroid.h:31:
C/C++: /Users/mikevocalz/virocore-rive-panel/android/sharedCode/../../ViroRenderer/VRODriverOpenGL.h:465:38: warning: 'newVertexBuffer' overrides a member function but is not marked 'override' [-Winconsistent-missing-override]
C/C++:   465 |     std::shared_ptr<VROVertexBuffer> newVertexBuffer(std::shared_ptr<VROData> data) {
C/C++:       |                                      ^
C/C++: /Users/mikevocalz/virocore-rive-panel/android/sharedCode/../../ViroRenderer/VRODriver.h:281:46: note: overridden virtual function is here
C/C++:   281 |     virtual std::shared_ptr<VROVertexBuffer> newVertexBuffer(std::shared_ptr<VROData> data) = 0;
C/C++:       |                                              ^
C/C++: In file included from /Users/mikevocalz/virocore-rive-panel/android/sharedCode/src/main/cpp/jni/VROCameraImageListener.cpp:27:
C/C++: In file included from /Users/mikevocalz/virocore-rive-panel/android/sharedCode/../sharedCode/src/main/cpp/VROSceneRendererARCore.h:38:
C/C++: In file included from /Users/mikevocalz/virocore-rive-panel/android/sharedCode/../sharedCode/src/main/cpp/VROSceneRenderer.h:35:
C/C++: In file included from /Users/mikevocalz/virocore-rive-panel/android/sharedCode/../sharedCode/src/main/cpp/VRODriverOpenGLAndroid.h:31:
C/C++: /Users/mikevocalz/virocore-rive-panel/android/sharedCode/../../ViroRenderer/VRODriverOpenGL.h:476:42: warning: 'newImagePostProcess' overrides a member function but is not marked 'override' [-Winconsistent-missing-override]
C/C++:   476 |     std::shared_ptr<VROImagePostProcess> newImagePostProcess(std::shared_ptr<VROShaderProgram> shader) {
C/C++:       |                                          ^
C/C++: /Users/mikevocalz/virocore-rive-panel/android/sharedCode/../../ViroRenderer/VRODriver.h:293:50: note: overridden virtual function is here
C/C++:   293 |     virtual std::shared_ptr<VROImagePostProcess> newImagePostProcess(std::shared_ptr<VROShaderProgram> shader) = 0;
C/C++:       |                                                  ^
C/C++: In file included from /Users/mikevocalz/virocore-rive-panel/android/sharedCode/src/main/cpp/jni/VROCameraImageListener.cpp:27:
C/C++: In file included from /Users/mikevocalz/virocore-rive-panel/android/sharedCode/../sharedCode/src/main/cpp/VROSceneRendererARCore.h:38:
C/C++: In file included from /Users/mikevocalz/virocore-rive-panel/android/sharedCode/../sharedCode/src/main/cpp/VROSceneRenderer.h:35:
C/C++: In file included from /Users/mikevocalz/virocore-rive-panel/android/sharedCode/../sharedCode/src/main/cpp/VRODriverOpenGLAndroid.h:31:
C/C++: /Users/mikevocalz/virocore-rive-panel/android/sharedCode/../../ViroRenderer/VRODriverOpenGL.h:480:10: warning: 'readGPUType' overrides a member function but is not marked 'override' [-Winconsistent-missing-override]
C/C++:   480 |     void readGPUType() {
C/C++:       |          ^
C/C++: /Users/mikevocalz/virocore-rive-panel/android/sharedCode/../../ViroRenderer/VRODriver.h:193:18: note: overridden virtual function is here
C/C++:   193 |     virtual void readGPUType() = 0;
C/C++:       |                  ^
C/C++: In file included from /Users/mikevocalz/virocore-rive-panel/android/sharedCode/src/main/cpp/jni/VROCameraImageListener.cpp:27:
C/C++: In file included from /Users/mikevocalz/virocore-rive-panel/android/sharedCode/../sharedCode/src/main/cpp/VROSceneRendererARCore.h:38:
C/C++: In file included from /Users/mikevocalz/virocore-rive-panel/android/sharedCode/../sharedCode/src/main/cpp/VROSceneRenderer.h:35:
C/C++: In file included from /Users/mikevocalz/virocore-rive-panel/android/sharedCode/../sharedCode/src/main/cpp/VRODriverOpenGLAndroid.h:31:
C/C++: /Users/mikevocalz/virocore-rive-panel/android/sharedCode/../../ViroRenderer/VRODriverOpenGL.h:507:10: warning: 'setHasSoftwareGammaPass' overrides a member function but is not marked 'override' [-Winconsistent-missing-override]
C/C++:   507 |     void setHasSoftwareGammaPass(bool gammaPass) {
C/C++:       |          ^
C/C++: /Users/mikevocalz/virocore-rive-panel/android/sharedCode/../../ViroRenderer/VRODriver.h:248:18: note: overridden virtual function is here
C/C++:   248 |     virtual void setHasSoftwareGammaPass(bool softwareGamma) = 0;
C/C++:       |                  ^
C/C++: In file included from /Users/mikevocalz/virocore-rive-panel/android/sharedCode/src/main/cpp/jni/VROCameraImageListener.cpp:27:
C/C++: In file included from /Users/mikevocalz/virocore-rive-panel/android/sharedCode/../sharedCode/src/main/cpp/VROSceneRendererARCore.h:38:
C/C++: In file included from /Users/mikevocalz/virocore-rive-panel/android/sharedCode/../sharedCode/src/main/cpp/VROSceneRenderer.h:35:
C/C++: In file included from /Users/mikevocalz/virocore-rive-panel/android/sharedCode/../sharedCode/src/main/cpp/VRODriverOpenGLAndroid.h:31:
C/C++: /Users/mikevocalz/virocore-rive-panel/android/sharedCode/../../ViroRenderer/VRODriverOpenGL.h:510:10: warning: 'hasSoftwareGammaPass' overrides a member function but is not marked 'override' [-Winconsistent-missing-override]
C/C++:   510 |     bool hasSoftwareGammaPass() const {
C/C++:       |          ^
C/C++: /Users/mikevocalz/virocore-rive-panel/android/sharedCode/../../ViroRenderer/VRODriver.h:249:18: note: overridden virtual function is here
C/C++:   249 |     virtual bool hasSoftwareGammaPass() const = 0;
C/C++:       |                  ^
C/C++: In file included from /Users/mikevocalz/virocore-rive-panel/android/sharedCode/src/main/cpp/jni/VROCameraImageListener.cpp:27:
C/C++: In file included from /Users/mikevocalz/virocore-rive-panel/android/sharedCode/../sharedCode/src/main/cpp/VROSceneRendererARCore.h:38:
C/C++: In file included from /Users/mikevocalz/virocore-rive-panel/android/sharedCode/../sharedCode/src/main/cpp/VROSceneRenderer.h:35:
C/C++: In file included from /Users/mikevocalz/virocore-rive-panel/android/sharedCode/../sharedCode/src/main/cpp/VRODriverOpenGLAndroid.h:31:
C/C++: /Users/mikevocalz/virocore-rive-panel/android/sharedCode/../../ViroRenderer/VRODriverOpenGL.h:514:16: warning: 'getGPUType' overrides a member function but is not marked 'override' [-Winconsistent-missing-override]
C/C++:   514 |     VROGPUType getGPUType() {
C/C++:       |                ^
C/C++: /Users/mikevocalz/virocore-rive-panel/android/sharedCode/../../ViroRenderer/VRODriver.h:198:24: note: overridden virtual function is here
C/C++:   198 |     virtual VROGPUType getGPUType() = 0;
C/C++:       |                        ^
C/C++: In file included from /Users/mikevocalz/virocore-rive-panel/android/sharedCode/src/main/cpp/jni/VROCameraImageListener.cpp:27:
C/C++: In file included from /Users/mikevocalz/virocore-rive-panel/android/sharedCode/../sharedCode/src/main/cpp/VROSceneRendererARCore.h:38:
C/C++: In file included from /Users/mikevocalz/virocore-rive-panel/android/sharedCode/../sharedCode/src/main/cpp/VROSceneRenderer.h:35:
C/C++: In file included from /Users/mikevocalz/virocore-rive-panel/android/sharedCode/../sharedCode/src/main/cpp/VRODriverOpenGLAndroid.h:31:
C/C++: /Users/mikevocalz/virocore-rive-panel/android/sharedCode/../../ViroRenderer/VRODriverOpenGL.h:518:10: warning: 'readDisplayFramebuffer' overrides a member function but is not marked 'override' [-Winconsistent-missing-override]
C/C++:   518 |     void readDisplayFramebuffer() {
C/C++:       |          ^
C/C++: /Users/mikevocalz/virocore-rive-panel/android/sharedCode/../../ViroRenderer/VRODriver.h:205:18: note: overridden virtual function is here
C/C++:   205 |     virtual void readDisplayFramebuffer() = 0;
C/C++:       |                  ^
C/C++: In file included from /Users/mikevocalz/virocore-rive-panel/android/sharedCode/src/main/cpp/jni/VROCameraImageListener.cpp:27:
C/C++: In file included from /Users/mikevocalz/virocore-rive-panel/android/sharedCode/../sharedCode/src/main/cpp/VROSceneRendererARCore.h:38:
C/C++: In file included from /Users/mikevocalz/virocore-rive-panel/android/sharedCode/../sharedCode/src/main/cpp/VROSceneRenderer.h:35:
C/C++: In file included from /Users/mikevocalz/virocore-rive-panel/android/sharedCode/../sharedCode/src/main/cpp/VRODriverOpenGLAndroid.h:31:
C/C++: /Users/mikevocalz/virocore-rive-panel/android/sharedCode/../../ViroRenderer/VRODriverOpenGL.h:522:46: warning: 'getDisplay' overrides a member function but is not marked 'override' [-Winconsistent-missing-override]
C/C++:   522 |     virtual std::shared_ptr<VRORenderTarget> getDisplay() {
C/C++:       |                                              ^
C/C++: /Users/mikevocalz/virocore-rive-panel/android/sharedCode/../../ViroRenderer/VRODriver.h:292:46: note: overridden virtual function is here
C/C++:   292 |     virtual std::shared_ptr<VRORenderTarget> getDisplay() = 0;
C/C++:       |                                              ^
C/C++: In file included from /Users/mikevocalz/virocore-rive-panel/android/sharedCode/src/main/cpp/jni/VROCameraImageListener.cpp:27:
C/C++: In file included from /Users/mikevocalz/virocore-rive-panel/android/sharedCode/../sharedCode/src/main/cpp/VROSceneRendererARCore.h:38:
C/C++: In file included from /Users/mikevocalz/virocore-rive-panel/android/sharedCode/../sharedCode/src/main/cpp/VROSceneRenderer.h:35:
C/C++: In file included from /Users/mikevocalz/virocore-rive-panel/android/sharedCode/../sharedCode/src/main/cpp/VRODriverOpenGLAndroid.h:31:
C/C++: /Users/mikevocalz/virocore-rive-panel/android/sharedCode/../../ViroRenderer/VRODriverOpenGL.h:556:44: warning: 'newTypefaceCollection' overrides a member function but is not marked 'override' [-Winconsistent-missing-override]
C/C++:   556 |     std::shared_ptr<VROTypefaceCollection> newTypefaceCollection(std::string typefaces, int size, VROFontStyle style,
C/C++:       |                                            ^
C/C++: /Users/mikevocalz/virocore-rive-panel/android/sharedCode/../../ViroRenderer/VRODriver.h:308:52: note: overridden virtual function is here
C/C++:   308 |     virtual std::shared_ptr<VROTypefaceCollection> newTypefaceCollection(std::string typefaces, int size, VROFontStyle style, VROFontWeight weight) = 0;
C/C++:       |                                                    ^
C/C++: In file included from /Users/mikevocalz/virocore-rive-panel/android/sharedCode/src/main/cpp/jni/VROCameraImageListener.cpp:27:
C/C++: In file included from /Users/mikevocalz/virocore-rive-panel/android/sharedCode/../sharedCode/src/main/cpp/VROSceneRendererARCore.h:38:
C/C++: In file included from /Users/mikevocalz/virocore-rive-panel/android/sharedCode/../sharedCode/src/main/cpp/VROSceneRenderer.h:35:
C/C++: In file included from /Users/mikevocalz/virocore-rive-panel/android/sharedCode/../sharedCode/src/main/cpp/VRODriverOpenGLAndroid.h:31:
C/C++: /Users/mikevocalz/virocore-rive-panel/android/sharedCode/../../ViroRenderer/VRODriverOpenGL.h:580:40: warning: 'getFrameScheduler' overrides a member function but is not marked 'override' [-Winconsistent-missing-override]
C/C++:   580 |     std::shared_ptr<VROFrameScheduler> getFrameScheduler() {
C/C++:       |                                        ^
C/C++: /Users/mikevocalz/virocore-rive-panel/android/sharedCode/../../ViroRenderer/VRODriver.h:313:48: note: overridden virtual function is here
C/C++:   313 |     virtual std::shared_ptr<VROFrameScheduler> getFrameScheduler() = 0;
C/C++:       |                                                ^
C/C++: In file included from /Users/mikevocalz/virocore-rive-panel/android/sharedCode/src/main/cpp/jni/VROCameraImageListener.cpp:27:
C/C++: In file included from /Users/mikevocalz/virocore-rive-panel/android/sharedCode/../sharedCode/src/main/cpp/VROSceneRendererARCore.h:38:
C/C++: In file included from /Users/mikevocalz/virocore-rive-panel/android/sharedCode/../sharedCode/src/main/cpp/VROSceneRenderer.h:35:
C/C++: In file included from /Users/mikevocalz/virocore-rive-panel/android/sharedCode/../sharedCode/src/main/cpp/VRODriverOpenGLAndroid.h:31:
C/C++: /Users/mikevocalz/virocore-rive-panel/android/sharedCode/../../ViroRenderer/VRODriverOpenGL.h:635:19: warning: 'getGraphicsContext' overrides a member function but is not marked 'override' [-Winconsistent-missing-override]
C/C++:   635 |     virtual void *getGraphicsContext() { return nullptr; }
C/C++:       |                   ^
C/C++: /Users/mikevocalz/virocore-rive-panel/android/sharedCode/../../ViroRenderer/VRODriver.h:314:19: note: overridden virtual function is here
C/C++:   314 |     virtual void *getGraphicsContext() = 0;
C/C++:       |                   ^
C/C++: In file included from /Users/mikevocalz/virocore-rive-panel/android/sharedCode/src/main/cpp/jni/VROCameraImageListener.cpp:27:
C/C++: In file included from /Users/mikevocalz/virocore-rive-panel/android/sharedCode/../sharedCode/src/main/cpp/VROSceneRendererARCore.h:38:
C/C++: In file included from /Users/mikevocalz/virocore-rive-panel/android/sharedCode/../sharedCode/src/main/cpp/VROSceneRenderer.h:35:
C/C++: /Users/mikevocalz/virocore-rive-panel/android/sharedCode/../sharedCode/src/main/cpp/VRODriverOpenGLAndroid.h:49:35: warning: 'getColorRenderingMode' overrides a member function but is not marked 'override' [-Winconsistent-missing-override]
C/C++:    49 |     virtual VROColorRenderingMode getColorRenderingMode() {
C/C++:       |                                   ^
C/C++: /Users/mikevocalz/virocore-rive-panel/android/sharedCode/../../ViroRenderer/VRODriver.h:242:35: note: overridden virtual function is here
C/C++:   242 |     virtual VROColorRenderingMode getColorRenderingMode() = 0;
C/C++:       |                                   ^
C/C++: In file included from /Users/mikevocalz/virocore-rive-panel/android/sharedCode/src/main/cpp/jni/VROCameraImageListener.cpp:27:
C/C++: In file included from /Users/mikevocalz/virocore-rive-panel/android/sharedCode/../sharedCode/src/main/cpp/VROSceneRendererARCore.h:38:
C/C++: In file included from /Users/mikevocalz/virocore-rive-panel/android/sharedCode/../sharedCode/src/main/cpp/VROSceneRenderer.h:35:
C/C++: /Users/mikevocalz/virocore-rive-panel/android/sharedCode/../sharedCode/src/main/cpp/VRODriverOpenGLAndroid.h:63:18: warning: 'isBloomSupported' overrides a member function but is not marked 'override' [-Winconsistent-missing-override]
C/C++:    63 |     virtual bool isBloomSupported() {
C/C++:       |                  ^
C/C++: /Users/mikevocalz/virocore-rive-panel/android/sharedCode/../../ViroRenderer/VRODriverOpenGL.h:428:18: note: overridden virtual function is here
C/C++:   428 |     virtual bool isBloomSupported() {
C/C++:       |                  ^
C/C++: In file included from /Users/mikevocalz/virocore-rive-panel/android/sharedCode/src/main/cpp/jni/VROCameraImageListener.cpp:27:
C/C++: In file included from /Users/mikevocalz/virocore-rive-panel/android/sharedCode/../sharedCode/src/main/cpp/VROSceneRendererARCore.h:38:
C/C++: In file included from /Users/mikevocalz/virocore-rive-panel/android/sharedCode/../sharedCode/src/main/cpp/VROSceneRenderer.h:35:
C/C++: /Users/mikevocalz/virocore-rive-panel/android/sharedCode/../sharedCode/src/main/cpp/VRODriverOpenGLAndroid.h:72:10: warning: 'willRenderFrame' overrides a member function but is not marked 'override' [-Winconsistent-missing-override]
C/C++:    72 |     void willRenderFrame(const VRORenderContext &context) {
C/C++:       |          ^
C/C++: /Users/mikevocalz/virocore-rive-panel/android/sharedCode/../../ViroRenderer/VRODriverOpenGL.h:64:10: note: overridden virtual function is here
C/C++:    64 |     void willRenderFrame(const VRORenderContext &context) {
C/C++:       |          ^
C/C++: In file included from /Users/mikevocalz/virocore-rive-panel/android/sharedCode/src/main/cpp/jni/VROCameraImageListener.cpp:27:
C/C++: In file included from /Users/mikevocalz/virocore-rive-panel/android/sharedCode/../sharedCode/src/main/cpp/VROSceneRendererARCore.h:38:
C/C++: In file included from /Users/mikevocalz/virocore-rive-panel/android/sharedCode/../sharedCode/src/main/cpp/VROSceneRenderer.h:35:
C/C++: /Users/mikevocalz/virocore-rive-panel/android/sharedCode/../sharedCode/src/main/cpp/VRODriverOpenGLAndroid.h:79:10: warning: 'pause' overrides a member function but is not marked 'override' [-Winconsistent-missing-override]
C/C++:    79 |     void pause() {
C/C++:       |          ^
C/C++: /Users/mikevocalz/virocore-rive-panel/android/sharedCode/../../ViroRenderer/VRODriver.h:185:18: note: overridden virtual function is here
C/C++:   185 |     virtual void pause() = 0;
C/C++:       |                  ^
C/C++: In file included from /Users/mikevocalz/virocore-rive-panel/android/sharedCode/src/main/cpp/jni/VROCameraImageListener.cpp:27:
C/C++: In file included from /Users/mikevocalz/virocore-rive-panel/android/sharedCode/../sharedCode/src/main/cpp/VROSceneRendererARCore.h:38:
C/C++: In file included from /Users/mikevocalz/virocore-rive-panel/android/sharedCode/../sharedCode/src/main/cpp/VROSceneRenderer.h:35:
C/C++: /Users/mikevocalz/virocore-rive-panel/android/sharedCode/../sharedCode/src/main/cpp/VRODriverOpenGLAndroid.h:83:10: warning: 'resume' overrides a member function but is not marked 'override' [-Winconsistent-missing-override]
C/C++:    83 |     void resume() {
C/C++:       |          ^
C/C++: /Users/mikevocalz/virocore-rive-panel/android/sharedCode/../../ViroRenderer/VRODriver.h:186:18: note: overridden virtual function is here
C/C++:   186 |     virtual void resume() = 0;
C/C++:       |                  ^
C/C++: In file included from /Users/mikevocalz/virocore-rive-panel/android/sharedCode/src/main/cpp/jni/VROCameraImageListener.cpp:27:
C/C++: In file included from /Users/mikevocalz/virocore-rive-panel/android/sharedCode/../sharedCode/src/main/cpp/VROSceneRendererARCore.h:38:
C/C++: In file included from /Users/mikevocalz/virocore-rive-panel/android/sharedCode/../sharedCode/src/main/cpp/VROSceneRenderer.h:35:
C/C++: /Users/mikevocalz/virocore-rive-panel/android/sharedCode/../sharedCode/src/main/cpp/VRODriverOpenGLAndroid.h:87:43: warning: 'newVideoTextureCache' overrides a member function but is not marked 'override' [-Winconsistent-missing-override]
C/C++:    87 |     std::shared_ptr<VROVideoTextureCache> newVideoTextureCache() {
C/C++:       |                                           ^
C/C++: /Users/mikevocalz/virocore-rive-panel/android/sharedCode/../../ViroRenderer/VRODriver.h:294:51: note: overridden virtual function is here
C/C++:   294 |     virtual std::shared_ptr<VROVideoTextureCache> newVideoTextureCache() = 0;
C/C++:       |                                                   ^
C/C++: In file included from /Users/mikevocalz/virocore-rive-panel/android/sharedCode/src/main/cpp/jni/VROCameraImageListener.cpp:27:
C/C++: In file included from /Users/mikevocalz/virocore-rive-panel/android/sharedCode/../sharedCode/src/main/cpp/VROSceneRendererARCore.h:38:
C/C++: In file included from /Users/mikevocalz/virocore-rive-panel/android/sharedCode/../sharedCode/src/main/cpp/VROSceneRenderer.h:35:
C/C++: /Users/mikevocalz/virocore-rive-panel/android/sharedCode/../sharedCode/src/main/cpp/VRODriverOpenGLAndroid.h:92:31: warning: 'newSound' overrides a member function but is not marked 'override' [-Winconsistent-missing-override]
C/C++:    92 |     std::shared_ptr<VROSound> newSound(std::shared_ptr<VROSoundData> data, VROSoundType type) {
C/C++:       |                               ^
C/C++: /Users/mikevocalz/virocore-rive-panel/android/sharedCode/../../ViroRenderer/VRODriver.h:295:39: note: overridden virtual function is here
C/C++:   295 |     virtual std::shared_ptr<VROSound> newSound(std::shared_ptr<VROSoundData> data, VROSoundType type) = 0;
C/C++:       |                                       ^
C/C++: In file included from /Users/mikevocalz/virocore-rive-panel/android/sharedCode/src/main/cpp/jni/VROCameraImageListener.cpp:27:
C/C++: In file included from /Users/mikevocalz/virocore-rive-panel/android/sharedCode/../sharedCode/src/main/cpp/VROSceneRendererARCore.h:38:
C/C++: In file included from /Users/mikevocalz/virocore-rive-panel/android/sharedCode/../sharedCode/src/main/cpp/VROSceneRenderer.h:35:
C/C++: /Users/mikevocalz/virocore-rive-panel/android/sharedCode/../sharedCode/src/main/cpp/VRODriverOpenGLAndroid.h:96:31: warning: 'newSound' overrides a member function but is not marked 'override' [-Winconsistent-missing-override]
C/C++:    96 |     std::shared_ptr<VROSound> newSound(std::string resource, VROResourceType resourceType, VROSoundType type) {
C/C++:       |                               ^
C/C++: /Users/mikevocalz/virocore-rive-panel/android/sharedCode/../../ViroRenderer/VRODriver.h:296:39: note: overridden virtual function is here
C/C++:   296 |     virtual std::shared_ptr<VROSound> newSound(std::string resource, VROResourceType resourceType, VROSoundType type) = 0;
C/C++:       |                                       ^
C/C++: In file included from /Users/mikevocalz/virocore-rive-panel/android/sharedCode/src/main/cpp/jni/VROCameraImageListener.cpp:27:
C/C++: In file included from /Users/mikevocalz/virocore-rive-panel/android/sharedCode/../sharedCode/src/main/cpp/VROSceneRendererARCore.h:38:
C/C++: In file included from /Users/mikevocalz/virocore-rive-panel/android/sharedCode/../sharedCode/src/main/cpp/VROSceneRenderer.h:35:
C/C++: /Users/mikevocalz/virocore-rive-panel/android/sharedCode/../sharedCode/src/main/cpp/VRODriverOpenGLAndroid.h:100:37: warning: 'newAudioPlayer' overrides a member function but is not marked 'override' [-Winconsistent-missing-override]
C/C++:   100 |     std::shared_ptr<VROAudioPlayer> newAudioPlayer(std::shared_ptr<VROSoundData> data) {
C/C++:       |                                     ^
C/C++: /Users/mikevocalz/virocore-rive-panel/android/sharedCode/../../ViroRenderer/VRODriver.h:297:45: note: overridden virtual function is here
C/C++:   297 |     virtual std::shared_ptr<VROAudioPlayer> newAudioPlayer(std::shared_ptr<VROSoundData> data) = 0;
C/C++:       |                                             ^
C/C++: In file included from /Users/mikevocalz/virocore-rive-panel/android/sharedCode/src/main/cpp/jni/VROCameraImageListener.cpp:27:
C/C++: In file included from /Users/mikevocalz/virocore-rive-panel/android/sharedCode/../sharedCode/src/main/cpp/VROSceneRendererARCore.h:38:
C/C++: In file included from /Users/mikevocalz/virocore-rive-panel/android/sharedCode/../sharedCode/src/main/cpp/VROSceneRenderer.h:35:
C/C++: /Users/mikevocalz/virocore-rive-panel/android/sharedCode/../sharedCode/src/main/cpp/VRODriverOpenGLAndroid.h:104:37: warning: 'newAudioPlayer' overrides a member function but is not marked 'override' [-Winconsistent-missing-override]
C/C++:   104 |     std::shared_ptr<VROAudioPlayer> newAudioPlayer(std::string fileName, bool isLocal) {
C/C++:       |                                     ^
C/C++: /Users/mikevocalz/virocore-rive-panel/android/sharedCode/../../ViroRenderer/VRODriver.h:298:45: note: overridden virtual function is here
C/C++:   298 |     virtual std::shared_ptr<VROAudioPlayer> newAudioPlayer(std::string path, bool isLocal) = 0;
C/C++:       |                                             ^
C/C++: In file included from /Users/mikevocalz/virocore-rive-panel/android/sharedCode/src/main/cpp/jni/VROCameraImageListener.cpp:27:
C/C++: In file included from /Users/mikevocalz/virocore-rive-panel/android/sharedCode/../sharedCode/src/main/cpp/VROSceneRendererARCore.h:38:
C/C++: In file included from /Users/mikevocalz/virocore-rive-panel/android/sharedCode/../sharedCode/src/main/cpp/VROSceneRenderer.h:35:
C/C++: /Users/mikevocalz/virocore-rive-panel/android/sharedCode/../sharedCode/src/main/cpp/VRODriverOpenGLAndroid.h:116:10: warning: 'setSoundRoom' overrides a member function but is not marked 'override' [-Winconsistent-missing-override]
C/C++:   116 |     void setSoundRoom(float sizeX, float sizeY, float sizeZ, std::string wallMaterial,
C/C++:       |          ^
C/C++: /Users/mikevocalz/virocore-rive-panel/android/sharedCode/../../ViroRenderer/VRODriver.h:309:18: note: overridden virtual function is here
C/C++:   309 |     virtual void setSoundRoom(float sizeX, float sizeY, float sizeZ, std::string wallMaterial,
C/C++:       |                  ^
C/C++: In file included from /Users/mikevocalz/virocore-rive-panel/android/sharedCode/src/main/cpp/jni/VROCameraImageListener.cpp:27:
C/C++: In file included from /Users/mikevocalz/virocore-rive-panel/android/sharedCode/../sharedCode/src/main/cpp/VROSceneRendererARCore.h:38:
C/C++: In file included from /Users/mikevocalz/virocore-rive-panel/android/sharedCode/../sharedCode/src/main/cpp/VROSceneRenderer.h:35:
C/C++: /Users/mikevocalz/virocore-rive-panel/android/sharedCode/../sharedCode/src/main/cpp/VRODriverOpenGLAndroid.h:135:44: warning: 'createTypefaceCollection' overrides a member function but is not marked 'override' [-Winconsistent-missing-override]
C/C++:   135 |     std::shared_ptr<VROTypefaceCollection> createTypefaceCollection(std::string typefaceNames, int size, VROFontStyle style,
C/C++:       |                                            ^
C/C++: /Users/mikevocalz/virocore-rive-panel/android/sharedCode/../../ViroRenderer/VRODriverOpenGL.h:628:52: note: overridden virtual function is here
C/C++:   628 |     virtual std::shared_ptr<VROTypefaceCollection> createTypefaceCollection(std::string typefaces, int size, VROFontStyle style,
C/C++:       |                                                    ^
C/C++: 94 warnings generated.
C/C++: In file included from /Users/mikevocalz/virocore-rive-panel/android/sharedCode/src/main/cpp/jni/MediaRecorder_JNI.cpp:27:
C/C++: In file included from /Users/mikevocalz/virocore-rive-panel/android/sharedCode/src/main/cpp/jni/VRORenderer_JNI.h:30:
C/C++: In file included from /Users/mikevocalz/virocore-rive-panel/android/sharedCode/../sharedCode/src/main/cpp/VROSceneRenderer.h:35:
C/C++: In file included from /Users/mikevocalz/virocore-rive-panel/android/sharedCode/../sharedCode/src/main/cpp/VRODriverOpenGLAndroid.h:31:
C/C++: In file included from /Users/mikevocalz/virocore-rive-panel/android/sharedCode/../../ViroRenderer/VRODriverOpenGL.h:37:
C/C++: /Users/mikevocalz/virocore-rive-panel/android/sharedCode/../../ViroRenderer/VROMaterialSubstrateOpenGL.h:69:10: warning: 'bindShader' overrides a member function but is not marked 'override' [-Winconsistent-missing-override]
C/C++:    69 |     bool bindShader(int lightsHash,
C/C++:       |          ^
C/C++: /Users/mikevocalz/virocore-rive-panel/android/sharedCode/../../ViroRenderer/VROMaterialSubstrate.h:70:18: note: overridden virtual function is here
C/C++:    70 |     virtual bool bindShader(int lightsHash,
C/C++:       |                  ^
C/C++: In file included from /Users/mikevocalz/virocore-rive-panel/android/sharedCode/src/main/cpp/jni/MediaRecorder_JNI.cpp:27:
C/C++: In file included from /Users/mikevocalz/virocore-rive-panel/android/sharedCode/src/main/cpp/jni/VRORenderer_JNI.h:30:
C/C++: In file included from /Users/mikevocalz/virocore-rive-panel/android/sharedCode/../sharedCode/src/main/cpp/VROSceneRenderer.h:35:
C/C++: In file included from /Users/mikevocalz/virocore-rive-panel/android/sharedCode/../sharedCode/src/main/cpp/VRODriverOpenGLAndroid.h:31:
C/C++: In file included from /Users/mikevocalz/virocore-rive-panel/android/sharedCode/../../ViroRenderer/VRODriverOpenGL.h:37:
C/C++: /Users/mikevocalz/virocore-rive-panel/android/sharedCode/../../ViroRenderer/VROMaterialSubstrateOpenGL.h:79:10: warning: 'bindProperties' overrides a member function but is not marked 'override' [-Winconsistent-missing-override]
C/C++:    79 |     void bindProperties(std::shared_ptr<VRODriver> &driver);
C/C++:       |          ^
C/C++: /Users/mikevocalz/virocore-rive-panel/android/sharedCode/../../ViroRenderer/VROMaterialSubstrate.h:80:18: note: overridden virtual function is here
C/C++:    80 |     virtual void bindProperties(std::shared_ptr<VRODriver> &driver) = 0;
C/C++:       |                  ^
C/C++: In file included from /Users/mikevocalz/virocore-rive-panel/android/sharedCode/src/main/cpp/jni/MediaRecorder_JNI.cpp:27:
C/C++: In file included from /Users/mikevocalz/virocore-rive-panel/android/sharedCode/src/main/cpp/jni/VRORenderer_JNI.h:30:
C/C++: In file included from /Users/mikevocalz/virocore-rive-panel/android/sharedCode/../sharedCode/src/main/cpp/VROSceneRenderer.h:35:
C/C++: In file included from /Users/mikevocalz/virocore-rive-panel/android/sharedCode/../sharedCode/src/main/cpp/VRODriverOpenGLAndroid.h:31:
C/C++: In file included from /Users/mikevocalz/virocore-rive-panel/android/sharedCode/../../ViroRenderer/VRODriverOpenGL.h:37:
C/C++: /Users/mikevocalz/virocore-rive-panel/android/sharedCode/../../ViroRenderer/VROMaterialSubstrateOpenGL.h:86:10: warning: 'bindGeometry' overrides a member function but is not marked 'override' [-Winconsistent-missing-override]
C/C++:    86 |     void bindGeometry(float opacity, const VROGeometry &geometry);
C/C++:       |          ^
C/C++: /Users/mikevocalz/virocore-rive-panel/android/sharedCode/../../ViroRenderer/VROMaterialSubstrate.h:87:18: note: overridden virtual function is here
C/C++:    87 |     virtual void bindGeometry(float opacity, const VROGeometry &geometry) = 0;
C/C++:       |                  ^
C/C++: In file included from /Users/mikevocalz/virocore-rive-panel/android/sharedCode/src/main/cpp/jni/MediaRecorder_JNI.cpp:27:
C/C++: In file included from /Users/mikevocalz/virocore-rive-panel/android/sharedCode/src/main/cpp/jni/VRORenderer_JNI.h:30:
C/C++: In file included from /Users/mikevocalz/virocore-rive-panel/android/sharedCode/../sharedCode/src/main/cpp/VROSceneRenderer.h:35:
C/C++: In file included from /Users/mikevocalz/virocore-rive-panel/android/sharedCode/../sharedCode/src/main/cpp/VRODriverOpenGLAndroid.h:31:
C/C++: In file included from /Users/mikevocalz/virocore-rive-panel/android/sharedCode/../../ViroRenderer/VRODriverOpenGL.h:38:
C/C++: /Users/mikevocalz/virocore-rive-panel/android/sharedCode/../../ViroRenderer/VROTextureSubstrateOpenGL.h:94:10: warning: 'updateWrapMode' overrides a member function but is not marked 'override' [-Winconsistent-missing-override]
C/C++:    94 |     void updateWrapMode(VROWrapMode wrapModeS, VROWrapMode wrapModeT);
C/C++:       |          ^
C/C++: /Users/mikevocalz/virocore-rive-panel/android/sharedCode/../../ViroRenderer/VROTextureSubstrate.h:37:18: note: overridden virtual function is here
C/C++:    37 |     virtual void updateWrapMode(VROWrapMode wrapModeS, VROWrapMode wrapModeT) = 0;
C/C++:       |                  ^
C/C++: In file included from /Users/mikevocalz/virocore-rive-panel/android/sharedCode/src/main/cpp/jni/MediaRecorder_JNI.cpp:27:
C/C++: In file included from /Users/mikevocalz/virocore-rive-panel/android/sharedCode/src/main/cpp/jni/VRORenderer_JNI.h:30:
C/C++: In file included from /Users/mikevocalz/virocore-rive-panel/android/sharedCode/../sharedCode/src/main/cpp/VROSceneRenderer.h:35:
C/C++: In file included from /Users/mikevocalz/virocore-rive-panel/android/sharedCode/../sharedCode/src/main/cpp/VRODriverOpenGLAndroid.h:31:
C/C++: /Users/mikevocalz/virocore-rive-panel/android/sharedCode/../../ViroRenderer/VRODriverOpenGL.h:64:10: warning: 'willRenderFrame' overrides a member function but is not marked 'override' [-Winconsistent-missing-override]
C/C++:    64 |     void willRenderFrame(const VRORenderContext &context) {
C/C++:       |          ^
C/C++: /Users/mikevocalz/virocore-rive-panel/android/sharedCode/../../ViroRenderer/VRODriver.h:172:18: note: overridden virtual function is here
C/C++:   172 |     virtual void willRenderFrame(const VRORenderContext &context) = 0;
C/C++:       |                  ^
C/C++: In file included from /Users/mikevocalz/virocore-rive-panel/android/sharedCode/src/main/cpp/jni/MediaRecorder_JNI.cpp:27:
C/C++: In file included from /Users/mikevocalz/virocore-rive-panel/android/sharedCode/src/main/cpp/jni/VRORenderer_JNI.h:30:
C/C++: In file included from /Users/mikevocalz/virocore-rive-panel/android/sharedCode/../sharedCode/src/main/cpp/VROSceneRenderer.h:35:
C/C++: In file included from /Users/mikevocalz/virocore-rive-panel/android/sharedCode/../sharedCode/src/main/cpp/VRODriverOpenGLAndroid.h:31:
C/C++: /Users/mikevocalz/virocore-rive-panel/android/sharedCode/../../ViroRenderer/VRODriverOpenGL.h:152:10: warning: 'didRenderFrame' overrides a member function but is not marked 'override' [-Winconsistent-missing-override]
C/C++:   152 |     void didRenderFrame(const VROFrameTimer &timer, const VRORenderContext &context) {
C/C++:       |          ^
C/C++: /Users/mikevocalz/virocore-rive-panel/android/sharedCode/../../ViroRenderer/VRODriver.h:173:18: note: overridden virtual function is here
C/C++:   173 |     virtual void didRenderFrame(const VROFrameTimer &timer, const VRORenderContext &context) = 0;
C/C++:       |                  ^
C/C++: In file included from /Users/mikevocalz/virocore-rive-panel/android/sharedCode/src/main/cpp/jni/MediaRecorder_JNI.cpp:27:
C/C++: In file included from /Users/mikevocalz/virocore-rive-panel/android/sharedCode/src/main/cpp/jni/VRORenderer_JNI.h:30:
C/C++: In file included from /Users/mikevocalz/virocore-rive-panel/android/sharedCode/../sharedCode/src/main/cpp/VROSceneRenderer.h:35:
C/C++: In file included from /Users/mikevocalz/virocore-rive-panel/android/sharedCode/../sharedCode/src/main/cpp/VRODriverOpenGLAndroid.h:31:
C/C++: /Users/mikevocalz/virocore-rive-panel/android/sharedCode/../../ViroRenderer/VRODriverOpenGL.h:166:10: warning: 'willRenderEye' overrides a member function but is not marked 'override' [-Winconsistent-missing-override]
C/C++:   166 |     void willRenderEye(const VRORenderContext &context) {
C/C++:       |          ^
C/C++: /Users/mikevocalz/virocore-rive-panel/android/sharedCode/../../ViroRenderer/VRODriver.h:179:18: note: overridden virtual function is here
C/C++:   179 |     virtual void willRenderEye(const VRORenderContext &context) = 0;
C/C++:       |                  ^
C/C++: In file included from /Users/mikevocalz/virocore-rive-panel/android/sharedCode/src/main/cpp/jni/MediaRecorder_JNI.cpp:27:
C/C++: In file included from /Users/mikevocalz/virocore-rive-panel/android/sharedCode/src/main/cpp/jni/VRORenderer_JNI.h:30:
C/C++: In file included from /Users/mikevocalz/virocore-rive-panel/android/sharedCode/../sharedCode/src/main/cpp/VROSceneRenderer.h:35:
C/C++: In file included from /Users/mikevocalz/virocore-rive-panel/android/sharedCode/../sharedCode/src/main/cpp/VRODriverOpenGLAndroid.h:31:
C/C++: /Users/mikevocalz/virocore-rive-panel/android/sharedCode/../../ViroRenderer/VRODriverOpenGL.h:170:10: warning: 'didRenderEye' overrides a member function but is not marked 'override' [-Winconsistent-missing-override]
C/C++:   170 |     void didRenderEye(const VRORenderContext &context) {
C/C++:       |          ^
C/C++: /Users/mikevocalz/virocore-rive-panel/android/sharedCode/../../ViroRenderer/VRODriver.h:180:18: note: overridden virtual function is here
C/C++:   180 |     virtual void didRenderEye(const VRORenderContext &context) = 0;
C/C++:       |                  ^
C/C++: In file included from /Users/mikevocalz/virocore-rive-panel/android/sharedCode/src/main/cpp/jni/MediaRecorder_JNI.cpp:27:
C/C++: In file included from /Users/mikevocalz/virocore-rive-panel/android/sharedCode/src/main/cpp/jni/VRORenderer_JNI.h:30:
C/C++: In file included from /Users/mikevocalz/virocore-rive-panel/android/sharedCode/../sharedCode/src/main/cpp/VROSceneRenderer.h:35:
C/C++: In file included from /Users/mikevocalz/virocore-rive-panel/android/sharedCode/../sharedCode/src/main/cpp/VRODriverOpenGLAndroid.h:31:
C/C++: /Users/mikevocalz/virocore-rive-panel/android/sharedCode/../../ViroRenderer/VRODriverOpenGL.h:181:10: warning: 'setActiveTextureUnit' overrides a member function but is not marked 'override' [-Winconsistent-missing-override]
C/C++:   181 |     void setActiveTextureUnit(int unit) {
C/C++:       |          ^
C/C++: /Users/mikevocalz/virocore-rive-panel/android/sharedCode/../../ViroRenderer/VRODriver.h:212:18: note: overridden virtual function is here
C/C++:   212 |     virtual void setActiveTextureUnit(int unit) = 0;
C/C++:       |                  ^
C/C++: In file included from /Users/mikevocalz/virocore-rive-panel/android/sharedCode/src/main/cpp/jni/MediaRecorder_JNI.cpp:27:
C/C++: In file included from /Users/mikevocalz/virocore-rive-panel/android/sharedCode/src/main/cpp/jni/VRORenderer_JNI.h:30:
C/C++: In file included from /Users/mikevocalz/virocore-rive-panel/android/sharedCode/../sharedCode/src/main/cpp/VROSceneRenderer.h:35:
C/C++: In file included from /Users/mikevocalz/virocore-rive-panel/android/sharedCode/../sharedCode/src/main/cpp/VRODriverOpenGLAndroid.h:31:
C/C++: /Users/mikevocalz/virocore-rive-panel/android/sharedCode/../../ViroRenderer/VRODriverOpenGL.h:197:10: warning: 'bindTexture' overrides a member function but is not marked 'override' [-Winconsistent-missing-override]
C/C++:   197 |     void bindTexture(int target, int texture) {
C/C++:       |          ^
C/C++: /Users/mikevocalz/virocore-rive-panel/android/sharedCode/../../ViroRenderer/VRODriver.h:213:18: note: overridden virtual function is here
C/C++:   213 |     virtual void bindTexture(int target, int texture) = 0;
C/C++:       |                  ^
C/C++: In file included from /Users/mikevocalz/virocore-rive-panel/android/sharedCode/src/main/cpp/jni/MediaRecorder_JNI.cpp:27:
C/C++: In file included from /Users/mikevocalz/virocore-rive-panel/android/sharedCode/src/main/cpp/jni/VRORenderer_JNI.h:30:
C/C++: In file included from /Users/mikevocalz/virocore-rive-panel/android/sharedCode/../sharedCode/src/main/cpp/VROSceneRenderer.h:35:
C/C++: In file included from /Users/mikevocalz/virocore-rive-panel/android/sharedCode/../sharedCode/src/main/cpp/VRODriverOpenGLAndroid.h:31:
C/C++: /Users/mikevocalz/virocore-rive-panel/android/sharedCode/../../ViroRenderer/VRODriverOpenGL.h:204:10: warning: 'bindTexture' overrides a member function but is not marked 'override' [-Winconsistent-missing-override]
C/C++:   204 |     void bindTexture(int unit, int target, int texture) {
C/C++:       |          ^
C/C++: /Users/mikevocalz/virocore-rive-panel/android/sharedCode/../../ViroRenderer/VRODriver.h:214:18: note: overridden virtual function is here
C/C++:   214 |     virtual void bindTexture(int unit, int target, int texture) = 0;
C/C++:       |                  ^
C/C++: In file included from /Users/mikevocalz/virocore-rive-panel/android/sharedCode/src/main/cpp/jni/MediaRecorder_JNI.cpp:27:
C/C++: In file included from /Users/mikevocalz/virocore-rive-panel/android/sharedCode/src/main/cpp/jni/VRORenderer_JNI.h:30:
C/C++: In file included from /Users/mikevocalz/virocore-rive-panel/android/sharedCode/../sharedCode/src/main/cpp/VROSceneRenderer.h:35:
C/C++: In file included from /Users/mikevocalz/virocore-rive-panel/android/sharedCode/../sharedCode/src/main/cpp/VRODriverOpenGLAndroid.h:31:
C/C++: /Users/mikevocalz/virocore-rive-panel/android/sharedCode/../../ViroRenderer/VRODriverOpenGL.h:234:10: warning: 'setDepthWritingEnabled' overrides a member function but is not marked 'override' [-Winconsistent-missing-override]
C/C++:   234 |     void setDepthWritingEnabled(bool enabled) {
C/C++:       |          ^
C/C++: /Users/mikevocalz/virocore-rive-panel/android/sharedCode/../../ViroRenderer/VRODriver.h:215:18: note: overridden virtual function is here
C/C++:   215 |     virtual void setDepthWritingEnabled(bool enabled) = 0;
C/C++:       |                  ^
C/C++: In file included from /Users/mikevocalz/virocore-rive-panel/android/sharedCode/src/main/cpp/jni/MediaRecorder_JNI.cpp:27:
C/C++: In file included from /Users/mikevocalz/virocore-rive-panel/android/sharedCode/src/main/cpp/jni/VRORenderer_JNI.h:30:
C/C++: In file included from /Users/mikevocalz/virocore-rive-panel/android/sharedCode/../sharedCode/src/main/cpp/VROSceneRenderer.h:35:
C/C++: In file included from /Users/mikevocalz/virocore-rive-panel/android/sharedCode/../sharedCode/src/main/cpp/VRODriverOpenGLAndroid.h:31:
C/C++: /Users/mikevocalz/virocore-rive-panel/android/sharedCode/../../ViroRenderer/VRODriverOpenGL.h:248:10: warning: 'setDepthReadingEnabled' overrides a member function but is not marked 'override' [-Winconsistent-missing-override]
C/C++:   248 |     void setDepthReadingEnabled(bool enabled) {
C/C++:       |          ^
C/C++: /Users/mikevocalz/virocore-rive-panel/android/sharedCode/../../ViroRenderer/VRODriver.h:216:18: note: overridden virtual function is here
C/C++:   216 |     virtual void setDepthReadingEnabled(bool enabled) = 0;
C/C++:       |                  ^
C/C++: In file included from /Users/mikevocalz/virocore-rive-panel/android/sharedCode/src/main/cpp/jni/MediaRecorder_JNI.cpp:27:
C/C++: In file included from /Users/mikevocalz/virocore-rive-panel/android/sharedCode/src/main/cpp/jni/VRORenderer_JNI.h:30:
C/C++: In file included from /Users/mikevocalz/virocore-rive-panel/android/sharedCode/../sharedCode/src/main/cpp/VROSceneRenderer.h:35:
C/C++: In file included from /Users/mikevocalz/virocore-rive-panel/android/sharedCode/../sharedCode/src/main/cpp/VRODriverOpenGLAndroid.h:31:
C/C++: /Users/mikevocalz/virocore-rive-panel/android/sharedCode/../../ViroRenderer/VRODriverOpenGL.h:262:10: warning: 'setStencilTestEnabled' overrides a member function but is not marked 'override' [-Winconsistent-missing-override]
C/C++:   262 |     void setStencilTestEnabled(bool enabled) {
C/C++:       |          ^
C/C++: /Users/mikevocalz/virocore-rive-panel/android/sharedCode/../../ViroRenderer/VRODriver.h:217:18: note: overridden virtual function is here
C/C++:   217 |     virtual void setStencilTestEnabled(bool enabled) = 0;
C/C++:       |                  ^
C/C++: In file included from /Users/mikevocalz/virocore-rive-panel/android/sharedCode/src/main/cpp/jni/MediaRecorder_JNI.cpp:27:
C/C++: In file included from /Users/mikevocalz/virocore-rive-panel/android/sharedCode/src/main/cpp/jni/VRORenderer_JNI.h:30:
C/C++: In file included from /Users/mikevocalz/virocore-rive-panel/android/sharedCode/../sharedCode/src/main/cpp/VROSceneRenderer.h:35:
C/C++: In file included from /Users/mikevocalz/virocore-rive-panel/android/sharedCode/../sharedCode/src/main/cpp/VRODriverOpenGLAndroid.h:31:
C/C++: /Users/mikevocalz/virocore-rive-panel/android/sharedCode/../../ViroRenderer/VRODriverOpenGL.h:276:10: warning: 'setCullMode' overrides a member function but is not marked 'override' [-Winconsistent-missing-override]
C/C++:   276 |     void setCullMode(VROCullMode cullMode) {
C/C++:       |          ^
C/C++: /Users/mikevocalz/virocore-rive-panel/android/sharedCode/../../ViroRenderer/VRODriver.h:218:18: note: overridden virtual function is here
C/C++:   218 |     virtual void setCullMode(VROCullMode cullMode) = 0;
C/C++:       |                  ^
C/C++: In file included from /Users/mikevocalz/virocore-rive-panel/android/sharedCode/src/main/cpp/jni/MediaRecorder_JNI.cpp:27:
C/C++: In file included from /Users/mikevocalz/virocore-rive-panel/android/sharedCode/src/main/cpp/jni/VRORenderer_JNI.h:30:
C/C++: In file included from /Users/mikevocalz/virocore-rive-panel/android/sharedCode/../sharedCode/src/main/cpp/VROSceneRenderer.h:35:
C/C++: In file included from /Users/mikevocalz/virocore-rive-panel/android/sharedCode/../sharedCode/src/main/cpp/VRODriverOpenGLAndroid.h:31:
C/C++: /Users/mikevocalz/virocore-rive-panel/android/sharedCode/../../ViroRenderer/VRODriverOpenGL.h:295:10: warning: 'setBlendingMode' overrides a member function but is not marked 'override' [-Winconsistent-missing-override]
C/C++:   295 |     void setBlendingMode(VROBlendMode mode) {
C/C++:       |          ^
C/C++: /Users/mikevocalz/virocore-rive-panel/android/sharedCode/../../ViroRenderer/VRODriver.h:311:18: note: overridden virtual function is here
C/C++:   311 |     virtual void setBlendingMode(VROBlendMode mode) = 0;
C/C++:       |                  ^
C/C++: In file included from /Users/mikevocalz/virocore-rive-panel/android/sharedCode/src/main/cpp/jni/MediaRecorder_JNI.cpp:27:
C/C++: In file included from /Users/mikevocalz/virocore-rive-panel/android/sharedCode/src/main/cpp/jni/VRORenderer_JNI.h:30:
C/C++: In file included from /Users/mikevocalz/virocore-rive-panel/android/sharedCode/../sharedCode/src/main/cpp/VROSceneRenderer.h:35:
C/C++: In file included from /Users/mikevocalz/virocore-rive-panel/android/sharedCode/../sharedCode/src/main/cpp/VRODriverOpenGLAndroid.h:31:
C/C++: /Users/mikevocalz/virocore-rive-panel/android/sharedCode/../../ViroRenderer/VRODriverOpenGL.h:339:10: warning: 'setRenderTargetColorWritingMask' overrides a member function but is not marked 'override' [-Winconsistent-missing-override]
C/C++:   339 |     void setRenderTargetColorWritingMask(VROColorMask mask) {
C/C++:       |          ^
C/C++: /Users/mikevocalz/virocore-rive-panel/android/sharedCode/../../ViroRenderer/VRODriver.h:219:18: note: overridden virtual function is here
C/C++:   219 |     virtual void setRenderTargetColorWritingMask(VROColorMask mask) = 0;
C/C++:       |                  ^
C/C++: In file included from /Users/mikevocalz/virocore-rive-panel/android/sharedCode/src/main/cpp/jni/MediaRecorder_JNI.cpp:27:
C/C++: In file included from /Users/mikevocalz/virocore-rive-panel/android/sharedCode/src/main/cpp/jni/VRORenderer_JNI.h:30:
C/C++: In file included from /Users/mikevocalz/virocore-rive-panel/android/sharedCode/../sharedCode/src/main/cpp/VROSceneRenderer.h:35:
C/C++: In file included from /Users/mikevocalz/virocore-rive-panel/android/sharedCode/../sharedCode/src/main/cpp/VRODriverOpenGLAndroid.h:31:
C/C++: /Users/mikevocalz/virocore-rive-panel/android/sharedCode/../../ViroRenderer/VRODriverOpenGL.h:347:10: warning: 'setMaterialColorWritingMask' overrides a member function but is not marked 'override' [-Winconsistent-missing-override]
C/C++:   347 |     void setMaterialColorWritingMask(VROColorMask mask) {
C/C++:       |          ^
C/C++: /Users/mikevocalz/virocore-rive-panel/android/sharedCode/../../ViroRenderer/VRODriver.h:220:18: note: overridden virtual function is here
C/C++:   220 |     virtual void setMaterialColorWritingMask(VROColorMask mask) = 0;
C/C++:       |                  ^
C/C++: In file included from /Users/mikevocalz/virocore-rive-panel/android/sharedCode/src/main/cpp/jni/MediaRecorder_JNI.cpp:27:
C/C++: In file included from /Users/mikevocalz/virocore-rive-panel/android/sharedCode/src/main/cpp/jni/VRORenderer_JNI.h:30:
C/C++: In file included from /Users/mikevocalz/virocore-rive-panel/android/sharedCode/../sharedCode/src/main/cpp/VROSceneRenderer.h:35:
C/C++: In file included from /Users/mikevocalz/virocore-rive-panel/android/sharedCode/../sharedCode/src/main/cpp/VRODriverOpenGLAndroid.h:31:
C/C++: /Users/mikevocalz/virocore-rive-panel/android/sharedCode/../../ViroRenderer/VRODriverOpenGL.h:355:10: warning: 'bindShader' overrides a member function but is not marked 'override' [-Winconsistent-missing-override]
C/C++:   355 |     void bindShader(std::shared_ptr<VROShaderProgram> program) {
C/C++:       |          ^
C/C++: /Users/mikevocalz/virocore-rive-panel/android/sharedCode/../../ViroRenderer/VRODriver.h:221:18: note: overridden virtual function is here
C/C++:   221 |     virtual void bindShader(std::shared_ptr<VROShaderProgram> program) = 0;
C/C++:       |                  ^
C/C++: In file included from /Users/mikevocalz/virocore-rive-panel/android/sharedCode/src/main/cpp/jni/MediaRecorder_JNI.cpp:27:
C/C++: In file included from /Users/mikevocalz/virocore-rive-panel/android/sharedCode/src/main/cpp/jni/VRORenderer_JNI.h:30:
C/C++: In file included from /Users/mikevocalz/virocore-rive-panel/android/sharedCode/../sharedCode/src/main/cpp/VROSceneRenderer.h:35:
C/C++: In file included from /Users/mikevocalz/virocore-rive-panel/android/sharedCode/../sharedCode/src/main/cpp/VRODriverOpenGLAndroid.h:31:
C/C++: /Users/mikevocalz/virocore-rive-panel/android/sharedCode/../../ViroRenderer/VRODriverOpenGL.h:373:10: warning: 'unbindShader' overrides a member function but is not marked 'override' [-Winconsistent-missing-override]
C/C++:   373 |     void unbindShader() {
C/C++:       |          ^
C/C++: /Users/mikevocalz/virocore-rive-panel/android/sharedCode/../../ViroRenderer/VRODriver.h:222:18: note: overridden virtual function is here
C/C++:   222 |     virtual void unbindShader() = 0;
C/C++:       |                  ^
C/C++: In file included from /Users/mikevocalz/virocore-rive-panel/android/sharedCode/src/main/cpp/jni/MediaRecorder_JNI.cpp:27:
C/C++: In file included from /Users/mikevocalz/virocore-rive-panel/android/sharedCode/src/main/cpp/jni/VRORenderer_JNI.h:30:
C/C++: In file included from /Users/mikevocalz/virocore-rive-panel/android/sharedCode/../sharedCode/src/main/cpp/VROSceneRenderer.h:35:
C/C++: In file included from /Users/mikevocalz/virocore-rive-panel/android/sharedCode/../sharedCode/src/main/cpp/VRODriverOpenGLAndroid.h:31:
C/C++: /Users/mikevocalz/virocore-rive-panel/android/sharedCode/../../ViroRenderer/VRODriverOpenGL.h:381:10: warning: 'bindRenderTarget' overrides a member function but is not marked 'override' [-Winconsistent-missing-override]
C/C++:   381 |     bool bindRenderTarget(std::shared_ptr<VRORenderTarget> target, VRORenderTargetUnbindOp unbindOp) {
C/C++:       |          ^
C/C++: /Users/mikevocalz/virocore-rive-panel/android/sharedCode/../../ViroRenderer/VRODriver.h:229:18: note: overridden virtual function is here
C/C++:   229 |     virtual bool bindRenderTarget(std::shared_ptr<VRORenderTarget> target, VRORenderTargetUnbindOp unbindOp) = 0;
C/C++:       |                  ^
C/C++: In file included from /Users/mikevocalz/virocore-rive-panel/android/sharedCode/src/main/cpp/jni/MediaRecorder_JNI.cpp:27:
C/C++: In file included from /Users/mikevocalz/virocore-rive-panel/android/sharedCode/src/main/cpp/jni/VRORenderer_JNI.h:30:
C/C++: In file included from /Users/mikevocalz/virocore-rive-panel/android/sharedCode/../sharedCode/src/main/cpp/VROSceneRenderer.h:35:
C/C++: In file included from /Users/mikevocalz/virocore-rive-panel/android/sharedCode/../sharedCode/src/main/cpp/VRODriverOpenGLAndroid.h:31:
C/C++: /Users/mikevocalz/virocore-rive-panel/android/sharedCode/../../ViroRenderer/VRODriverOpenGL.h:416:10: warning: 'unbindRenderTarget' overrides a member function but is not marked 'override' [-Winconsistent-missing-override]
C/C++:   416 |     void unbindRenderTarget() {
C/C++:       |          ^
C/C++: /Users/mikevocalz/virocore-rive-panel/android/sharedCode/../../ViroRenderer/VRODriver.h:230:18: note: overridden virtual function is here
C/C++:   230 |     virtual void unbindRenderTarget() = 0;
C/C++:       |                  ^
C/C++: In file included from /Users/mikevocalz/virocore-rive-panel/android/sharedCode/src/main/cpp/jni/MediaRecorder_JNI.cpp:27:
C/C++: In file included from /Users/mikevocalz/virocore-rive-panel/android/sharedCode/src/main/cpp/jni/VRORenderer_JNI.h:30:
C/C++: In file included from /Users/mikevocalz/virocore-rive-panel/android/sharedCode/../sharedCode/src/main/cpp/VROSceneRenderer.h:35:
C/C++: In file included from /Users/mikevocalz/virocore-rive-panel/android/sharedCode/../sharedCode/src/main/cpp/VRODriverOpenGLAndroid.h:31:
C/C++: /Users/mikevocalz/virocore-rive-panel/android/sharedCode/../../ViroRenderer/VRODriverOpenGL.h:424:38: warning: 'getRenderTarget' overrides a member function but is not marked 'override' [-Winconsistent-missing-override]
C/C++:   424 |     std::shared_ptr<VRORenderTarget> getRenderTarget() {
C/C++:       |                                      ^
C/C++: /Users/mikevocalz/virocore-rive-panel/android/sharedCode/../../ViroRenderer/VRODriver.h:236:46: note: overridden virtual function is here
C/C++:   236 |     virtual std::shared_ptr<VRORenderTarget> getRenderTarget() = 0;
C/C++:       |                                              ^
C/C++: In file included from /Users/mikevocalz/virocore-rive-panel/android/sharedCode/src/main/cpp/jni/MediaRecorder_JNI.cpp:27:
C/C++: In file included from /Users/mikevocalz/virocore-rive-panel/android/sharedCode/src/main/cpp/jni/VRORenderer_JNI.h:30:
C/C++: In file included from /Users/mikevocalz/virocore-rive-panel/android/sharedCode/../sharedCode/src/main/cpp/VROSceneRenderer.h:35:
C/C++: In file included from /Users/mikevocalz/virocore-rive-panel/android/sharedCode/../sharedCode/src/main/cpp/VRODriverOpenGLAndroid.h:31:
C/C++: /Users/mikevocalz/virocore-rive-panel/android/sharedCode/../../ViroRenderer/VRODriverOpenGL.h:428:18: warning: 'isBloomSupported' overrides a member function but is not marked 'override' [-Winconsistent-missing-override]
C/C++:   428 |     virtual bool isBloomSupported() {
C/C++:       |                  ^
C/C++: /Users/mikevocalz/virocore-rive-panel/android/sharedCode/../../ViroRenderer/VRODriver.h:267:18: note: overridden virtual function is here
C/C++:   267 |     virtual bool isBloomSupported() = 0;
C/C++:       |                  ^
C/C++: In file included from /Users/mikevocalz/virocore-rive-panel/android/sharedCode/src/main/cpp/jni/MediaRecorder_JNI.cpp:27:
C/C++: In file included from /Users/mikevocalz/virocore-rive-panel/android/sharedCode/src/main/cpp/jni/VRORenderer_JNI.h:30:
C/C++: In file included from /Users/mikevocalz/virocore-rive-panel/android/sharedCode/../sharedCode/src/main/cpp/VROSceneRenderer.h:35:
C/C++: In file included from /Users/mikevocalz/virocore-rive-panel/android/sharedCode/../sharedCode/src/main/cpp/VRODriverOpenGLAndroid.h:31:
C/C++: /Users/mikevocalz/virocore-rive-panel/android/sharedCode/../../ViroRenderer/VRODriverOpenGL.h:432:27: warning: 'newGeometrySubstrate' overrides a member function but is not marked 'override' [-Winconsistent-missing-override]
C/C++:   432 |     VROGeometrySubstrate *newGeometrySubstrate(const VROGeometry &geometry) {
C/C++:       |                           ^
C/C++: /Users/mikevocalz/virocore-rive-panel/android/sharedCode/../../ViroRenderer/VRODriver.h:269:35: note: overridden virtual function is here
C/C++:   269 |     virtual VROGeometrySubstrate *newGeometrySubstrate(const VROGeometry &geometry) = 0;
C/C++:       |                                   ^
C/C++: In file included from /Users/mikevocalz/virocore-rive-panel/android/sharedCode/src/main/cpp/jni/MediaRecorder_JNI.cpp:27:
C/C++: In file included from /Users/mikevocalz/virocore-rive-panel/android/sharedCode/src/main/cpp/jni/VRORenderer_JNI.h:30:
C/C++: In file included from /Users/mikevocalz/virocore-rive-panel/android/sharedCode/../sharedCode/src/main/cpp/VROSceneRenderer.h:35:
C/C++: In file included from /Users/mikevocalz/virocore-rive-panel/android/sharedCode/../sharedCode/src/main/cpp/VRODriverOpenGLAndroid.h:31:
C/C++: /Users/mikevocalz/virocore-rive-panel/android/sharedCode/../../ViroRenderer/VRODriverOpenGL.h:437:27: warning: 'newMaterialSubstrate' overrides a member function but is not marked 'override' [-Winconsistent-missing-override]
C/C++:   437 |     VROMaterialSubstrate *newMaterialSubstrate(VROMaterial &material) {
C/C++:       |                           ^
C/C++: /Users/mikevocalz/virocore-rive-panel/android/sharedCode/../../ViroRenderer/VRODriver.h:270:35: note: overridden virtual function is here
C/C++:   270 |     virtual VROMaterialSubstrate *newMaterialSubstrate(VROMaterial &material) = 0;
C/C++:       |                                   ^
C/C++: In file included from /Users/mikevocalz/virocore-rive-panel/android/sharedCode/src/main/cpp/jni/MediaRecorder_JNI.cpp:27:
C/C++: In file included from /Users/mikevocalz/virocore-rive-panel/android/sharedCode/src/main/cpp/jni/VRORenderer_JNI.h:30:
C/C++: In file included from /Users/mikevocalz/virocore-rive-panel/android/sharedCode/../sharedCode/src/main/cpp/VROSceneRenderer.h:35:
C/C++: In file included from /Users/mikevocalz/virocore-rive-panel/android/sharedCode/../sharedCode/src/main/cpp/VRODriverOpenGLAndroid.h:31:
C/C++: /Users/mikevocalz/virocore-rive-panel/android/sharedCode/../../ViroRenderer/VRODriverOpenGL.h:442:26: warning: 'newTextureSubstrate' overrides a member function but is not marked 'override' [-Winconsistent-missing-override]
C/C++:   442 |     VROTextureSubstrate *newTextureSubstrate(VROTextureType type,
C/C++:       |                          ^
C/C++: /Users/mikevocalz/virocore-rive-panel/android/sharedCode/../../ViroRenderer/VRODriver.h:271:34: note: overridden virtual function is here
C/C++:   271 |     virtual VROTextureSubstrate *newTextureSubstrate(VROTextureType type,
C/C++:       |                                  ^
C/C++: In file included from /Users/mikevocalz/virocore-rive-panel/android/sharedCode/src/main/cpp/jni/MediaRecorder_JNI.cpp:27:
C/C++: In file included from /Users/mikevocalz/virocore-rive-panel/android/sharedCode/src/main/cpp/jni/VRORenderer_JNI.h:30:
C/C++: In file included from /Users/mikevocalz/virocore-rive-panel/android/sharedCode/../sharedCode/src/main/cpp/VROSceneRenderer.h:35:
C/C++: In file included from /Users/mikevocalz/virocore-rive-panel/android/sharedCode/../sharedCode/src/main/cpp/VRODriverOpenGLAndroid.h:31:
C/C++: /Users/mikevocalz/virocore-rive-panel/android/sharedCode/../../ViroRenderer/VRODriverOpenGL.h:457:38: warning: 'newRenderTarget' overrides a member function but is not marked 'override' [-Winconsistent-missing-override]
C/C++:   457 |     std::shared_ptr<VRORenderTarget> newRenderTarget(VRORenderTargetType type, int numAttachments, int numImages, bool enableMipmaps,
C/C++:       |                                      ^
C/C++: /Users/mikevocalz/virocore-rive-panel/android/sharedCode/../../ViroRenderer/VRODriver.h:279:46: note: overridden virtual function is here
C/C++:   279 |     virtual std::shared_ptr<VRORenderTarget> newRenderTarget(VRORenderTargetType type, int numAttachments, int numImages,
C/C++:       |                                              ^
C/C++: In file included from /Users/mikevocalz/virocore-rive-panel/android/sharedCode/src/main/cpp/jni/MediaRecorder_JNI.cpp:27:
C/C++: In file included from /Users/mikevocalz/virocore-rive-panel/android/sharedCode/src/main/cpp/jni/VRORenderer_JNI.h:30:
C/C++: In file included from /Users/mikevocalz/virocore-rive-panel/android/sharedCode/../sharedCode/src/main/cpp/VROSceneRenderer.h:35:
C/C++: In file included from /Users/mikevocalz/virocore-rive-panel/android/sharedCode/../sharedCode/src/main/cpp/VRODriverOpenGLAndroid.h:31:
C/C++: /Users/mikevocalz/virocore-rive-panel/android/sharedCode/../../ViroRenderer/VRODriverOpenGL.h:465:38: warning: 'newVertexBuffer' overrides a member function but is not marked 'override' [-Winconsistent-missing-override]
C/C++:   465 |     std::shared_ptr<VROVertexBuffer> newVertexBuffer(std::shared_ptr<VROData> data) {
C/C++:       |                                      ^
C/C++: /Users/mikevocalz/virocore-rive-panel/android/sharedCode/../../ViroRenderer/VRODriver.h:281:46: note: overridden virtual function is here
C/C++:   281 |     virtual std::shared_ptr<VROVertexBuffer> newVertexBuffer(std::shared_ptr<VROData> data) = 0;
C/C++:       |                                              ^
C/C++: In file included from /Users/mikevocalz/virocore-rive-panel/android/sharedCode/src/main/cpp/jni/MediaRecorder_JNI.cpp:27:
C/C++: In file included from /Users/mikevocalz/virocore-rive-panel/android/sharedCode/src/main/cpp/jni/VRORenderer_JNI.h:30:
C/C++: In file included from /Users/mikevocalz/virocore-rive-panel/android/sharedCode/../sharedCode/src/main/cpp/VROSceneRenderer.h:35:
C/C++: In file included from /Users/mikevocalz/virocore-rive-panel/android/sharedCode/../sharedCode/src/main/cpp/VRODriverOpenGLAndroid.h:31:
C/C++: /Users/mikevocalz/virocore-rive-panel/android/sharedCode/../../ViroRenderer/VRODriverOpenGL.h:476:42: warning: 'newImagePostProcess' overrides a member function but is not marked 'override' [-Winconsistent-missing-override]
C/C++:   476 |     std::shared_ptr<VROImagePostProcess> newImagePostProcess(std::shared_ptr<VROShaderProgram> shader) {
C/C++:       |                                          ^
C/C++: /Users/mikevocalz/virocore-rive-panel/android/sharedCode/../../ViroRenderer/VRODriver.h:293:50: note: overridden virtual function is here
C/C++:   293 |     virtual std::shared_ptr<VROImagePostProcess> newImagePostProcess(std::shared_ptr<VROShaderProgram> shader) = 0;
C/C++:       |                                                  ^
C/C++: In file included from /Users/mikevocalz/virocore-rive-panel/android/sharedCode/src/main/cpp/jni/MediaRecorder_JNI.cpp:27:
C/C++: In file included from /Users/mikevocalz/virocore-rive-panel/android/sharedCode/src/main/cpp/jni/VRORenderer_JNI.h:30:
C/C++: In file included from /Users/mikevocalz/virocore-rive-panel/android/sharedCode/../sharedCode/src/main/cpp/VROSceneRenderer.h:35:
C/C++: In file included from /Users/mikevocalz/virocore-rive-panel/android/sharedCode/../sharedCode/src/main/cpp/VRODriverOpenGLAndroid.h:31:
C/C++: /Users/mikevocalz/virocore-rive-panel/android/sharedCode/../../ViroRenderer/VRODriverOpenGL.h:480:10: warning: 'readGPUType' overrides a member function but is not marked 'override' [-Winconsistent-missing-override]
C/C++:   480 |     void readGPUType() {
C/C++:       |          ^
C/C++: /Users/mikevocalz/virocore-rive-panel/android/sharedCode/../../ViroRenderer/VRODriver.h:193:18: note: overridden virtual function is here
C/C++:   193 |     virtual void readGPUType() = 0;
C/C++:       |                  ^
C/C++: In file included from /Users/mikevocalz/virocore-rive-panel/android/sharedCode/src/main/cpp/jni/MediaRecorder_JNI.cpp:27:
C/C++: In file included from /Users/mikevocalz/virocore-rive-panel/android/sharedCode/src/main/cpp/jni/VRORenderer_JNI.h:30:
C/C++: In file included from /Users/mikevocalz/virocore-rive-panel/android/sharedCode/../sharedCode/src/main/cpp/VROSceneRenderer.h:35:
C/C++: In file included from /Users/mikevocalz/virocore-rive-panel/android/sharedCode/../sharedCode/src/main/cpp/VRODriverOpenGLAndroid.h:31:
C/C++: /Users/mikevocalz/virocore-rive-panel/android/sharedCode/../../ViroRenderer/VRODriverOpenGL.h:507:10: warning: 'setHasSoftwareGammaPass' overrides a member function but is not marked 'override' [-Winconsistent-missing-override]
C/C++:   507 |     void setHasSoftwareGammaPass(bool gammaPass) {
C/C++:       |          ^
C/C++: /Users/mikevocalz/virocore-rive-panel/android/sharedCode/../../ViroRenderer/VRODriver.h:248:18: note: overridden virtual function is here
C/C++:   248 |     virtual void setHasSoftwareGammaPass(bool softwareGamma) = 0;
C/C++:       |                  ^
C/C++: In file included from /Users/mikevocalz/virocore-rive-panel/android/sharedCode/src/main/cpp/jni/MediaRecorder_JNI.cpp:27:
C/C++: In file included from /Users/mikevocalz/virocore-rive-panel/android/sharedCode/src/main/cpp/jni/VRORenderer_JNI.h:30:
C/C++: In file included from /Users/mikevocalz/virocore-rive-panel/android/sharedCode/../sharedCode/src/main/cpp/VROSceneRenderer.h:35:
C/C++: In file included from /Users/mikevocalz/virocore-rive-panel/android/sharedCode/../sharedCode/src/main/cpp/VRODriverOpenGLAndroid.h:31:
C/C++: /Users/mikevocalz/virocore-rive-panel/android/sharedCode/../../ViroRenderer/VRODriverOpenGL.h:510:10: warning: 'hasSoftwareGammaPass' overrides a member function but is not marked 'override' [-Winconsistent-missing-override]
C/C++:   510 |     bool hasSoftwareGammaPass() const {
C/C++:       |          ^
C/C++: /Users/mikevocalz/virocore-rive-panel/android/sharedCode/../../ViroRenderer/VRODriver.h:249:18: note: overridden virtual function is here
C/C++:   249 |     virtual bool hasSoftwareGammaPass() const = 0;
C/C++:       |                  ^
C/C++: In file included from /Users/mikevocalz/virocore-rive-panel/android/sharedCode/src/main/cpp/jni/MediaRecorder_JNI.cpp:27:
C/C++: In file included from /Users/mikevocalz/virocore-rive-panel/android/sharedCode/src/main/cpp/jni/VRORenderer_JNI.h:30:
C/C++: In file included from /Users/mikevocalz/virocore-rive-panel/android/sharedCode/../sharedCode/src/main/cpp/VROSceneRenderer.h:35:
C/C++: In file included from /Users/mikevocalz/virocore-rive-panel/android/sharedCode/../sharedCode/src/main/cpp/VRODriverOpenGLAndroid.h:31:
C/C++: /Users/mikevocalz/virocore-rive-panel/android/sharedCode/../../ViroRenderer/VRODriverOpenGL.h:514:16: warning: 'getGPUType' overrides a member function but is not marked 'override' [-Winconsistent-missing-override]
C/C++:   514 |     VROGPUType getGPUType() {
C/C++:       |                ^
C/C++: /Users/mikevocalz/virocore-rive-panel/android/sharedCode/../../ViroRenderer/VRODriver.h:198:24: note: overridden virtual function is here
C/C++:   198 |     virtual VROGPUType getGPUType() = 0;
C/C++:       |                        ^
C/C++: In file included from /Users/mikevocalz/virocore-rive-panel/android/sharedCode/src/main/cpp/jni/MediaRecorder_JNI.cpp:27:
C/C++: In file included from /Users/mikevocalz/virocore-rive-panel/android/sharedCode/src/main/cpp/jni/VRORenderer_JNI.h:30:
C/C++: In file included from /Users/mikevocalz/virocore-rive-panel/android/sharedCode/../sharedCode/src/main/cpp/VROSceneRenderer.h:35:
C/C++: In file included from /Users/mikevocalz/virocore-rive-panel/android/sharedCode/../sharedCode/src/main/cpp/VRODriverOpenGLAndroid.h:31:
C/C++: /Users/mikevocalz/virocore-rive-panel/android/sharedCode/../../ViroRenderer/VRODriverOpenGL.h:518:10: warning: 'readDisplayFramebuffer' overrides a member function but is not marked 'override' [-Winconsistent-missing-override]
C/C++:   518 |     void readDisplayFramebuffer() {
C/C++:       |          ^
C/C++: /Users/mikevocalz/virocore-rive-panel/android/sharedCode/../../ViroRenderer/VRODriver.h:205:18: note: overridden virtual function is here
C/C++:   205 |     virtual void readDisplayFramebuffer() = 0;
C/C++:       |                  ^
C/C++: In file included from /Users/mikevocalz/virocore-rive-panel/android/sharedCode/src/main/cpp/jni/MediaRecorder_JNI.cpp:27:
C/C++: In file included from /Users/mikevocalz/virocore-rive-panel/android/sharedCode/src/main/cpp/jni/VRORenderer_JNI.h:30:
C/C++: In file included from /Users/mikevocalz/virocore-rive-panel/android/sharedCode/../sharedCode/src/main/cpp/VROSceneRenderer.h:35:
C/C++: In file included from /Users/mikevocalz/virocore-rive-panel/android/sharedCode/../sharedCode/src/main/cpp/VRODriverOpenGLAndroid.h:31:
C/C++: /Users/mikevocalz/virocore-rive-panel/android/sharedCode/../../ViroRenderer/VRODriverOpenGL.h:522:46: warning: 'getDisplay' overrides a member function but is not marked 'override' [-Winconsistent-missing-override]
C/C++:   522 |     virtual std::shared_ptr<VRORenderTarget> getDisplay() {
C/C++:       |                                              ^
C/C++: /Users/mikevocalz/virocore-rive-panel/android/sharedCode/../../ViroRenderer/VRODriver.h:292:46: note: overridden virtual function is here
C/C++:   292 |     virtual std::shared_ptr<VRORenderTarget> getDisplay() = 0;
C/C++:       |                                              ^
C/C++: In file included from /Users/mikevocalz/virocore-rive-panel/android/sharedCode/src/main/cpp/jni/MediaRecorder_JNI.cpp:27:
C/C++: In file included from /Users/mikevocalz/virocore-rive-panel/android/sharedCode/src/main/cpp/jni/VRORenderer_JNI.h:30:
C/C++: In file included from /Users/mikevocalz/virocore-rive-panel/android/sharedCode/../sharedCode/src/main/cpp/VROSceneRenderer.h:35:
C/C++: In file included from /Users/mikevocalz/virocore-rive-panel/android/sharedCode/../sharedCode/src/main/cpp/VRODriverOpenGLAndroid.h:31:
C/C++: /Users/mikevocalz/virocore-rive-panel/android/sharedCode/../../ViroRenderer/VRODriverOpenGL.h:556:44: warning: 'newTypefaceCollection' overrides a member function but is not marked 'override' [-Winconsistent-missing-override]
C/C++:   556 |     std::shared_ptr<VROTypefaceCollection> newTypefaceCollection(std::string typefaces, int size, VROFontStyle style,
C/C++:       |                                            ^
C/C++: /Users/mikevocalz/virocore-rive-panel/android/sharedCode/../../ViroRenderer/VRODriver.h:308:52: note: overridden virtual function is here
C/C++:   308 |     virtual std::shared_ptr<VROTypefaceCollection> newTypefaceCollection(std::string typefaces, int size, VROFontStyle style, VROFontWeight weight) = 0;
C/C++:       |                                                    ^
C/C++: In file included from /Users/mikevocalz/virocore-rive-panel/android/sharedCode/src/main/cpp/jni/MediaRecorder_JNI.cpp:27:
C/C++: In file included from /Users/mikevocalz/virocore-rive-panel/android/sharedCode/src/main/cpp/jni/VRORenderer_JNI.h:30:
C/C++: In file included from /Users/mikevocalz/virocore-rive-panel/android/sharedCode/../sharedCode/src/main/cpp/VROSceneRenderer.h:35:
C/C++: In file included from /Users/mikevocalz/virocore-rive-panel/android/sharedCode/../sharedCode/src/main/cpp/VRODriverOpenGLAndroid.h:31:
C/C++: /Users/mikevocalz/virocore-rive-panel/android/sharedCode/../../ViroRenderer/VRODriverOpenGL.h:580:40: warning: 'getFrameScheduler' overrides a member function but is not marked 'override' [-Winconsistent-missing-override]
C/C++:   580 |     std::shared_ptr<VROFrameScheduler> getFrameScheduler() {
C/C++:       |                                        ^
C/C++: /Users/mikevocalz/virocore-rive-panel/android/sharedCode/../../ViroRenderer/VRODriver.h:313:48: note: overridden virtual function is here
C/C++:   313 |     virtual std::shared_ptr<VROFrameScheduler> getFrameScheduler() = 0;
C/C++:       |                                                ^
C/C++: In file included from /Users/mikevocalz/virocore-rive-panel/android/sharedCode/src/main/cpp/jni/MediaRecorder_JNI.cpp:27:
C/C++: In file included from /Users/mikevocalz/virocore-rive-panel/android/sharedCode/src/main/cpp/jni/VRORenderer_JNI.h:30:
C/C++: In file included from /Users/mikevocalz/virocore-rive-panel/android/sharedCode/../sharedCode/src/main/cpp/VROSceneRenderer.h:35:
C/C++: In file included from /Users/mikevocalz/virocore-rive-panel/android/sharedCode/../sharedCode/src/main/cpp/VRODriverOpenGLAndroid.h:31:
C/C++: /Users/mikevocalz/virocore-rive-panel/android/sharedCode/../../ViroRenderer/VRODriverOpenGL.h:635:19: warning: 'getGraphicsContext' overrides a member function but is not marked 'override' [-Winconsistent-missing-override]
C/C++:   635 |     virtual void *getGraphicsContext() { return nullptr; }
C/C++:       |                   ^
C/C++: /Users/mikevocalz/virocore-rive-panel/android/sharedCode/../../ViroRenderer/VRODriver.h:314:19: note: overridden virtual function is here
C/C++:   314 |     virtual void *getGraphicsContext() = 0;
C/C++:       |                   ^
C/C++: In file included from /Users/mikevocalz/virocore-rive-panel/android/sharedCode/src/main/cpp/jni/MediaRecorder_JNI.cpp:27:
C/C++: In file included from /Users/mikevocalz/virocore-rive-panel/android/sharedCode/src/main/cpp/jni/VRORenderer_JNI.h:30:
C/C++: In file included from /Users/mikevocalz/virocore-rive-panel/android/sharedCode/../sharedCode/src/main/cpp/VROSceneRenderer.h:35:
C/C++: /Users/mikevocalz/virocore-rive-panel/android/sharedCode/../sharedCode/src/main/cpp/VRODriverOpenGLAndroid.h:49:35: warning: 'getColorRenderingMode' overrides a member function but is not marked 'override' [-Winconsistent-missing-override]
C/C++:    49 |     virtual VROColorRenderingMode getColorRenderingMode() {
C/C++:       |                                   ^
C/C++: /Users/mikevocalz/virocore-rive-panel/android/sharedCode/../../ViroRenderer/VRODriver.h:242:35: note: overridden virtual function is here
C/C++:   242 |     virtual VROColorRenderingMode getColorRenderingMode() = 0;
C/C++:       |                                   ^
C/C++: In file included from /Users/mikevocalz/virocore-rive-panel/android/sharedCode/src/main/cpp/jni/MediaRecorder_JNI.cpp:27:
C/C++: In file included from /Users/mikevocalz/virocore-rive-panel/android/sharedCode/src/main/cpp/jni/VRORenderer_JNI.h:30:
C/C++: In file included from /Users/mikevocalz/virocore-rive-panel/android/sharedCode/../sharedCode/src/main/cpp/VROSceneRenderer.h:35:
C/C++: /Users/mikevocalz/virocore-rive-panel/android/sharedCode/../sharedCode/src/main/cpp/VRODriverOpenGLAndroid.h:63:18: warning: 'isBloomSupported' overrides a member function but is not marked 'override' [-Winconsistent-missing-override]
C/C++:    63 |     virtual bool isBloomSupported() {
C/C++:       |                  ^
C/C++: /Users/mikevocalz/virocore-rive-panel/android/sharedCode/../../ViroRenderer/VRODriverOpenGL.h:428:18: note: overridden virtual function is here
C/C++:   428 |     virtual bool isBloomSupported() {
C/C++:       |                  ^
C/C++: In file included from /Users/mikevocalz/virocore-rive-panel/android/sharedCode/src/main/cpp/jni/MediaRecorder_JNI.cpp:27:
C/C++: In file included from /Users/mikevocalz/virocore-rive-panel/android/sharedCode/src/main/cpp/jni/VRORenderer_JNI.h:30:
C/C++: In file included from /Users/mikevocalz/virocore-rive-panel/android/sharedCode/../sharedCode/src/main/cpp/VROSceneRenderer.h:35:
C/C++: /Users/mikevocalz/virocore-rive-panel/android/sharedCode/../sharedCode/src/main/cpp/VRODriverOpenGLAndroid.h:72:10: warning: 'willRenderFrame' overrides a member function but is not marked 'override' [-Winconsistent-missing-override]
C/C++:    72 |     void willRenderFrame(const VRORenderContext &context) {
C/C++:       |          ^
C/C++: /Users/mikevocalz/virocore-rive-panel/android/sharedCode/../../ViroRenderer/VRODriverOpenGL.h:64:10: note: overridden virtual function is here
C/C++:    64 |     void willRenderFrame(const VRORenderContext &context) {
C/C++:       |          ^
C/C++: In file included from /Users/mikevocalz/virocore-rive-panel/android/sharedCode/src/main/cpp/jni/MediaRecorder_JNI.cpp:27:
C/C++: In file included from /Users/mikevocalz/virocore-rive-panel/android/sharedCode/src/main/cpp/jni/VRORenderer_JNI.h:30:
C/C++: In file included from /Users/mikevocalz/virocore-rive-panel/android/sharedCode/../sharedCode/src/main/cpp/VROSceneRenderer.h:35:
C/C++: /Users/mikevocalz/virocore-rive-panel/android/sharedCode/../sharedCode/src/main/cpp/VRODriverOpenGLAndroid.h:79:10: warning: 'pause' overrides a member function but is not marked 'override' [-Winconsistent-missing-override]
C/C++:    79 |     void pause() {
C/C++:       |          ^
C/C++: /Users/mikevocalz/virocore-rive-panel/android/sharedCode/../../ViroRenderer/VRODriver.h:185:18: note: overridden virtual function is here
C/C++:   185 |     virtual void pause() = 0;
C/C++:       |                  ^
C/C++: In file included from /Users/mikevocalz/virocore-rive-panel/android/sharedCode/src/main/cpp/jni/MediaRecorder_JNI.cpp:27:
C/C++: In file included from /Users/mikevocalz/virocore-rive-panel/android/sharedCode/src/main/cpp/jni/VRORenderer_JNI.h:30:
C/C++: In file included from /Users/mikevocalz/virocore-rive-panel/android/sharedCode/../sharedCode/src/main/cpp/VROSceneRenderer.h:35:
C/C++: /Users/mikevocalz/virocore-rive-panel/android/sharedCode/../sharedCode/src/main/cpp/VRODriverOpenGLAndroid.h:83:10: warning: 'resume' overrides a member function but is not marked 'override' [-Winconsistent-missing-override]
C/C++:    83 |     void resume() {
C/C++:       |          ^
C/C++: /Users/mikevocalz/virocore-rive-panel/android/sharedCode/../../ViroRenderer/VRODriver.h:186:18: note: overridden virtual function is here
C/C++:   186 |     virtual void resume() = 0;
C/C++:       |                  ^
C/C++: In file included from /Users/mikevocalz/virocore-rive-panel/android/sharedCode/src/main/cpp/jni/MediaRecorder_JNI.cpp:27:
C/C++: In file included from /Users/mikevocalz/virocore-rive-panel/android/sharedCode/src/main/cpp/jni/VRORenderer_JNI.h:30:
C/C++: In file included from /Users/mikevocalz/virocore-rive-panel/android/sharedCode/../sharedCode/src/main/cpp/VROSceneRenderer.h:35:
C/C++: /Users/mikevocalz/virocore-rive-panel/android/sharedCode/../sharedCode/src/main/cpp/VRODriverOpenGLAndroid.h:87:43: warning: 'newVideoTextureCache' overrides a member function but is not marked 'override' [-Winconsistent-missing-override]
C/C++:    87 |     std::shared_ptr<VROVideoTextureCache> newVideoTextureCache() {
C/C++:       |                                           ^
C/C++: /Users/mikevocalz/virocore-rive-panel/android/sharedCode/../../ViroRenderer/VRODriver.h:294:51: note: overridden virtual function is here
C/C++:   294 |     virtual std::shared_ptr<VROVideoTextureCache> newVideoTextureCache() = 0;
C/C++:       |                                                   ^
C/C++: In file included from /Users/mikevocalz/virocore-rive-panel/android/sharedCode/src/main/cpp/jni/MediaRecorder_JNI.cpp:27:
C/C++: In file included from /Users/mikevocalz/virocore-rive-panel/android/sharedCode/src/main/cpp/jni/VRORenderer_JNI.h:30:
C/C++: In file included from /Users/mikevocalz/virocore-rive-panel/android/sharedCode/../sharedCode/src/main/cpp/VROSceneRenderer.h:35:
C/C++: /Users/mikevocalz/virocore-rive-panel/android/sharedCode/../sharedCode/src/main/cpp/VRODriverOpenGLAndroid.h:92:31: warning: 'newSound' overrides a member function but is not marked 'override' [-Winconsistent-missing-override]
C/C++:    92 |     std::shared_ptr<VROSound> newSound(std::shared_ptr<VROSoundData> data, VROSoundType type) {
C/C++:       |                               ^
C/C++: /Users/mikevocalz/virocore-rive-panel/android/sharedCode/../../ViroRenderer/VRODriver.h:295:39: note: overridden virtual function is here
C/C++:   295 |     virtual std::shared_ptr<VROSound> newSound(std::shared_ptr<VROSoundData> data, VROSoundType type) = 0;
C/C++:       |                                       ^
C/C++: In file included from /Users/mikevocalz/virocore-rive-panel/android/sharedCode/src/main/cpp/jni/MediaRecorder_JNI.cpp:27:
C/C++: In file included from /Users/mikevocalz/virocore-rive-panel/android/sharedCode/src/main/cpp/jni/VRORenderer_JNI.h:30:
C/C++: In file included from /Users/mikevocalz/virocore-rive-panel/android/sharedCode/../sharedCode/src/main/cpp/VROSceneRenderer.h:35:
C/C++: /Users/mikevocalz/virocore-rive-panel/android/sharedCode/../sharedCode/src/main/cpp/VRODriverOpenGLAndroid.h:96:31: warning: 'newSound' overrides a member function but is not marked 'override' [-Winconsistent-missing-override]
C/C++:    96 |     std::shared_ptr<VROSound> newSound(std::string resource, VROResourceType resourceType, VROSoundType type) {
C/C++:       |                               ^
C/C++: /Users/mikevocalz/virocore-rive-panel/android/sharedCode/../../ViroRenderer/VRODriver.h:296:39: note: overridden virtual function is here
C/C++:   296 |     virtual std::shared_ptr<VROSound> newSound(std::string resource, VROResourceType resourceType, VROSoundType type) = 0;
C/C++:       |                                       ^
C/C++: In file included from /Users/mikevocalz/virocore-rive-panel/android/sharedCode/src/main/cpp/jni/MediaRecorder_JNI.cpp:27:
C/C++: In file included from /Users/mikevocalz/virocore-rive-panel/android/sharedCode/src/main/cpp/jni/VRORenderer_JNI.h:30:
C/C++: In file included from /Users/mikevocalz/virocore-rive-panel/android/sharedCode/../sharedCode/src/main/cpp/VROSceneRenderer.h:35:
C/C++: /Users/mikevocalz/virocore-rive-panel/android/sharedCode/../sharedCode/src/main/cpp/VRODriverOpenGLAndroid.h:100:37: warning: 'newAudioPlayer' overrides a member function but is not marked 'override' [-Winconsistent-missing-override]
C/C++:   100 |     std::shared_ptr<VROAudioPlayer> newAudioPlayer(std::shared_ptr<VROSoundData> data) {
C/C++:       |                                     ^
C/C++: /Users/mikevocalz/virocore-rive-panel/android/sharedCode/../../ViroRenderer/VRODriver.h:297:45: note: overridden virtual function is here
C/C++:   297 |     virtual std::shared_ptr<VROAudioPlayer> newAudioPlayer(std::shared_ptr<VROSoundData> data) = 0;
C/C++:       |                                             ^
C/C++: In file included from /Users/mikevocalz/virocore-rive-panel/android/sharedCode/src/main/cpp/jni/MediaRecorder_JNI.cpp:27:
C/C++: In file included from /Users/mikevocalz/virocore-rive-panel/android/sharedCode/src/main/cpp/jni/VRORenderer_JNI.h:30:
C/C++: In file included from /Users/mikevocalz/virocore-rive-panel/android/sharedCode/../sharedCode/src/main/cpp/VROSceneRenderer.h:35:
C/C++: /Users/mikevocalz/virocore-rive-panel/android/sharedCode/../sharedCode/src/main/cpp/VRODriverOpenGLAndroid.h:104:37: warning: 'newAudioPlayer' overrides a member function but is not marked 'override' [-Winconsistent-missing-override]
C/C++:   104 |     std::shared_ptr<VROAudioPlayer> newAudioPlayer(std::string fileName, bool isLocal) {
C/C++:       |                                     ^
C/C++: /Users/mikevocalz/virocore-rive-panel/android/sharedCode/../../ViroRenderer/VRODriver.h:298:45: note: overridden virtual function is here
C/C++:   298 |     virtual std::shared_ptr<VROAudioPlayer> newAudioPlayer(std::string path, bool isLocal) = 0;
C/C++:       |                                             ^
C/C++: In file included from /Users/mikevocalz/virocore-rive-panel/android/sharedCode/src/main/cpp/jni/MediaRecorder_JNI.cpp:27:
C/C++: In file included from /Users/mikevocalz/virocore-rive-panel/android/sharedCode/src/main/cpp/jni/VRORenderer_JNI.h:30:
C/C++: In file included from /Users/mikevocalz/virocore-rive-panel/android/sharedCode/../sharedCode/src/main/cpp/VROSceneRenderer.h:35:
C/C++: /Users/mikevocalz/virocore-rive-panel/android/sharedCode/../sharedCode/src/main/cpp/VRODriverOpenGLAndroid.h:116:10: warning: 'setSoundRoom' overrides a member function but is not marked 'override' [-Winconsistent-missing-override]
C/C++:   116 |     void setSoundRoom(float sizeX, float sizeY, float sizeZ, std::string wallMaterial,
C/C++:       |          ^
C/C++: /Users/mikevocalz/virocore-rive-panel/android/sharedCode/../../ViroRenderer/VRODriver.h:309:18: note: overridden virtual function is here
C/C++:   309 |     virtual void setSoundRoom(float sizeX, float sizeY, float sizeZ, std::string wallMaterial,
C/C++:       |                  ^
C/C++: In file included from /Users/mikevocalz/virocore-rive-panel/android/sharedCode/src/main/cpp/jni/MediaRecorder_JNI.cpp:27:
C/C++: In file included from /Users/mikevocalz/virocore-rive-panel/android/sharedCode/src/main/cpp/jni/VRORenderer_JNI.h:30:
C/C++: In file included from /Users/mikevocalz/virocore-rive-panel/android/sharedCode/../sharedCode/src/main/cpp/VROSceneRenderer.h:35:
C/C++: /Users/mikevocalz/virocore-rive-panel/android/sharedCode/../sharedCode/src/main/cpp/VRODriverOpenGLAndroid.h:135:44: warning: 'createTypefaceCollection' overrides a member function but is not marked 'override' [-Winconsistent-missing-override]
C/C++:   135 |     std::shared_ptr<VROTypefaceCollection> createTypefaceCollection(std::string typefaceNames, int size, VROFontStyle style,
C/C++:       |                                            ^
C/C++: /Users/mikevocalz/virocore-rive-panel/android/sharedCode/../../ViroRenderer/VRODriverOpenGL.h:628:52: note: overridden virtual function is here
C/C++:   628 |     virtual std::shared_ptr<VROTypefaceCollection> createTypefaceCollection(std::string typefaces, int size, VROFontStyle style,
C/C++:       |                                                    ^
C/C++: 51 warnings generated.
C/C++: In file included from /Users/mikevocalz/virocore-rive-panel/android/sharedCode/src/main/cpp/jni/VRORendererARCore_JNI.cpp:29:
C/C++: In file included from /Users/mikevocalz/virocore-rive-panel/android/sharedCode/src/main/cpp/jni/VRORenderer_JNI.h:30:
C/C++: In file included from /Users/mikevocalz/virocore-rive-panel/android/sharedCode/../sharedCode/src/main/cpp/VROSceneRenderer.h:35:
C/C++: In file included from /Users/mikevocalz/virocore-rive-panel/android/sharedCode/../sharedCode/src/main/cpp/VRODriverOpenGLAndroid.h:31:
C/C++: In file included from /Users/mikevocalz/virocore-rive-panel/android/sharedCode/../../ViroRenderer/VRODriverOpenGL.h:37:
C/C++: /Users/mikevocalz/virocore-rive-panel/android/sharedCode/../../ViroRenderer/VROMaterialSubstrateOpenGL.h:69:10: warning: 'bindShader' overrides a member function but is not marked 'override' [-Winconsistent-missing-override]
C/C++:    69 |     bool bindShader(int lightsHash,
C/C++:       |          ^
C/C++: /Users/mikevocalz/virocore-rive-panel/android/sharedCode/../../ViroRenderer/VROMaterialSubstrate.h:70:18: note: overridden virtual function is here
C/C++:    70 |     virtual bool bindShader(int lightsHash,
C/C++:       |                  ^
C/C++: In file included from /Users/mikevocalz/virocore-rive-panel/android/sharedCode/src/main/cpp/jni/VRORendererARCore_JNI.cpp:29:
C/C++: In file included from /Users/mikevocalz/virocore-rive-panel/android/sharedCode/src/main/cpp/jni/VRORenderer_JNI.h:30:
C/C++: In file included from /Users/mikevocalz/virocore-rive-panel/android/sharedCode/../sharedCode/src/main/cpp/VROSceneRenderer.h:35:
C/C++: In file included from /Users/mikevocalz/virocore-rive-panel/android/sharedCode/../sharedCode/src/main/cpp/VRODriverOpenGLAndroid.h:31:
C/C++: In file included from /Users/mikevocalz/virocore-rive-panel/android/sharedCode/../../ViroRenderer/VRODriverOpenGL.h:37:
C/C++: /Users/mikevocalz/virocore-rive-panel/android/sharedCode/../../ViroRenderer/VROMaterialSubstrateOpenGL.h:79:10: warning: 'bindProperties' overrides a member function but is not marked 'override' [-Winconsistent-missing-override]
C/C++:    79 |     void bindProperties(std::shared_ptr<VRODriver> &driver);
C/C++:       |          ^
C/C++: /Users/mikevocalz/virocore-rive-panel/android/sharedCode/../../ViroRenderer/VROMaterialSubstrate.h:80:18: note: overridden virtual function is here
C/C++:    80 |     virtual void bindProperties(std::shared_ptr<VRODriver> &driver) = 0;
C/C++:       |                  ^
C/C++: In file included from /Users/mikevocalz/virocore-rive-panel/android/sharedCode/src/main/cpp/jni/VRORendererARCore_JNI.cpp:29:
C/C++: In file included from /Users/mikevocalz/virocore-rive-panel/android/sharedCode/src/main/cpp/jni/VRORenderer_JNI.h:30:
C/C++: In file included from /Users/mikevocalz/virocore-rive-panel/android/sharedCode/../sharedCode/src/main/cpp/VROSceneRenderer.h:35:
C/C++: In file included from /Users/mikevocalz/virocore-rive-panel/android/sharedCode/../sharedCode/src/main/cpp/VRODriverOpenGLAndroid.h:31:
C/C++: In file included from /Users/mikevocalz/virocore-rive-panel/android/sharedCode/../../ViroRenderer/VRODriverOpenGL.h:37:
C/C++: /Users/mikevocalz/virocore-rive-panel/android/sharedCode/../../ViroRenderer/VROMaterialSubstrateOpenGL.h:86:10: warning: 'bindGeometry' overrides a member function but is not marked 'override' [-Winconsistent-missing-override]
C/C++:    86 |     void bindGeometry(float opacity, const VROGeometry &geometry);
C/C++:       |          ^
C/C++: /Users/mikevocalz/virocore-rive-panel/android/sharedCode/../../ViroRenderer/VROMaterialSubstrate.h:87:18: note: overridden virtual function is here
C/C++:    87 |     virtual void bindGeometry(float opacity, const VROGeometry &geometry) = 0;
C/C++:       |                  ^
C/C++: In file included from /Users/mikevocalz/virocore-rive-panel/android/sharedCode/src/main/cpp/jni/VRORendererARCore_JNI.cpp:29:
C/C++: In file included from /Users/mikevocalz/virocore-rive-panel/android/sharedCode/src/main/cpp/jni/VRORenderer_JNI.h:30:
C/C++: In file included from /Users/mikevocalz/virocore-rive-panel/android/sharedCode/../sharedCode/src/main/cpp/VROSceneRenderer.h:35:
C/C++: In file included from /Users/mikevocalz/virocore-rive-panel/android/sharedCode/../sharedCode/src/main/cpp/VRODriverOpenGLAndroid.h:31:
C/C++: In file included from /Users/mikevocalz/virocore-rive-panel/android/sharedCode/../../ViroRenderer/VRODriverOpenGL.h:38:
C/C++: /Users/mikevocalz/virocore-rive-panel/android/sharedCode/../../ViroRenderer/VROTextureSubstrateOpenGL.h:94:10: warning: 'updateWrapMode' overrides a member function but is not marked 'override' [-Winconsistent-missing-override]
C/C++:    94 |     void updateWrapMode(VROWrapMode wrapModeS, VROWrapMode wrapModeT);
C/C++:       |          ^
C/C++: /Users/mikevocalz/virocore-rive-panel/android/sharedCode/../../ViroRenderer/VROTextureSubstrate.h:37:18: note: overridden virtual function is here
C/C++:    37 |     virtual void updateWrapMode(VROWrapMode wrapModeS, VROWrapMode wrapModeT) = 0;
C/C++:       |                  ^
C/C++: In file included from /Users/mikevocalz/virocore-rive-panel/android/sharedCode/src/main/cpp/jni/VRORendererARCore_JNI.cpp:29:
C/C++: In file included from /Users/mikevocalz/virocore-rive-panel/android/sharedCode/src/main/cpp/jni/VRORenderer_JNI.h:30:
C/C++: In file included from /Users/mikevocalz/virocore-rive-panel/android/sharedCode/../sharedCode/src/main/cpp/VROSceneRenderer.h:35:
C/C++: In file included from /Users/mikevocalz/virocore-rive-panel/android/sharedCode/../sharedCode/src/main/cpp/VRODriverOpenGLAndroid.h:31:
C/C++: /Users/mikevocalz/virocore-rive-panel/android/sharedCode/../../ViroRenderer/VRODriverOpenGL.h:64:10: warning: 'willRenderFrame' overrides a member function but is not marked 'override' [-Winconsistent-missing-override]
C/C++:    64 |     void willRenderFrame(const VRORenderContext &context) {
C/C++:       |          ^
C/C++: /Users/mikevocalz/virocore-rive-panel/android/sharedCode/../../ViroRenderer/VRODriver.h:172:18: note: overridden virtual function is here
C/C++:   172 |     virtual void willRenderFrame(const VRORenderContext &context) = 0;
C/C++:       |                  ^
C/C++: In file included from /Users/mikevocalz/virocore-rive-panel/android/sharedCode/src/main/cpp/jni/VRORendererARCore_JNI.cpp:29:
C/C++: In file included from /Users/mikevocalz/virocore-rive-panel/android/sharedCode/src/main/cpp/jni/VRORenderer_JNI.h:30:
C/C++: In file included from /Users/mikevocalz/virocore-rive-panel/android/sharedCode/../sharedCode/src/main/cpp/VROSceneRenderer.h:35:
C/C++: In file included from /Users/mikevocalz/virocore-rive-panel/android/sharedCode/../sharedCode/src/main/cpp/VRODriverOpenGLAndroid.h:31:
C/C++: /Users/mikevocalz/virocore-rive-panel/android/sharedCode/../../ViroRenderer/VRODriverOpenGL.h:152:10: warning: 'didRenderFrame' overrides a member function but is not marked 'override' [-Winconsistent-missing-override]
C/C++:   152 |     void didRenderFrame(const VROFrameTimer &timer, const VRORenderContext &context) {
C/C++:       |          ^
C/C++: /Users/mikevocalz/virocore-rive-panel/android/sharedCode/../../ViroRenderer/VRODriver.h:173:18: note: overridden virtual function is here
C/C++:   173 |     virtual void didRenderFrame(const VROFrameTimer &timer, const VRORenderContext &context) = 0;
C/C++:       |                  ^
C/C++: In file included from /Users/mikevocalz/virocore-rive-panel/android/sharedCode/src/main/cpp/jni/VRORendererARCore_JNI.cpp:29:
C/C++: In file included from /Users/mikevocalz/virocore-rive-panel/android/sharedCode/src/main/cpp/jni/VRORenderer_JNI.h:30:
C/C++: In file included from /Users/mikevocalz/virocore-rive-panel/android/sharedCode/../sharedCode/src/main/cpp/VROSceneRenderer.h:35:
C/C++: In file included from /Users/mikevocalz/virocore-rive-panel/android/sharedCode/../sharedCode/src/main/cpp/VRODriverOpenGLAndroid.h:31:
C/C++: /Users/mikevocalz/virocore-rive-panel/android/sharedCode/../../ViroRenderer/VRODriverOpenGL.h:166:10: warning: 'willRenderEye' overrides a member function but is not marked 'override' [-Winconsistent-missing-override]
C/C++:   166 |     void willRenderEye(const VRORenderContext &context) {
C/C++:       |          ^
C/C++: /Users/mikevocalz/virocore-rive-panel/android/sharedCode/../../ViroRenderer/VRODriver.h:179:18: note: overridden virtual function is here
C/C++:   179 |     virtual void willRenderEye(const VRORenderContext &context) = 0;
C/C++:       |                  ^
C/C++: In file included from /Users/mikevocalz/virocore-rive-panel/android/sharedCode/src/main/cpp/jni/VRORendererARCore_JNI.cpp:29:
C/C++: In file included from /Users/mikevocalz/virocore-rive-panel/android/sharedCode/src/main/cpp/jni/VRORenderer_JNI.h:30:
C/C++: In file included from /Users/mikevocalz/virocore-rive-panel/android/sharedCode/../sharedCode/src/main/cpp/VROSceneRenderer.h:35:
C/C++: In file included from /Users/mikevocalz/virocore-rive-panel/android/sharedCode/../sharedCode/src/main/cpp/VRODriverOpenGLAndroid.h:31:
C/C++: /Users/mikevocalz/virocore-rive-panel/android/sharedCode/../../ViroRenderer/VRODriverOpenGL.h:170:10: warning: 'didRenderEye' overrides a member function but is not marked 'override' [-Winconsistent-missing-override]
C/C++:   170 |     void didRenderEye(const VRORenderContext &context) {
C/C++:       |          ^
C/C++: /Users/mikevocalz/virocore-rive-panel/android/sharedCode/../../ViroRenderer/VRODriver.h:180:18: note: overridden virtual function is here
C/C++:   180 |     virtual void didRenderEye(const VRORenderContext &context) = 0;
C/C++:       |                  ^
C/C++: In file included from /Users/mikevocalz/virocore-rive-panel/android/sharedCode/src/main/cpp/jni/VRORendererARCore_JNI.cpp:29:
C/C++: In file included from /Users/mikevocalz/virocore-rive-panel/android/sharedCode/src/main/cpp/jni/VRORenderer_JNI.h:30:
C/C++: In file included from /Users/mikevocalz/virocore-rive-panel/android/sharedCode/../sharedCode/src/main/cpp/VROSceneRenderer.h:35:
C/C++: In file included from /Users/mikevocalz/virocore-rive-panel/android/sharedCode/../sharedCode/src/main/cpp/VRODriverOpenGLAndroid.h:31:
C/C++: /Users/mikevocalz/virocore-rive-panel/android/sharedCode/../../ViroRenderer/VRODriverOpenGL.h:181:10: warning: 'setActiveTextureUnit' overrides a member function but is not marked 'override' [-Winconsistent-missing-override]
C/C++:   181 |     void setActiveTextureUnit(int unit) {
C/C++:       |          ^
C/C++: /Users/mikevocalz/virocore-rive-panel/android/sharedCode/../../ViroRenderer/VRODriver.h:212:18: note: overridden virtual function is here
C/C++:   212 |     virtual void setActiveTextureUnit(int unit) = 0;
C/C++:       |                  ^
C/C++: In file included from /Users/mikevocalz/virocore-rive-panel/android/sharedCode/src/main/cpp/jni/VRORendererARCore_JNI.cpp:29:
C/C++: In file included from /Users/mikevocalz/virocore-rive-panel/android/sharedCode/src/main/cpp/jni/VRORenderer_JNI.h:30:
C/C++: In file included from /Users/mikevocalz/virocore-rive-panel/android/sharedCode/../sharedCode/src/main/cpp/VROSceneRenderer.h:35:
C/C++: In file included from /Users/mikevocalz/virocore-rive-panel/android/sharedCode/../sharedCode/src/main/cpp/VRODriverOpenGLAndroid.h:31:
C/C++: /Users/mikevocalz/virocore-rive-panel/android/sharedCode/../../ViroRenderer/VRODriverOpenGL.h:197:10: warning: 'bindTexture' overrides a member function but is not marked 'override' [-Winconsistent-missing-override]
C/C++:   197 |     void bindTexture(int target, int texture) {
C/C++:       |          ^
C/C++: /Users/mikevocalz/virocore-rive-panel/android/sharedCode/../../ViroRenderer/VRODriver.h:213:18: note: overridden virtual function is here
C/C++:   213 |     virtual void bindTexture(int target, int texture) = 0;
C/C++:       |                  ^
C/C++: In file included from /Users/mikevocalz/virocore-rive-panel/android/sharedCode/src/main/cpp/jni/VRORendererARCore_JNI.cpp:29:
C/C++: In file included from /Users/mikevocalz/virocore-rive-panel/android/sharedCode/src/main/cpp/jni/VRORenderer_JNI.h:30:
C/C++: In file included from /Users/mikevocalz/virocore-rive-panel/android/sharedCode/../sharedCode/src/main/cpp/VROSceneRenderer.h:35:
C/C++: In file included from /Users/mikevocalz/virocore-rive-panel/android/sharedCode/../sharedCode/src/main/cpp/VRODriverOpenGLAndroid.h:31:
C/C++: /Users/mikevocalz/virocore-rive-panel/android/sharedCode/../../ViroRenderer/VRODriverOpenGL.h:204:10: warning: 'bindTexture' overrides a member function but is not marked 'override' [-Winconsistent-missing-override]
C/C++:   204 |     void bindTexture(int unit, int target, int texture) {
C/C++:       |          ^
C/C++: /Users/mikevocalz/virocore-rive-panel/android/sharedCode/../../ViroRenderer/VRODriver.h:214:18: note: overridden virtual function is here
C/C++:   214 |     virtual void bindTexture(int unit, int target, int texture) = 0;
C/C++:       |                  ^
C/C++: In file included from /Users/mikevocalz/virocore-rive-panel/android/sharedCode/src/main/cpp/jni/VRORendererARCore_JNI.cpp:29:
C/C++: In file included from /Users/mikevocalz/virocore-rive-panel/android/sharedCode/src/main/cpp/jni/VRORenderer_JNI.h:30:
C/C++: In file included from /Users/mikevocalz/virocore-rive-panel/android/sharedCode/../sharedCode/src/main/cpp/VROSceneRenderer.h:35:
C/C++: In file included from /Users/mikevocalz/virocore-rive-panel/android/sharedCode/../sharedCode/src/main/cpp/VRODriverOpenGLAndroid.h:31:
C/C++: /Users/mikevocalz/virocore-rive-panel/android/sharedCode/../../ViroRenderer/VRODriverOpenGL.h:234:10: warning: 'setDepthWritingEnabled' overrides a member function but is not marked 'override' [-Winconsistent-missing-override]
C/C++:   234 |     void setDepthWritingEnabled(bool enabled) {
C/C++:       |          ^
C/C++: /Users/mikevocalz/virocore-rive-panel/android/sharedCode/../../ViroRenderer/VRODriver.h:215:18: note: overridden virtual function is here
C/C++:   215 |     virtual void setDepthWritingEnabled(bool enabled) = 0;
C/C++:       |                  ^
C/C++: In file included from /Users/mikevocalz/virocore-rive-panel/android/sharedCode/src/main/cpp/jni/VRORendererARCore_JNI.cpp:29:
C/C++: In file included from /Users/mikevocalz/virocore-rive-panel/android/sharedCode/src/main/cpp/jni/VRORenderer_JNI.h:30:
C/C++: In file included from /Users/mikevocalz/virocore-rive-panel/android/sharedCode/../sharedCode/src/main/cpp/VROSceneRenderer.h:35:
C/C++: In file included from /Users/mikevocalz/virocore-rive-panel/android/sharedCode/../sharedCode/src/main/cpp/VRODriverOpenGLAndroid.h:31:
C/C++: /Users/mikevocalz/virocore-rive-panel/android/sharedCode/../../ViroRenderer/VRODriverOpenGL.h:248:10: warning: 'setDepthReadingEnabled' overrides a member function but is not marked 'override' [-Winconsistent-missing-override]
C/C++:   248 |     void setDepthReadingEnabled(bool enabled) {
C/C++:       |          ^
C/C++: /Users/mikevocalz/virocore-rive-panel/android/sharedCode/../../ViroRenderer/VRODriver.h:216:18: note: overridden virtual function is here
C/C++:   216 |     virtual void setDepthReadingEnabled(bool enabled) = 0;
C/C++:       |                  ^
C/C++: In file included from /Users/mikevocalz/virocore-rive-panel/android/sharedCode/src/main/cpp/jni/VRORendererARCore_JNI.cpp:29:
C/C++: In file included from /Users/mikevocalz/virocore-rive-panel/android/sharedCode/src/main/cpp/jni/VRORenderer_JNI.h:30:
C/C++: In file included from /Users/mikevocalz/virocore-rive-panel/android/sharedCode/../sharedCode/src/main/cpp/VROSceneRenderer.h:35:
C/C++: In file included from /Users/mikevocalz/virocore-rive-panel/android/sharedCode/../sharedCode/src/main/cpp/VRODriverOpenGLAndroid.h:31:
C/C++: /Users/mikevocalz/virocore-rive-panel/android/sharedCode/../../ViroRenderer/VRODriverOpenGL.h:262:10: warning: 'setStencilTestEnabled' overrides a member function but is not marked 'override' [-Winconsistent-missing-override]
C/C++:   262 |     void setStencilTestEnabled(bool enabled) {
C/C++:       |          ^
C/C++: /Users/mikevocalz/virocore-rive-panel/android/sharedCode/../../ViroRenderer/VRODriver.h:217:18: note: overridden virtual function is here
C/C++:   217 |     virtual void setStencilTestEnabled(bool enabled) = 0;
C/C++:       |                  ^
C/C++: In file included from /Users/mikevocalz/virocore-rive-panel/android/sharedCode/src/main/cpp/jni/VRORendererARCore_JNI.cpp:29:
C/C++: In file included from /Users/mikevocalz/virocore-rive-panel/android/sharedCode/src/main/cpp/jni/VRORenderer_JNI.h:30:
C/C++: In file included from /Users/mikevocalz/virocore-rive-panel/android/sharedCode/../sharedCode/src/main/cpp/VROSceneRenderer.h:35:
C/C++: In file included from /Users/mikevocalz/virocore-rive-panel/android/sharedCode/../sharedCode/src/main/cpp/VRODriverOpenGLAndroid.h:31:
C/C++: /Users/mikevocalz/virocore-rive-panel/android/sharedCode/../../ViroRenderer/VRODriverOpenGL.h:276:10: warning: 'setCullMode' overrides a member function but is not marked 'override' [-Winconsistent-missing-override]
C/C++:   276 |     void setCullMode(VROCullMode cullMode) {
C/C++:       |          ^
C/C++: /Users/mikevocalz/virocore-rive-panel/android/sharedCode/../../ViroRenderer/VRODriver.h:218:18: note: overridden virtual function is here
C/C++:   218 |     virtual void setCullMode(VROCullMode cullMode) = 0;
C/C++:       |                  ^
C/C++: In file included from /Users/mikevocalz/virocore-rive-panel/android/sharedCode/src/main/cpp/jni/VRORendererARCore_JNI.cpp:29:
C/C++: In file included from /Users/mikevocalz/virocore-rive-panel/android/sharedCode/src/main/cpp/jni/VRORenderer_JNI.h:30:
C/C++: In file included from /Users/mikevocalz/virocore-rive-panel/android/sharedCode/../sharedCode/src/main/cpp/VROSceneRenderer.h:35:
C/C++: In file included from /Users/mikevocalz/virocore-rive-panel/android/sharedCode/../sharedCode/src/main/cpp/VRODriverOpenGLAndroid.h:31:
C/C++: /Users/mikevocalz/virocore-rive-panel/android/sharedCode/../../ViroRenderer/VRODriverOpenGL.h:295:10: warning: 'setBlendingMode' overrides a member function but is not marked 'override' [-Winconsistent-missing-override]
C/C++:   295 |     void setBlendingMode(VROBlendMode mode) {
C/C++:       |          ^
C/C++: /Users/mikevocalz/virocore-rive-panel/android/sharedCode/../../ViroRenderer/VRODriver.h:311:18: note: overridden virtual function is here
C/C++:   311 |     virtual void setBlendingMode(VROBlendMode mode) = 0;
C/C++:       |                  ^
C/C++: In file included from /Users/mikevocalz/virocore-rive-panel/android/sharedCode/src/main/cpp/jni/VRORendererARCore_JNI.cpp:29:
C/C++: In file included from /Users/mikevocalz/virocore-rive-panel/android/sharedCode/src/main/cpp/jni/VRORenderer_JNI.h:30:
C/C++: In file included from /Users/mikevocalz/virocore-rive-panel/android/sharedCode/../sharedCode/src/main/cpp/VROSceneRenderer.h:35:
C/C++: In file included from /Users/mikevocalz/virocore-rive-panel/android/sharedCode/../sharedCode/src/main/cpp/VRODriverOpenGLAndroid.h:31:
C/C++: /Users/mikevocalz/virocore-rive-panel/android/sharedCode/../../ViroRenderer/VRODriverOpenGL.h:339:10: warning: 'setRenderTargetColorWritingMask' overrides a member function but is not marked 'override' [-Winconsistent-missing-override]
C/C++:   339 |     void setRenderTargetColorWritingMask(VROColorMask mask) {
C/C++:       |          ^
C/C++: /Users/mikevocalz/virocore-rive-panel/android/sharedCode/../../ViroRenderer/VRODriver.h:219:18: note: overridden virtual function is here
C/C++:   219 |     virtual void setRenderTargetColorWritingMask(VROColorMask mask) = 0;
C/C++:       |                  ^
C/C++: In file included from /Users/mikevocalz/virocore-rive-panel/android/sharedCode/src/main/cpp/jni/VRORendererARCore_JNI.cpp:29:
C/C++: In file included from /Users/mikevocalz/virocore-rive-panel/android/sharedCode/src/main/cpp/jni/VRORenderer_JNI.h:30:
C/C++: In file included from /Users/mikevocalz/virocore-rive-panel/android/sharedCode/../sharedCode/src/main/cpp/VROSceneRenderer.h:35:
C/C++: In file included from /Users/mikevocalz/virocore-rive-panel/android/sharedCode/../sharedCode/src/main/cpp/VRODriverOpenGLAndroid.h:31:
C/C++: /Users/mikevocalz/virocore-rive-panel/android/sharedCode/../../ViroRenderer/VRODriverOpenGL.h:347:10: warning: 'setMaterialColorWritingMask' overrides a member function but is not marked 'override' [-Winconsistent-missing-override]
C/C++:   347 |     void setMaterialColorWritingMask(VROColorMask mask) {
C/C++:       |          ^
C/C++: /Users/mikevocalz/virocore-rive-panel/android/sharedCode/../../ViroRenderer/VRODriver.h:220:18: note: overridden virtual function is here
C/C++:   220 |     virtual void setMaterialColorWritingMask(VROColorMask mask) = 0;
C/C++:       |                  ^
C/C++: In file included from /Users/mikevocalz/virocore-rive-panel/android/sharedCode/src/main/cpp/jni/VRORendererARCore_JNI.cpp:29:
C/C++: In file included from /Users/mikevocalz/virocore-rive-panel/android/sharedCode/src/main/cpp/jni/VRORenderer_JNI.h:30:
C/C++: In file included from /Users/mikevocalz/virocore-rive-panel/android/sharedCode/../sharedCode/src/main/cpp/VROSceneRenderer.h:35:
C/C++: In file included from /Users/mikevocalz/virocore-rive-panel/android/sharedCode/../sharedCode/src/main/cpp/VRODriverOpenGLAndroid.h:31:
C/C++: /Users/mikevocalz/virocore-rive-panel/android/sharedCode/../../ViroRenderer/VRODriverOpenGL.h:355:10: warning: 'bindShader' overrides a member function but is not marked 'override' [-Winconsistent-missing-override]
C/C++:   355 |     void bindShader(std::shared_ptr<VROShaderProgram> program) {
C/C++:       |          ^
C/C++: /Users/mikevocalz/virocore-rive-panel/android/sharedCode/../../ViroRenderer/VRODriver.h:221:18: note: overridden virtual function is here
C/C++:   221 |     virtual void bindShader(std::shared_ptr<VROShaderProgram> program) = 0;
C/C++:       |                  ^
C/C++: In file included from /Users/mikevocalz/virocore-rive-panel/android/sharedCode/src/main/cpp/jni/VRORendererARCore_JNI.cpp:29:
C/C++: In file included from /Users/mikevocalz/virocore-rive-panel/android/sharedCode/src/main/cpp/jni/VRORenderer_JNI.h:30:
C/C++: In file included from /Users/mikevocalz/virocore-rive-panel/android/sharedCode/../sharedCode/src/main/cpp/VROSceneRenderer.h:35:
C/C++: In file included from /Users/mikevocalz/virocore-rive-panel/android/sharedCode/../sharedCode/src/main/cpp/VRODriverOpenGLAndroid.h:31:
C/C++: /Users/mikevocalz/virocore-rive-panel/android/sharedCode/../../ViroRenderer/VRODriverOpenGL.h:373:10: warning: 'unbindShader' overrides a member function but is not marked 'override' [-Winconsistent-missing-override]
C/C++:   373 |     void unbindShader() {
C/C++:       |          ^
C/C++: /Users/mikevocalz/virocore-rive-panel/android/sharedCode/../../ViroRenderer/VRODriver.h:222:18: note: overridden virtual function is here
C/C++:   222 |     virtual void unbindShader() = 0;
C/C++:       |                  ^
C/C++: In file included from /Users/mikevocalz/virocore-rive-panel/android/sharedCode/src/main/cpp/jni/VRORendererARCore_JNI.cpp:29:
C/C++: In file included from /Users/mikevocalz/virocore-rive-panel/android/sharedCode/src/main/cpp/jni/VRORenderer_JNI.h:30:
C/C++: In file included from /Users/mikevocalz/virocore-rive-panel/android/sharedCode/../sharedCode/src/main/cpp/VROSceneRenderer.h:35:
C/C++: In file included from /Users/mikevocalz/virocore-rive-panel/android/sharedCode/../sharedCode/src/main/cpp/VRODriverOpenGLAndroid.h:31:
C/C++: /Users/mikevocalz/virocore-rive-panel/android/sharedCode/../../ViroRenderer/VRODriverOpenGL.h:381:10: warning: 'bindRenderTarget' overrides a member function but is not marked 'override' [-Winconsistent-missing-override]
C/C++:   381 |     bool bindRenderTarget(std::shared_ptr<VRORenderTarget> target, VRORenderTargetUnbindOp unbindOp) {
C/C++:       |          ^
C/C++: /Users/mikevocalz/virocore-rive-panel/android/sharedCode/../../ViroRenderer/VRODriver.h:229:18: note: overridden virtual function is here
C/C++:   229 |     virtual bool bindRenderTarget(std::shared_ptr<VRORenderTarget> target, VRORenderTargetUnbindOp unbindOp) = 0;
C/C++:       |                  ^
C/C++: In file included from /Users/mikevocalz/virocore-rive-panel/android/sharedCode/src/main/cpp/jni/VRORendererARCore_JNI.cpp:29:
C/C++: In file included from /Users/mikevocalz/virocore-rive-panel/android/sharedCode/src/main/cpp/jni/VRORenderer_JNI.h:30:
C/C++: In file included from /Users/mikevocalz/virocore-rive-panel/android/sharedCode/../sharedCode/src/main/cpp/VROSceneRenderer.h:35:
C/C++: In file included from /Users/mikevocalz/virocore-rive-panel/android/sharedCode/../sharedCode/src/main/cpp/VRODriverOpenGLAndroid.h:31:
C/C++: /Users/mikevocalz/virocore-rive-panel/android/sharedCode/../../ViroRenderer/VRODriverOpenGL.h:416:10: warning: 'unbindRenderTarget' overrides a member function but is not marked 'override' [-Winconsistent-missing-override]
C/C++:   416 |     void unbindRenderTarget() {
C/C++:       |          ^
C/C++: /Users/mikevocalz/virocore-rive-panel/android/sharedCode/../../ViroRenderer/VRODriver.h:230:18: note: overridden virtual function is here
C/C++:   230 |     virtual void unbindRenderTarget() = 0;
C/C++:       |                  ^
C/C++: In file included from /Users/mikevocalz/virocore-rive-panel/android/sharedCode/src/main/cpp/jni/VRORendererARCore_JNI.cpp:29:
C/C++: In file included from /Users/mikevocalz/virocore-rive-panel/android/sharedCode/src/main/cpp/jni/VRORenderer_JNI.h:30:
C/C++: In file included from /Users/mikevocalz/virocore-rive-panel/android/sharedCode/../sharedCode/src/main/cpp/VROSceneRenderer.h:35:
C/C++: In file included from /Users/mikevocalz/virocore-rive-panel/android/sharedCode/../sharedCode/src/main/cpp/VRODriverOpenGLAndroid.h:31:
C/C++: /Users/mikevocalz/virocore-rive-panel/android/sharedCode/../../ViroRenderer/VRODriverOpenGL.h:424:38: warning: 'getRenderTarget' overrides a member function but is not marked 'override' [-Winconsistent-missing-override]
C/C++:   424 |     std::shared_ptr<VRORenderTarget> getRenderTarget() {
C/C++:       |                                      ^
C/C++: /Users/mikevocalz/virocore-rive-panel/android/sharedCode/../../ViroRenderer/VRODriver.h:236:46: note: overridden virtual function is here
C/C++:   236 |     virtual std::shared_ptr<VRORenderTarget> getRenderTarget() = 0;
C/C++:       |                                              ^
C/C++: In file included from /Users/mikevocalz/virocore-rive-panel/android/sharedCode/src/main/cpp/jni/VRORendererARCore_JNI.cpp:29:
C/C++: In file included from /Users/mikevocalz/virocore-rive-panel/android/sharedCode/src/main/cpp/jni/VRORenderer_JNI.h:30:
C/C++: In file included from /Users/mikevocalz/virocore-rive-panel/android/sharedCode/../sharedCode/src/main/cpp/VROSceneRenderer.h:35:
C/C++: In file included from /Users/mikevocalz/virocore-rive-panel/android/sharedCode/../sharedCode/src/main/cpp/VRODriverOpenGLAndroid.h:31:
C/C++: /Users/mikevocalz/virocore-rive-panel/android/sharedCode/../../ViroRenderer/VRODriverOpenGL.h:428:18: warning: 'isBloomSupported' overrides a member function but is not marked 'override' [-Winconsistent-missing-override]
C/C++:   428 |     virtual bool isBloomSupported() {
C/C++:       |                  ^
C/C++: /Users/mikevocalz/virocore-rive-panel/android/sharedCode/../../ViroRenderer/VRODriver.h:267:18: note: overridden virtual function is here
C/C++:   267 |     virtual bool isBloomSupported() = 0;
C/C++:       |                  ^
C/C++: In file included from /Users/mikevocalz/virocore-rive-panel/android/sharedCode/src/main/cpp/jni/VRORendererARCore_JNI.cpp:29:
C/C++: In file included from /Users/mikevocalz/virocore-rive-panel/android/sharedCode/src/main/cpp/jni/VRORenderer_JNI.h:30:
C/C++: In file included from /Users/mikevocalz/virocore-rive-panel/android/sharedCode/../sharedCode/src/main/cpp/VROSceneRenderer.h:35:
C/C++: In file included from /Users/mikevocalz/virocore-rive-panel/android/sharedCode/../sharedCode/src/main/cpp/VRODriverOpenGLAndroid.h:31:
C/C++: /Users/mikevocalz/virocore-rive-panel/android/sharedCode/../../ViroRenderer/VRODriverOpenGL.h:432:27: warning: 'newGeometrySubstrate' overrides a member function but is not marked 'override' [-Winconsistent-missing-override]
C/C++:   432 |     VROGeometrySubstrate *newGeometrySubstrate(const VROGeometry &geometry) {
C/C++:       |                           ^
C/C++: /Users/mikevocalz/virocore-rive-panel/android/sharedCode/../../ViroRenderer/VRODriver.h:269:35: note: overridden virtual function is here
C/C++:   269 |     virtual VROGeometrySubstrate *newGeometrySubstrate(const VROGeometry &geometry) = 0;
C/C++:       |                                   ^
C/C++: In file included from /Users/mikevocalz/virocore-rive-panel/android/sharedCode/src/main/cpp/jni/VRORendererARCore_JNI.cpp:29:
C/C++: In file included from /Users/mikevocalz/virocore-rive-panel/android/sharedCode/src/main/cpp/jni/VRORenderer_JNI.h:30:
C/C++: In file included from /Users/mikevocalz/virocore-rive-panel/android/sharedCode/../sharedCode/src/main/cpp/VROSceneRenderer.h:35:
C/C++: In file included from /Users/mikevocalz/virocore-rive-panel/android/sharedCode/../sharedCode/src/main/cpp/VRODriverOpenGLAndroid.h:31:
C/C++: /Users/mikevocalz/virocore-rive-panel/android/sharedCode/../../ViroRenderer/VRODriverOpenGL.h:437:27: warning: 'newMaterialSubstrate' overrides a member function but is not marked 'override' [-Winconsistent-missing-override]
C/C++:   437 |     VROMaterialSubstrate *newMaterialSubstrate(VROMaterial &material) {
C/C++:       |                           ^
C/C++: /Users/mikevocalz/virocore-rive-panel/android/sharedCode/../../ViroRenderer/VRODriver.h:270:35: note: overridden virtual function is here
C/C++:   270 |     virtual VROMaterialSubstrate *newMaterialSubstrate(VROMaterial &material) = 0;
C/C++:       |                                   ^
C/C++: In file included from /Users/mikevocalz/virocore-rive-panel/android/sharedCode/src/main/cpp/jni/VRORendererARCore_JNI.cpp:29:
C/C++: In file included from /Users/mikevocalz/virocore-rive-panel/android/sharedCode/src/main/cpp/jni/VRORenderer_JNI.h:30:
C/C++: In file included from /Users/mikevocalz/virocore-rive-panel/android/sharedCode/../sharedCode/src/main/cpp/VROSceneRenderer.h:35:
C/C++: In file included from /Users/mikevocalz/virocore-rive-panel/android/sharedCode/../sharedCode/src/main/cpp/VRODriverOpenGLAndroid.h:31:
C/C++: /Users/mikevocalz/virocore-rive-panel/android/sharedCode/../../ViroRenderer/VRODriverOpenGL.h:442:26: warning: 'newTextureSubstrate' overrides a member function but is not marked 'override' [-Winconsistent-missing-override]
C/C++:   442 |     VROTextureSubstrate *newTextureSubstrate(VROTextureType type,
C/C++:       |                          ^
C/C++: /Users/mikevocalz/virocore-rive-panel/android/sharedCode/../../ViroRenderer/VRODriver.h:271:34: note: overridden virtual function is here
C/C++:   271 |     virtual VROTextureSubstrate *newTextureSubstrate(VROTextureType type,
C/C++:       |                                  ^
C/C++: In file included from /Users/mikevocalz/virocore-rive-panel/android/sharedCode/src/main/cpp/jni/VRORendererARCore_JNI.cpp:29:
C/C++: In file included from /Users/mikevocalz/virocore-rive-panel/android/sharedCode/src/main/cpp/jni/VRORenderer_JNI.h:30:
C/C++: In file included from /Users/mikevocalz/virocore-rive-panel/android/sharedCode/../sharedCode/src/main/cpp/VROSceneRenderer.h:35:
C/C++: In file included from /Users/mikevocalz/virocore-rive-panel/android/sharedCode/../sharedCode/src/main/cpp/VRODriverOpenGLAndroid.h:31:
C/C++: /Users/mikevocalz/virocore-rive-panel/android/sharedCode/../../ViroRenderer/VRODriverOpenGL.h:457:38: warning: 'newRenderTarget' overrides a member function but is not marked 'override' [-Winconsistent-missing-override]
C/C++:   457 |     std::shared_ptr<VRORenderTarget> newRenderTarget(VRORenderTargetType type, int numAttachments, int numImages, bool enableMipmaps,
C/C++:       |                                      ^
C/C++: /Users/mikevocalz/virocore-rive-panel/android/sharedCode/../../ViroRenderer/VRODriver.h:279:46: note: overridden virtual function is here
C/C++:   279 |     virtual std::shared_ptr<VRORenderTarget> newRenderTarget(VRORenderTargetType type, int numAttachments, int numImages,
C/C++:       |                                              ^
C/C++: In file included from /Users/mikevocalz/virocore-rive-panel/android/sharedCode/src/main/cpp/jni/VRORendererARCore_JNI.cpp:29:
C/C++: In file included from /Users/mikevocalz/virocore-rive-panel/android/sharedCode/src/main/cpp/jni/VRORenderer_JNI.h:30:
C/C++: In file included from /Users/mikevocalz/virocore-rive-panel/android/sharedCode/../sharedCode/src/main/cpp/VROSceneRenderer.h:35:
C/C++: In file included from /Users/mikevocalz/virocore-rive-panel/android/sharedCode/../sharedCode/src/main/cpp/VRODriverOpenGLAndroid.h:31:
C/C++: /Users/mikevocalz/virocore-rive-panel/android/sharedCode/../../ViroRenderer/VRODriverOpenGL.h:465:38: warning: 'newVertexBuffer' overrides a member function but is not marked 'override' [-Winconsistent-missing-override]
C/C++:   465 |     std::shared_ptr<VROVertexBuffer> newVertexBuffer(std::shared_ptr<VROData> data) {
C/C++:       |                                      ^
C/C++: /Users/mikevocalz/virocore-rive-panel/android/sharedCode/../../ViroRenderer/VRODriver.h:281:46: note: overridden virtual function is here
C/C++:   281 |     virtual std::shared_ptr<VROVertexBuffer> newVertexBuffer(std::shared_ptr<VROData> data) = 0;
C/C++:       |                                              ^
C/C++: In file included from /Users/mikevocalz/virocore-rive-panel/android/sharedCode/src/main/cpp/jni/VRORendererARCore_JNI.cpp:29:
C/C++: In file included from /Users/mikevocalz/virocore-rive-panel/android/sharedCode/src/main/cpp/jni/VRORenderer_JNI.h:30:
C/C++: In file included from /Users/mikevocalz/virocore-rive-panel/android/sharedCode/../sharedCode/src/main/cpp/VROSceneRenderer.h:35:
C/C++: In file included from /Users/mikevocalz/virocore-rive-panel/android/sharedCode/../sharedCode/src/main/cpp/VRODriverOpenGLAndroid.h:31:
C/C++: /Users/mikevocalz/virocore-rive-panel/android/sharedCode/../../ViroRenderer/VRODriverOpenGL.h:476:42: warning: 'newImagePostProcess' overrides a member function but is not marked 'override' [-Winconsistent-missing-override]
C/C++:   476 |     std::shared_ptr<VROImagePostProcess> newImagePostProcess(std::shared_ptr<VROShaderProgram> shader) {
C/C++:       |                                          ^
C/C++: /Users/mikevocalz/virocore-rive-panel/android/sharedCode/../../ViroRenderer/VRODriver.h:293:50: note: overridden virtual function is here
C/C++:   293 |     virtual std::shared_ptr<VROImagePostProcess> newImagePostProcess(std::shared_ptr<VROShaderProgram> shader) = 0;
C/C++:       |                                                  ^
C/C++: In file included from /Users/mikevocalz/virocore-rive-panel/android/sharedCode/src/main/cpp/jni/VRORendererARCore_JNI.cpp:29:
C/C++: In file included from /Users/mikevocalz/virocore-rive-panel/android/sharedCode/src/main/cpp/jni/VRORenderer_JNI.h:30:
C/C++: In file included from /Users/mikevocalz/virocore-rive-panel/android/sharedCode/../sharedCode/src/main/cpp/VROSceneRenderer.h:35:
C/C++: In file included from /Users/mikevocalz/virocore-rive-panel/android/sharedCode/../sharedCode/src/main/cpp/VRODriverOpenGLAndroid.h:31:
C/C++: /Users/mikevocalz/virocore-rive-panel/android/sharedCode/../../ViroRenderer/VRODriverOpenGL.h:480:10: warning: 'readGPUType' overrides a member function but is not marked 'override' [-Winconsistent-missing-override]
C/C++:   480 |     void readGPUType() {
C/C++:       |          ^
C/C++: /Users/mikevocalz/virocore-rive-panel/android/sharedCode/../../ViroRenderer/VRODriver.h:193:18: note: overridden virtual function is here
C/C++:   193 |     virtual void readGPUType() = 0;
C/C++:       |                  ^
C/C++: In file included from /Users/mikevocalz/virocore-rive-panel/android/sharedCode/src/main/cpp/jni/VRORendererARCore_JNI.cpp:29:
C/C++: In file included from /Users/mikevocalz/virocore-rive-panel/android/sharedCode/src/main/cpp/jni/VRORenderer_JNI.h:30:
C/C++: In file included from /Users/mikevocalz/virocore-rive-panel/android/sharedCode/../sharedCode/src/main/cpp/VROSceneRenderer.h:35:
C/C++: In file included from /Users/mikevocalz/virocore-rive-panel/android/sharedCode/../sharedCode/src/main/cpp/VRODriverOpenGLAndroid.h:31:
C/C++: /Users/mikevocalz/virocore-rive-panel/android/sharedCode/../../ViroRenderer/VRODriverOpenGL.h:507:10: warning: 'setHasSoftwareGammaPass' overrides a member function but is not marked 'override' [-Winconsistent-missing-override]
C/C++:   507 |     void setHasSoftwareGammaPass(bool gammaPass) {
C/C++:       |          ^
C/C++: /Users/mikevocalz/virocore-rive-panel/android/sharedCode/../../ViroRenderer/VRODriver.h:248:18: note: overridden virtual function is here
C/C++:   248 |     virtual void setHasSoftwareGammaPass(bool softwareGamma) = 0;
C/C++:       |                  ^
C/C++: In file included from /Users/mikevocalz/virocore-rive-panel/android/sharedCode/src/main/cpp/jni/VRORendererARCore_JNI.cpp:29:
C/C++: In file included from /Users/mikevocalz/virocore-rive-panel/android/sharedCode/src/main/cpp/jni/VRORenderer_JNI.h:30:
C/C++: In file included from /Users/mikevocalz/virocore-rive-panel/android/sharedCode/../sharedCode/src/main/cpp/VROSceneRenderer.h:35:
C/C++: In file included from /Users/mikevocalz/virocore-rive-panel/android/sharedCode/../sharedCode/src/main/cpp/VRODriverOpenGLAndroid.h:31:
C/C++: /Users/mikevocalz/virocore-rive-panel/android/sharedCode/../../ViroRenderer/VRODriverOpenGL.h:510:10: warning: 'hasSoftwareGammaPass' overrides a member function but is not marked 'override' [-Winconsistent-missing-override]
C/C++:   510 |     bool hasSoftwareGammaPass() const {
C/C++:       |          ^
C/C++: /Users/mikevocalz/virocore-rive-panel/android/sharedCode/../../ViroRenderer/VRODriver.h:249:18: note: overridden virtual function is here
C/C++:   249 |     virtual bool hasSoftwareGammaPass() const = 0;
C/C++:       |                  ^
C/C++: In file included from /Users/mikevocalz/virocore-rive-panel/android/sharedCode/src/main/cpp/jni/VRORendererARCore_JNI.cpp:29:
C/C++: In file included from /Users/mikevocalz/virocore-rive-panel/android/sharedCode/src/main/cpp/jni/VRORenderer_JNI.h:30:
C/C++: In file included from /Users/mikevocalz/virocore-rive-panel/android/sharedCode/../sharedCode/src/main/cpp/VROSceneRenderer.h:35:
C/C++: In file included from /Users/mikevocalz/virocore-rive-panel/android/sharedCode/../sharedCode/src/main/cpp/VRODriverOpenGLAndroid.h:31:
C/C++: /Users/mikevocalz/virocore-rive-panel/android/sharedCode/../../ViroRenderer/VRODriverOpenGL.h:514:16: warning: 'getGPUType' overrides a member function but is not marked 'override' [-Winconsistent-missing-override]
C/C++:   514 |     VROGPUType getGPUType() {
C/C++:       |                ^
C/C++: /Users/mikevocalz/virocore-rive-panel/android/sharedCode/../../ViroRenderer/VRODriver.h:198:24: note: overridden virtual function is here
C/C++:   198 |     virtual VROGPUType getGPUType() = 0;
C/C++:       |                        ^
C/C++: In file included from /Users/mikevocalz/virocore-rive-panel/android/sharedCode/src/main/cpp/jni/VRORendererARCore_JNI.cpp:29:
C/C++: In file included from /Users/mikevocalz/virocore-rive-panel/android/sharedCode/src/main/cpp/jni/VRORenderer_JNI.h:30:
C/C++: In file included from /Users/mikevocalz/virocore-rive-panel/android/sharedCode/../sharedCode/src/main/cpp/VROSceneRenderer.h:35:
C/C++: In file included from /Users/mikevocalz/virocore-rive-panel/android/sharedCode/../sharedCode/src/main/cpp/VRODriverOpenGLAndroid.h:31:
C/C++: /Users/mikevocalz/virocore-rive-panel/android/sharedCode/../../ViroRenderer/VRODriverOpenGL.h:518:10: warning: 'readDisplayFramebuffer' overrides a member function but is not marked 'override' [-Winconsistent-missing-override]
C/C++:   518 |     void readDisplayFramebuffer() {
C/C++:       |          ^
C/C++: /Users/mikevocalz/virocore-rive-panel/android/sharedCode/../../ViroRenderer/VRODriver.h:205:18: note: overridden virtual function is here
C/C++:   205 |     virtual void readDisplayFramebuffer() = 0;
C/C++:       |                  ^
C/C++: In file included from /Users/mikevocalz/virocore-rive-panel/android/sharedCode/src/main/cpp/jni/VRORendererARCore_JNI.cpp:29:
C/C++: In file included from /Users/mikevocalz/virocore-rive-panel/android/sharedCode/src/main/cpp/jni/VRORenderer_JNI.h:30:
C/C++: In file included from /Users/mikevocalz/virocore-rive-panel/android/sharedCode/../sharedCode/src/main/cpp/VROSceneRenderer.h:35:
C/C++: In file included from /Users/mikevocalz/virocore-rive-panel/android/sharedCode/../sharedCode/src/main/cpp/VRODriverOpenGLAndroid.h:31:
C/C++: /Users/mikevocalz/virocore-rive-panel/android/sharedCode/../../ViroRenderer/VRODriverOpenGL.h:522:46: warning: 'getDisplay' overrides a member function but is not marked 'override' [-Winconsistent-missing-override]
C/C++:   522 |     virtual std::shared_ptr<VRORenderTarget> getDisplay() {
C/C++:       |                                              ^
C/C++: /Users/mikevocalz/virocore-rive-panel/android/sharedCode/../../ViroRenderer/VRODriver.h:292:46: note: overridden virtual function is here
C/C++:   292 |     virtual std::shared_ptr<VRORenderTarget> getDisplay() = 0;
C/C++:       |                                              ^
C/C++: In file included from /Users/mikevocalz/virocore-rive-panel/android/sharedCode/src/main/cpp/jni/VRORendererARCore_JNI.cpp:29:
C/C++: In file included from /Users/mikevocalz/virocore-rive-panel/android/sharedCode/src/main/cpp/jni/VRORenderer_JNI.h:30:
C/C++: In file included from /Users/mikevocalz/virocore-rive-panel/android/sharedCode/../sharedCode/src/main/cpp/VROSceneRenderer.h:35:
C/C++: In file included from /Users/mikevocalz/virocore-rive-panel/android/sharedCode/../sharedCode/src/main/cpp/VRODriverOpenGLAndroid.h:31:
C/C++: /Users/mikevocalz/virocore-rive-panel/android/sharedCode/../../ViroRenderer/VRODriverOpenGL.h:556:44: warning: 'newTypefaceCollection' overrides a member function but is not marked 'override' [-Winconsistent-missing-override]
C/C++:   556 |     std::shared_ptr<VROTypefaceCollection> newTypefaceCollection(std::string typefaces, int size, VROFontStyle style,
C/C++:       |                                            ^
C/C++: /Users/mikevocalz/virocore-rive-panel/android/sharedCode/../../ViroRenderer/VRODriver.h:308:52: note: overridden virtual function is here
C/C++:   308 |     virtual std::shared_ptr<VROTypefaceCollection> newTypefaceCollection(std::string typefaces, int size, VROFontStyle style, VROFontWeight weight) = 0;
C/C++:       |                                                    ^
C/C++: In file included from /Users/mikevocalz/virocore-rive-panel/android/sharedCode/src/main/cpp/jni/VRORendererARCore_JNI.cpp:29:
C/C++: In file included from /Users/mikevocalz/virocore-rive-panel/android/sharedCode/src/main/cpp/jni/VRORenderer_JNI.h:30:
C/C++: In file included from /Users/mikevocalz/virocore-rive-panel/android/sharedCode/../sharedCode/src/main/cpp/VROSceneRenderer.h:35:
C/C++: In file included from /Users/mikevocalz/virocore-rive-panel/android/sharedCode/../sharedCode/src/main/cpp/VRODriverOpenGLAndroid.h:31:
C/C++: /Users/mikevocalz/virocore-rive-panel/android/sharedCode/../../ViroRenderer/VRODriverOpenGL.h:580:40: warning: 'getFrameScheduler' overrides a member function but is not marked 'override' [-Winconsistent-missing-override]
C/C++:   580 |     std::shared_ptr<VROFrameScheduler> getFrameScheduler() {
C/C++:       |                                        ^
C/C++: /Users/mikevocalz/virocore-rive-panel/android/sharedCode/../../ViroRenderer/VRODriver.h:313:48: note: overridden virtual function is here
C/C++:   313 |     virtual std::shared_ptr<VROFrameScheduler> getFrameScheduler() = 0;
C/C++:       |                                                ^
C/C++: In file included from /Users/mikevocalz/virocore-rive-panel/android/sharedCode/src/main/cpp/jni/VRORendererARCore_JNI.cpp:29:
C/C++: In file included from /Users/mikevocalz/virocore-rive-panel/android/sharedCode/src/main/cpp/jni/VRORenderer_JNI.h:30:
C/C++: In file included from /Users/mikevocalz/virocore-rive-panel/android/sharedCode/../sharedCode/src/main/cpp/VROSceneRenderer.h:35:
C/C++: In file included from /Users/mikevocalz/virocore-rive-panel/android/sharedCode/../sharedCode/src/main/cpp/VRODriverOpenGLAndroid.h:31:
C/C++: /Users/mikevocalz/virocore-rive-panel/android/sharedCode/../../ViroRenderer/VRODriverOpenGL.h:635:19: warning: 'getGraphicsContext' overrides a member function but is not marked 'override' [-Winconsistent-missing-override]
C/C++:   635 |     virtual void *getGraphicsContext() { return nullptr; }
C/C++:       |                   ^
C/C++: /Users/mikevocalz/virocore-rive-panel/android/sharedCode/../../ViroRenderer/VRODriver.h:314:19: note: overridden virtual function is here
C/C++:   314 |     virtual void *getGraphicsContext() = 0;
C/C++:       |                   ^
C/C++: In file included from /Users/mikevocalz/virocore-rive-panel/android/sharedCode/src/main/cpp/jni/VRORendererARCore_JNI.cpp:29:
C/C++: In file included from /Users/mikevocalz/virocore-rive-panel/android/sharedCode/src/main/cpp/jni/VRORenderer_JNI.h:30:
C/C++: In file included from /Users/mikevocalz/virocore-rive-panel/android/sharedCode/../sharedCode/src/main/cpp/VROSceneRenderer.h:35:
C/C++: /Users/mikevocalz/virocore-rive-panel/android/sharedCode/../sharedCode/src/main/cpp/VRODriverOpenGLAndroid.h:49:35: warning: 'getColorRenderingMode' overrides a member function but is not marked 'override' [-Winconsistent-missing-override]
C/C++:    49 |     virtual VROColorRenderingMode getColorRenderingMode() {
C/C++:       |                                   ^
C/C++: /Users/mikevocalz/virocore-rive-panel/android/sharedCode/../../ViroRenderer/VRODriver.h:242:35: note: overridden virtual function is here
C/C++:   242 |     virtual VROColorRenderingMode getColorRenderingMode() = 0;
C/C++:       |                                   ^
C/C++: In file included from /Users/mikevocalz/virocore-rive-panel/android/sharedCode/src/main/cpp/jni/VRORendererARCore_JNI.cpp:29:
C/C++: In file included from /Users/mikevocalz/virocore-rive-panel/android/sharedCode/src/main/cpp/jni/VRORenderer_JNI.h:30:
C/C++: In file included from /Users/mikevocalz/virocore-rive-panel/android/sharedCode/../sharedCode/src/main/cpp/VROSceneRenderer.h:35:
C/C++: /Users/mikevocalz/virocore-rive-panel/android/sharedCode/../sharedCode/src/main/cpp/VRODriverOpenGLAndroid.h:63:18: warning: 'isBloomSupported' overrides a member function but is not marked 'override' [-Winconsistent-missing-override]
C/C++:    63 |     virtual bool isBloomSupported() {
C/C++:       |                  ^
C/C++: /Users/mikevocalz/virocore-rive-panel/android/sharedCode/../../ViroRenderer/VRODriverOpenGL.h:428:18: note: overridden virtual function is here
C/C++:   428 |     virtual bool isBloomSupported() {
C/C++:       |                  ^
C/C++: In file included from /Users/mikevocalz/virocore-rive-panel/android/sharedCode/src/main/cpp/jni/VRORendererARCore_JNI.cpp:29:
C/C++: In file included from /Users/mikevocalz/virocore-rive-panel/android/sharedCode/src/main/cpp/jni/VRORenderer_JNI.h:30:
C/C++: In file included from /Users/mikevocalz/virocore-rive-panel/android/sharedCode/../sharedCode/src/main/cpp/VROSceneRenderer.h:35:
C/C++: /Users/mikevocalz/virocore-rive-panel/android/sharedCode/../sharedCode/src/main/cpp/VRODriverOpenGLAndroid.h:72:10: warning: 'willRenderFrame' overrides a member function but is not marked 'override' [-Winconsistent-missing-override]
C/C++:    72 |     void willRenderFrame(const VRORenderContext &context) {
C/C++:       |          ^
C/C++: /Users/mikevocalz/virocore-rive-panel/android/sharedCode/../../ViroRenderer/VRODriverOpenGL.h:64:10: note: overridden virtual function is here
C/C++:    64 |     void willRenderFrame(const VRORenderContext &context) {
C/C++:       |          ^
C/C++: In file included from /Users/mikevocalz/virocore-rive-panel/android/sharedCode/src/main/cpp/jni/VRORendererARCore_JNI.cpp:29:
C/C++: In file included from /Users/mikevocalz/virocore-rive-panel/android/sharedCode/src/main/cpp/jni/VRORenderer_JNI.h:30:
C/C++: In file included from /Users/mikevocalz/virocore-rive-panel/android/sharedCode/../sharedCode/src/main/cpp/VROSceneRenderer.h:35:
C/C++: /Users/mikevocalz/virocore-rive-panel/android/sharedCode/../sharedCode/src/main/cpp/VRODriverOpenGLAndroid.h:79:10: warning: 'pause' overrides a member function but is not marked 'override' [-Winconsistent-missing-override]
C/C++:    79 |     void pause() {
C/C++:       |          ^
C/C++: /Users/mikevocalz/virocore-rive-panel/android/sharedCode/../../ViroRenderer/VRODriver.h:185:18: note: overridden virtual function is here
C/C++:   185 |     virtual void pause() = 0;
C/C++:       |                  ^
C/C++: In file included from /Users/mikevocalz/virocore-rive-panel/android/sharedCode/src/main/cpp/jni/VRORendererARCore_JNI.cpp:29:
C/C++: In file included from /Users/mikevocalz/virocore-rive-panel/android/sharedCode/src/main/cpp/jni/VRORenderer_JNI.h:30:
C/C++: In file included from /Users/mikevocalz/virocore-rive-panel/android/sharedCode/../sharedCode/src/main/cpp/VROSceneRenderer.h:35:
C/C++: /Users/mikevocalz/virocore-rive-panel/android/sharedCode/../sharedCode/src/main/cpp/VRODriverOpenGLAndroid.h:83:10: warning: 'resume' overrides a member function but is not marked 'override' [-Winconsistent-missing-override]
C/C++:    83 |     void resume() {
C/C++:       |          ^
C/C++: /Users/mikevocalz/virocore-rive-panel/android/sharedCode/../../ViroRenderer/VRODriver.h:186:18: note: overridden virtual function is here
C/C++:   186 |     virtual void resume() = 0;
C/C++:       |                  ^
C/C++: In file included from /Users/mikevocalz/virocore-rive-panel/android/sharedCode/src/main/cpp/jni/VRORendererARCore_JNI.cpp:29:
C/C++: In file included from /Users/mikevocalz/virocore-rive-panel/android/sharedCode/src/main/cpp/jni/VRORenderer_JNI.h:30:
C/C++: In file included from /Users/mikevocalz/virocore-rive-panel/android/sharedCode/../sharedCode/src/main/cpp/VROSceneRenderer.h:35:
C/C++: /Users/mikevocalz/virocore-rive-panel/android/sharedCode/../sharedCode/src/main/cpp/VRODriverOpenGLAndroid.h:87:43: warning: 'newVideoTextureCache' overrides a member function but is not marked 'override' [-Winconsistent-missing-override]
C/C++:    87 |     std::shared_ptr<VROVideoTextureCache> newVideoTextureCache() {
C/C++:       |                                           ^
C/C++: /Users/mikevocalz/virocore-rive-panel/android/sharedCode/../../ViroRenderer/VRODriver.h:294:51: note: overridden virtual function is here
C/C++:   294 |     virtual std::shared_ptr<VROVideoTextureCache> newVideoTextureCache() = 0;
C/C++:       |                                                   ^
C/C++: In file included from /Users/mikevocalz/virocore-rive-panel/android/sharedCode/src/main/cpp/jni/VRORendererARCore_JNI.cpp:29:
C/C++: In file included from /Users/mikevocalz/virocore-rive-panel/android/sharedCode/src/main/cpp/jni/VRORenderer_JNI.h:30:
C/C++: In file included from /Users/mikevocalz/virocore-rive-panel/android/sharedCode/../sharedCode/src/main/cpp/VROSceneRenderer.h:35:
C/C++: /Users/mikevocalz/virocore-rive-panel/android/sharedCode/../sharedCode/src/main/cpp/VRODriverOpenGLAndroid.h:92:31: warning: 'newSound' overrides a member function but is not marked 'override' [-Winconsistent-missing-override]
C/C++:    92 |     std::shared_ptr<VROSound> newSound(std::shared_ptr<VROSoundData> data, VROSoundType type) {
C/C++:       |                               ^
C/C++: /Users/mikevocalz/virocore-rive-panel/android/sharedCode/../../ViroRenderer/VRODriver.h:295:39: note: overridden virtual function is here
C/C++:   295 |     virtual std::shared_ptr<VROSound> newSound(std::shared_ptr<VROSoundData> data, VROSoundType type) = 0;
C/C++:       |                                       ^
C/C++: In file included from /Users/mikevocalz/virocore-rive-panel/android/sharedCode/src/main/cpp/jni/VRORendererARCore_JNI.cpp:29:
C/C++: In file included from /Users/mikevocalz/virocore-rive-panel/android/sharedCode/src/main/cpp/jni/VRORenderer_JNI.h:30:
C/C++: In file included from /Users/mikevocalz/virocore-rive-panel/android/sharedCode/../sharedCode/src/main/cpp/VROSceneRenderer.h:35:
C/C++: /Users/mikevocalz/virocore-rive-panel/android/sharedCode/../sharedCode/src/main/cpp/VRODriverOpenGLAndroid.h:96:31: warning: 'newSound' overrides a member function but is not marked 'override' [-Winconsistent-missing-override]
C/C++:    96 |     std::shared_ptr<VROSound> newSound(std::string resource, VROResourceType resourceType, VROSoundType type) {
C/C++:       |                               ^
C/C++: /Users/mikevocalz/virocore-rive-panel/android/sharedCode/../../ViroRenderer/VRODriver.h:296:39: note: overridden virtual function is here
C/C++:   296 |     virtual std::shared_ptr<VROSound> newSound(std::string resource, VROResourceType resourceType, VROSoundType type) = 0;
C/C++:       |                                       ^
C/C++: In file included from /Users/mikevocalz/virocore-rive-panel/android/sharedCode/src/main/cpp/jni/VRORendererARCore_JNI.cpp:29:
C/C++: In file included from /Users/mikevocalz/virocore-rive-panel/android/sharedCode/src/main/cpp/jni/VRORenderer_JNI.h:30:
C/C++: In file included from /Users/mikevocalz/virocore-rive-panel/android/sharedCode/../sharedCode/src/main/cpp/VROSceneRenderer.h:35:
C/C++: /Users/mikevocalz/virocore-rive-panel/android/sharedCode/../sharedCode/src/main/cpp/VRODriverOpenGLAndroid.h:100:37: warning: 'newAudioPlayer' overrides a member function but is not marked 'override' [-Winconsistent-missing-override]
C/C++:   100 |     std::shared_ptr<VROAudioPlayer> newAudioPlayer(std::shared_ptr<VROSoundData> data) {
C/C++:       |                                     ^
C/C++: /Users/mikevocalz/virocore-rive-panel/android/sharedCode/../../ViroRenderer/VRODriver.h:297:45: note: overridden virtual function is here
C/C++:   297 |     virtual std::shared_ptr<VROAudioPlayer> newAudioPlayer(std::shared_ptr<VROSoundData> data) = 0;
C/C++:       |                                             ^
C/C++: In file included from /Users/mikevocalz/virocore-rive-panel/android/sharedCode/src/main/cpp/jni/VRORendererARCore_JNI.cpp:29:
C/C++: In file included from /Users/mikevocalz/virocore-rive-panel/android/sharedCode/src/main/cpp/jni/VRORenderer_JNI.h:30:
C/C++: In file included from /Users/mikevocalz/virocore-rive-panel/android/sharedCode/../sharedCode/src/main/cpp/VROSceneRenderer.h:35:
C/C++: /Users/mikevocalz/virocore-rive-panel/android/sharedCode/../sharedCode/src/main/cpp/VRODriverOpenGLAndroid.h:104:37: warning: 'newAudioPlayer' overrides a member function but is not marked 'override' [-Winconsistent-missing-override]
C/C++:   104 |     std::shared_ptr<VROAudioPlayer> newAudioPlayer(std::string fileName, bool isLocal) {
C/C++:       |                                     ^
C/C++: /Users/mikevocalz/virocore-rive-panel/android/sharedCode/../../ViroRenderer/VRODriver.h:298:45: note: overridden virtual function is here
C/C++:   298 |     virtual std::shared_ptr<VROAudioPlayer> newAudioPlayer(std::string path, bool isLocal) = 0;
C/C++:       |                                             ^
C/C++: In file included from /Users/mikevocalz/virocore-rive-panel/android/sharedCode/src/main/cpp/jni/VRORendererARCore_JNI.cpp:29:
C/C++: In file included from /Users/mikevocalz/virocore-rive-panel/android/sharedCode/src/main/cpp/jni/VRORenderer_JNI.h:30:
C/C++: In file included from /Users/mikevocalz/virocore-rive-panel/android/sharedCode/../sharedCode/src/main/cpp/VROSceneRenderer.h:35:
C/C++: /Users/mikevocalz/virocore-rive-panel/android/sharedCode/../sharedCode/src/main/cpp/VRODriverOpenGLAndroid.h:116:10: warning: 'setSoundRoom' overrides a member function but is not marked 'override' [-Winconsistent-missing-override]
C/C++:   116 |     void setSoundRoom(float sizeX, float sizeY, float sizeZ, std::string wallMaterial,
C/C++:       |          ^
C/C++: /Users/mikevocalz/virocore-rive-panel/android/sharedCode/../../ViroRenderer/VRODriver.h:309:18: note: overridden virtual function is here
C/C++:   309 |     virtual void setSoundRoom(float sizeX, float sizeY, float sizeZ, std::string wallMaterial,
C/C++:       |                  ^
C/C++: In file included from /Users/mikevocalz/virocore-rive-panel/android/sharedCode/src/main/cpp/jni/VRORendererARCore_JNI.cpp:29:
C/C++: In file included from /Users/mikevocalz/virocore-rive-panel/android/sharedCode/src/main/cpp/jni/VRORenderer_JNI.h:30:
C/C++: In file included from /Users/mikevocalz/virocore-rive-panel/android/sharedCode/../sharedCode/src/main/cpp/VROSceneRenderer.h:35:
C/C++: /Users/mikevocalz/virocore-rive-panel/android/sharedCode/../sharedCode/src/main/cpp/VRODriverOpenGLAndroid.h:135:44: warning: 'createTypefaceCollection' overrides a member function but is not marked 'override' [-Winconsistent-missing-override]
C/C++:   135 |     std::shared_ptr<VROTypefaceCollection> createTypefaceCollection(std::string typefaceNames, int size, VROFontStyle style,
C/C++:       |                                            ^
C/C++: /Users/mikevocalz/virocore-rive-panel/android/sharedCode/../../ViroRenderer/VRODriverOpenGL.h:628:52: note: overridden virtual function is here
C/C++:   628 |     virtual std::shared_ptr<VROTypefaceCollection> createTypefaceCollection(std::string typefaces, int size, VROFontStyle style,
C/C++:       |                                                    ^
C/C++: In file included from /Users/mikevocalz/virocore-rive-panel/android/sharedCode/src/main/cpp/jni/VRORendererARCore_JNI.cpp:31:
C/C++: In file included from /Users/mikevocalz/virocore-rive-panel/android/sharedCode/../sharedCode/src/main/cpp/VROSceneRendererARCore.h:37:
C/C++: In file included from /Users/mikevocalz/virocore-rive-panel/android/sharedCode/../sharedCode/src/main/cpp/arcore/VROARSessionARCore.h:31:
C/C++: /Users/mikevocalz/virocore-rive-panel/android/sharedCode/../sharedCode/src/main/cpp/arcore/VROARFrameARCore.h:45:12: warning: 'getTimestamp' overrides a member function but is not marked 'override' [-Winconsistent-missing-override]
C/C++:    45 |     double getTimestamp() const;
C/C++:       |            ^
C/C++: /Users/mikevocalz/virocore-rive-panel/android/sharedCode/../../ViroRenderer/VROARFrame.h:60:20: note: overridden virtual function is here
C/C++:    60 |     virtual double getTimestamp() const = 0;
C/C++:       |                    ^
C/C++: In file included from /Users/mikevocalz/virocore-rive-panel/android/sharedCode/src/main/cpp/jni/VRORendererARCore_JNI.cpp:31:
C/C++: In file included from /Users/mikevocalz/virocore-rive-panel/android/sharedCode/../sharedCode/src/main/cpp/VROSceneRendererARCore.h:37:
C/C++: In file included from /Users/mikevocalz/virocore-rive-panel/android/sharedCode/../sharedCode/src/main/cpp/arcore/VROARSessionARCore.h:31:
C/C++: /Users/mikevocalz/virocore-rive-panel/android/sharedCode/../sharedCode/src/main/cpp/arcore/VROARFrameARCore.h:47:41: warning: 'getCamera' overrides a member function but is not marked 'override' [-Winconsistent-missing-override]
C/C++:    47 |     const std::shared_ptr<VROARCamera> &getCamera() const;
C/C++:       |                                         ^
C/C++: /Users/mikevocalz/virocore-rive-panel/android/sharedCode/../../ViroRenderer/VROARFrame.h:66:49: note: overridden virtual function is here
C/C++:    66 |     virtual const std::shared_ptr<VROARCamera> &getCamera() const = 0;
C/C++:       |                                                 ^
C/C++: In file included from /Users/mikevocalz/virocore-rive-panel/android/sharedCode/src/main/cpp/jni/VRORendererARCore_JNI.cpp:31:
C/C++: In file included from /Users/mikevocalz/virocore-rive-panel/android/sharedCode/../sharedCode/src/main/cpp/VROSceneRendererARCore.h:37:
C/C++: In file included from /Users/mikevocalz/virocore-rive-panel/android/sharedCode/../sharedCode/src/main/cpp/arcore/VROARSessionARCore.h:31:
C/C++: /Users/mikevocalz/virocore-rive-panel/android/sharedCode/../sharedCode/src/main/cpp/arcore/VROARFrameARCore.h:48:26: warning: 'getOrientation' overrides a member function but is not marked 'override' [-Winconsistent-missing-override]
C/C++:    48 |     VROCameraOrientation getOrientation() const {
C/C++:       |                          ^
C/C++: /Users/mikevocalz/virocore-rive-panel/android/sharedCode/../../ViroRenderer/VROARFrame.h:71:34: note: overridden virtual function is here
C/C++:    71 |     virtual VROCameraOrientation getOrientation() const = 0;
C/C++:       |                                  ^
C/C++: In file included from /Users/mikevocalz/virocore-rive-panel/android/sharedCode/src/main/cpp/jni/VRORendererARCore_JNI.cpp:31:
C/C++: In file included from /Users/mikevocalz/virocore-rive-panel/android/sharedCode/../sharedCode/src/main/cpp/VROSceneRendererARCore.h:37:
C/C++: In file included from /Users/mikevocalz/virocore-rive-panel/android/sharedCode/../sharedCode/src/main/cpp/arcore/VROARSessionARCore.h:31:
C/C++: /Users/mikevocalz/virocore-rive-panel/android/sharedCode/../sharedCode/src/main/cpp/arcore/VROARFrameARCore.h:51:54: warning: 'hitTest' overrides a member function but is not marked 'override' [-Winconsistent-missing-override]
C/C++:    51 |     std::vector<std::shared_ptr<VROARHitTestResult>> hitTest(int x, int y, std::set<VROARHitTestResultType> types);
C/C++:       |                                                      ^
C/C++: /Users/mikevocalz/virocore-rive-panel/android/sharedCode/../../ViroRenderer/VROARFrame.h:78:62: note: overridden virtual function is here
C/C++:    78 |     virtual std::vector<std::shared_ptr<VROARHitTestResult>> hitTest(int x, int y, std::set<VROARHitTestResultType> types) = 0;
C/C++:       |                                                              ^
C/C++: In file included from /Users/mikevocalz/virocore-rive-panel/android/sharedCode/src/main/cpp/jni/VRORendererARCore_JNI.cpp:31:
C/C++: In file included from /Users/mikevocalz/virocore-rive-panel/android/sharedCode/../sharedCode/src/main/cpp/VROSceneRendererARCore.h:37:
C/C++: In file included from /Users/mikevocalz/virocore-rive-panel/android/sharedCode/../sharedCode/src/main/cpp/arcore/VROARSessionARCore.h:31:
C/C++: /Users/mikevocalz/virocore-rive-panel/android/sharedCode/../sharedCode/src/main/cpp/arcore/VROARFrameARCore.h:52:54: warning: 'hitTestRay' overrides a member function but is not marked 'override' [-Winconsistent-missing-override]
C/C++:    52 |     std::vector<std::shared_ptr<VROARHitTestResult>> hitTestRay(VROVector3f *origin, VROVector3f *destination , std::set<VROARHitTestResultType> types);
C/C++:       |                                                      ^
C/C++: /Users/mikevocalz/virocore-rive-panel/android/sharedCode/../../ViroRenderer/VROARFrame.h:83:62: note: overridden virtual function is here
C/C++:    83 |     virtual std::vector<std::shared_ptr<VROARHitTestResult>> hitTestRay(VROVector3f *origin,
C/C++:       |                                                              ^
C/C++: In file included from /Users/mikevocalz/virocore-rive-panel/android/sharedCode/src/main/cpp/jni/VRORendererARCore_JNI.cpp:31:
C/C++: In file included from /Users/mikevocalz/virocore-rive-panel/android/sharedCode/../sharedCode/src/main/cpp/VROSceneRendererARCore.h:37:
C/C++: In file included from /Users/mikevocalz/virocore-rive-panel/android/sharedCode/../sharedCode/src/main/cpp/arcore/VROARSessionARCore.h:31:
C/C++: /Users/mikevocalz/virocore-rive-panel/android/sharedCode/../sharedCode/src/main/cpp/arcore/VROARFrameARCore.h:53:17: warning: 'getViewportToCameraImageTransform' overrides a member function but is not marked 'override' [-Winconsistent-missing-override]
C/C++:    53 |     VROMatrix4f getViewportToCameraImageTransform() const;
C/C++:       |                 ^
C/C++: /Users/mikevocalz/virocore-rive-panel/android/sharedCode/../../ViroRenderer/VROARFrame.h:99:25: note: overridden virtual function is here
C/C++:    99 |     virtual VROMatrix4f getViewportToCameraImageTransform() const = 0;
C/C++:       |                         ^
C/C++: In file included from /Users/mikevocalz/virocore-rive-panel/android/sharedCode/src/main/cpp/jni/VRORendererARCore_JNI.cpp:31:
C/C++: In file included from /Users/mikevocalz/virocore-rive-panel/android/sharedCode/../sharedCode/src/main/cpp/VROSceneRendererARCore.h:37:
C/C++: In file included from /Users/mikevocalz/virocore-rive-panel/android/sharedCode/../sharedCode/src/main/cpp/arcore/VROARSessionARCore.h:31:
C/C++: /Users/mikevocalz/virocore-rive-panel/android/sharedCode/../sharedCode/src/main/cpp/arcore/VROARFrameARCore.h:54:54: warning: 'getAnchors' overrides a member function but is not marked 'override' [-Winconsistent-missing-override]
C/C++:    54 |     const std::vector<std::shared_ptr<VROARAnchor>> &getAnchors() const;
C/C++:       |                                                      ^
C/C++: /Users/mikevocalz/virocore-rive-panel/android/sharedCode/../../ViroRenderer/VROARFrame.h:115:62: note: overridden virtual function is here
C/C++:   115 |     virtual const std::vector<std::shared_ptr<VROARAnchor>> &getAnchors() const = 0;
C/C++:       |                                                              ^
C/C++: In file included from /Users/mikevocalz/virocore-rive-panel/android/sharedCode/src/main/cpp/jni/VRORendererARCore_JNI.cpp:31:
C/C++: In file included from /Users/mikevocalz/virocore-rive-panel/android/sharedCode/../sharedCode/src/main/cpp/VROSceneRendererARCore.h:37:
C/C++: In file included from /Users/mikevocalz/virocore-rive-panel/android/sharedCode/../sharedCode/src/main/cpp/arcore/VROARSessionARCore.h:31:
C/C++: /Users/mikevocalz/virocore-rive-panel/android/sharedCode/../sharedCode/src/main/cpp/arcore/VROARFrameARCore.h:56:11: warning: 'getAmbientLightIntensity' overrides a member function but is not marked 'override' [-Winconsistent-missing-override]
C/C++:    56 |     float getAmbientLightIntensity() const;
C/C++:       |           ^
C/C++: /Users/mikevocalz/virocore-rive-panel/android/sharedCode/../../ViroRenderer/VROARFrame.h:104:19: note: overridden virtual function is here
C/C++:   104 |     virtual float getAmbientLightIntensity() const = 0;
C/C++:       |                   ^
C/C++: In file included from /Users/mikevocalz/virocore-rive-panel/android/sharedCode/src/main/cpp/jni/VRORendererARCore_JNI.cpp:31:
C/C++: In file included from /Users/mikevocalz/virocore-rive-panel/android/sharedCode/../sharedCode/src/main/cpp/VROSceneRendererARCore.h:37:
C/C++: In file included from /Users/mikevocalz/virocore-rive-panel/android/sharedCode/../sharedCode/src/main/cpp/arcore/VROARSessionARCore.h:31:
C/C++: /Users/mikevocalz/virocore-rive-panel/android/sharedCode/../sharedCode/src/main/cpp/arcore/VROARFrameARCore.h:57:17: warning: 'getAmbientLightColor' overrides a member function but is not marked 'override' [-Winconsistent-missing-override]
C/C++:    57 |     VROVector3f getAmbientLightColor() const;
C/C++:       |                 ^
C/C++: /Users/mikevocalz/virocore-rive-panel/android/sharedCode/../../ViroRenderer/VROARFrame.h:109:25: note: overridden virtual function is here
C/C++:   109 |     virtual VROVector3f getAmbientLightColor() const = 0;
C/C++:       |                         ^
C/C++: In file included from /Users/mikevocalz/virocore-rive-panel/android/sharedCode/src/main/cpp/jni/VRORendererARCore_JNI.cpp:31:
C/C++: In file included from /Users/mikevocalz/virocore-rive-panel/android/sharedCode/../sharedCode/src/main/cpp/VROSceneRendererARCore.h:37:
C/C++: In file included from /Users/mikevocalz/virocore-rive-panel/android/sharedCode/../sharedCode/src/main/cpp/arcore/VROARSessionARCore.h:31:
C/C++: /Users/mikevocalz/virocore-rive-panel/android/sharedCode/../sharedCode/src/main/cpp/arcore/VROARFrameARCore.h:66:38: warning: 'getPointCloud' overrides a member function but is not marked 'override' [-Winconsistent-missing-override]
C/C++:    66 |     std::shared_ptr<VROARPointCloud> getPointCloud();
C/C++:       |                                      ^
C/C++: /Users/mikevocalz/virocore-rive-panel/android/sharedCode/../../ViroRenderer/VROARFrame.h:120:46: note: overridden virtual function is here
C/C++:   120 |     virtual std::shared_ptr<VROARPointCloud> getPointCloud() = 0;
C/C++:       |                                              ^
C/C++: In file included from /Users/mikevocalz/virocore-rive-panel/android/sharedCode/src/main/cpp/jni/VRORendererARCore_JNI.cpp:31:
C/C++: In file included from /Users/mikevocalz/virocore-rive-panel/android/sharedCode/../sharedCode/src/main/cpp/VROSceneRendererARCore.h:37:
C/C++: /Users/mikevocalz/virocore-rive-panel/android/sharedCode/../sharedCode/src/main/cpp/arcore/VROARSessionARCore.h:62:10: warning: 'setTrackingType' overrides a member function but is not marked 'override' [-Winconsistent-missing-override]
C/C++:    62 |     void setTrackingType(VROTrackingType type) {}
C/C++:       |          ^
C/C++: /Users/mikevocalz/virocore-rive-panel/android/sharedCode/../../ViroRenderer/VROARSession.h:168:18: note: overridden virtual function is here
C/C++:   168 |     virtual void setTrackingType(VROTrackingType trackingType) = 0;
C/C++:       |                  ^
C/C++: In file included from /Users/mikevocalz/virocore-rive-panel/android/sharedCode/src/main/cpp/jni/VRORendererARCore_JNI.cpp:31:
C/C++: In file included from /Users/mikevocalz/virocore-rive-panel/android/sharedCode/../sharedCode/src/main/cpp/VROSceneRendererARCore.h:37:
C/C++: /Users/mikevocalz/virocore-rive-panel/android/sharedCode/../sharedCode/src/main/cpp/arcore/VROARSessionARCore.h:63:10: warning: 'run' overrides a member function but is not marked 'override' [-Winconsistent-missing-override]
C/C++:    63 |     void run();
C/C++:       |          ^
C/C++: /Users/mikevocalz/virocore-rive-panel/android/sharedCode/../../ViroRenderer/VROARSession.h:203:18: note: overridden virtual function is here
C/C++:   203 |     virtual void run() = 0;
C/C++:       |                  ^
C/C++: In file included from /Users/mikevocalz/virocore-rive-panel/android/sharedCode/src/main/cpp/jni/VRORendererARCore_JNI.cpp:31:
C/C++: In file included from /Users/mikevocalz/virocore-rive-panel/android/sharedCode/../sharedCode/src/main/cpp/VROSceneRendererARCore.h:37:
C/C++: /Users/mikevocalz/virocore-rive-panel/android/sharedCode/../sharedCode/src/main/cpp/arcore/VROARSessionARCore.h:64:10: warning: 'pause' overrides a member function but is not marked 'override' [-Winconsistent-missing-override]
C/C++:    64 |     void pause();
C/C++:       |          ^
C/C++: /Users/mikevocalz/virocore-rive-panel/android/sharedCode/../../ViroRenderer/VROARSession.h:208:18: note: overridden virtual function is here
C/C++:   208 |     virtual void pause() = 0;
C/C++:       |                  ^
C/C++: In file included from /Users/mikevocalz/virocore-rive-panel/android/sharedCode/src/main/cpp/jni/VRORendererARCore_JNI.cpp:31:
C/C++: In file included from /Users/mikevocalz/virocore-rive-panel/android/sharedCode/../sharedCode/src/main/cpp/VROSceneRendererARCore.h:37:
C/C++: /Users/mikevocalz/virocore-rive-panel/android/sharedCode/../sharedCode/src/main/cpp/arcore/VROARSessionARCore.h:65:10: warning: 'isReady' overrides a member function but is not marked 'override' [-Winconsistent-missing-override]
C/C++:    65 |     bool isReady() const;
C/C++:       |          ^
C/C++: /Users/mikevocalz/virocore-rive-panel/android/sharedCode/../../ViroRenderer/VROARSession.h:219:18: note: overridden virtual function is here
C/C++:   219 |     virtual bool isReady() const = 0;
C/C++:       |                  ^
C/C++: In file included from /Users/mikevocalz/virocore-rive-panel/android/sharedCode/src/main/cpp/jni/VRORendererARCore_JNI.cpp:31:
C/C++: In file included from /Users/mikevocalz/virocore-rive-panel/android/sharedCode/../sharedCode/src/main/cpp/VROSceneRendererARCore.h:37:
C/C++: /Users/mikevocalz/virocore-rive-panel/android/sharedCode/../sharedCode/src/main/cpp/arcore/VROARSessionARCore.h:66:10: warning: 'resetSession' overrides a member function but is not marked 'override' [-Winconsistent-missing-override]
C/C++:    66 |     void resetSession(bool resetTracking, bool removeAnchors);
C/C++:       |          ^
C/C++: /Users/mikevocalz/virocore-rive-panel/android/sharedCode/../../ViroRenderer/VROARSession.h:214:18: note: overridden virtual function is here
C/C++:   214 |     virtual void resetSession(bool resetTracking, bool removeAnchors) = 0;
C/C++:       |                  ^
C/C++: In file included from /Users/mikevocalz/virocore-rive-panel/android/sharedCode/src/main/cpp/jni/VRORendererARCore_JNI.cpp:31:
C/C++: In file included from /Users/mikevocalz/virocore-rive-panel/android/sharedCode/../sharedCode/src/main/cpp/VROSceneRendererARCore.h:37:
C/C++: /Users/mikevocalz/virocore-rive-panel/android/sharedCode/../sharedCode/src/main/cpp/arcore/VROARSessionARCore.h:76:10: warning: 'setScene' overrides a member function but is not marked 'override' [-Winconsistent-missing-override]
C/C++:    76 |     void setScene(std::shared_ptr<VROScene> scene);
C/C++:       |          ^
C/C++: /Users/mikevocalz/virocore-rive-panel/android/sharedCode/../../ViroRenderer/VROARSession.h:184:18: note: overridden virtual function is here
C/C++:   184 |     virtual void setScene(std::shared_ptr<VROScene> scene) {
C/C++:       |                  ^
C/C++: In file included from /Users/mikevocalz/virocore-rive-panel/android/sharedCode/src/main/cpp/jni/VRORendererARCore_JNI.cpp:31:
C/C++: In file included from /Users/mikevocalz/virocore-rive-panel/android/sharedCode/../sharedCode/src/main/cpp/VROSceneRendererARCore.h:37:
C/C++: /Users/mikevocalz/virocore-rive-panel/android/sharedCode/../sharedCode/src/main/cpp/arcore/VROARSessionARCore.h:77:10: warning: 'setDelegate' overrides a member function but is not marked 'override' [-Winconsistent-missing-override]
C/C++:    77 |     void setDelegate(std::shared_ptr<VROARSessionDelegate> delegate);
C/C++:       |          ^
C/C++: /Users/mikevocalz/virocore-rive-panel/android/sharedCode/../../ViroRenderer/VROARSession.h:195:18: note: overridden virtual function is here
C/C++:   195 |     virtual void setDelegate(std::shared_ptr<VROARSessionDelegate> delegate) {
C/C++:       |                  ^
C/C++: In file included from /Users/mikevocalz/virocore-rive-panel/android/sharedCode/src/main/cpp/jni/VRORendererARCore_JNI.cpp:31:
C/C++: In file included from /Users/mikevocalz/virocore-rive-panel/android/sharedCode/../sharedCode/src/main/cpp/VROSceneRendererARCore.h:37:
C/C++: /Users/mikevocalz/virocore-rive-panel/android/sharedCode/../sharedCode/src/main/cpp/arcore/VROARSessionARCore.h:78:10: warning: 'setAnchorDetection' overrides a member function but is not marked 'override' [-Winconsistent-missing-override]
C/C++:    78 |     bool setAnchorDetection(std::set<VROAnchorDetection> types);
C/C++:       |          ^
C/C++: /Users/mikevocalz/virocore-rive-panel/android/sharedCode/../../ViroRenderer/VROARSession.h:225:18: note: overridden virtual function is here
C/C++:   225 |     virtual bool setAnchorDetection(std::set<VROAnchorDetection> types) = 0;
C/C++:       |                  ^
C/C++: In file included from /Users/mikevocalz/virocore-rive-panel/android/sharedCode/src/main/cpp/jni/VRORendererARCore_JNI.cpp:31:
C/C++: In file included from /Users/mikevocalz/virocore-rive-panel/android/sharedCode/../sharedCode/src/main/cpp/VROSceneRendererARCore.h:37:
C/C++: /Users/mikevocalz/virocore-rive-panel/android/sharedCode/../sharedCode/src/main/cpp/arcore/VROARSessionARCore.h:79:10: warning: 'setCloudAnchorProvider' overrides a member function but is not marked 'override' [-Winconsistent-missing-override]
C/C++:    79 |     void setCloudAnchorProvider(VROCloudAnchorProvider provider);
C/C++:       |          ^
C/C++: /Users/mikevocalz/virocore-rive-panel/android/sharedCode/../../ViroRenderer/VROARSession.h:230:18: note: overridden virtual function is here
C/C++:   230 |     virtual void setCloudAnchorProvider(VROCloudAnchorProvider provider) = 0;
C/C++:       |                  ^
C/C++: In file included from /Users/mikevocalz/virocore-rive-panel/android/sharedCode/src/main/cpp/jni/VRORendererARCore_JNI.cpp:31:
C/C++: In file included from /Users/mikevocalz/virocore-rive-panel/android/sharedCode/../sharedCode/src/main/cpp/VROSceneRendererARCore.h:37:
C/C++: /Users/mikevocalz/virocore-rive-panel/android/sharedCode/../sharedCode/src/main/cpp/arcore/VROARSessionARCore.h:98:10: warning: 'setAutofocus' overrides a member function but is not marked 'override' [-Winconsistent-missing-override]
C/C++:    98 |     void setAutofocus(bool enabled);
C/C++:       |          ^
C/C++: /Users/mikevocalz/virocore-rive-panel/android/sharedCode/../../ViroRenderer/VROARSession.h:246:18: note: overridden virtual function is here
C/C++:   246 |     virtual void setAutofocus(bool enabled) = 0;
C/C++:       |                  ^
C/C++: In file included from /Users/mikevocalz/virocore-rive-panel/android/sharedCode/src/main/cpp/jni/VRORendererARCore_JNI.cpp:31:
C/C++: In file included from /Users/mikevocalz/virocore-rive-panel/android/sharedCode/../sharedCode/src/main/cpp/VROSceneRendererARCore.h:37:
C/C++: /Users/mikevocalz/virocore-rive-panel/android/sharedCode/../sharedCode/src/main/cpp/arcore/VROARSessionARCore.h:99:10: warning: 'isCameraAutoFocusEnabled' overrides a member function but is not marked 'override' [-Winconsistent-missing-override]
C/C++:    99 |     bool isCameraAutoFocusEnabled();
C/C++:       |          ^
C/C++: /Users/mikevocalz/virocore-rive-panel/android/sharedCode/../../ViroRenderer/VROARSession.h:251:18: note: overridden virtual function is here
C/C++:   251 |     virtual bool isCameraAutoFocusEnabled() = 0;
C/C++:       |                  ^
C/C++: In file included from /Users/mikevocalz/virocore-rive-panel/android/sharedCode/src/main/cpp/jni/VRORendererARCore_JNI.cpp:31:
C/C++: In file included from /Users/mikevocalz/virocore-rive-panel/android/sharedCode/../sharedCode/src/main/cpp/VROSceneRendererARCore.h:37:
C/C++: /Users/mikevocalz/virocore-rive-panel/android/sharedCode/../sharedCode/src/main/cpp/arcore/VROARSessionARCore.h:102:10: warning: 'isSemanticModeEnabled' overrides a member function but is not marked 'override' [-Winconsistent-missing-override]
C/C++:   102 |     bool isSemanticModeEnabled() const { return _semanticMode != arcore::SemanticMode::Disabled; }
C/C++:       |          ^
C/C++: /Users/mikevocalz/virocore-rive-panel/android/sharedCode/../../ViroRenderer/VROARSession.h:796:18: note: overridden virtual function is here
C/C++:   796 |     virtual bool isSemanticModeEnabled() const {
C/C++:       |                  ^
C/C++: In file included from /Users/mikevocalz/virocore-rive-panel/android/sharedCode/src/main/cpp/jni/VRORendererARCore_JNI.cpp:31:
C/C++: In file included from /Users/mikevocalz/virocore-rive-panel/android/sharedCode/../sharedCode/src/main/cpp/VROSceneRendererARCore.h:37:
C/C++: /Users/mikevocalz/virocore-rive-panel/android/sharedCode/../sharedCode/src/main/cpp/arcore/VROARSessionARCore.h:108:10: warning: 'loadARImageDatabase' overrides a member function but is not marked 'override' [-Winconsistent-missing-override]
C/C++:   108 |     void loadARImageDatabase(std::shared_ptr<VROARImageDatabase> arImageDatabase);
C/C++:       |          ^
C/C++: /Users/mikevocalz/virocore-rive-panel/android/sharedCode/../../ViroRenderer/VROARSession.h:262:18: note: overridden virtual function is here
C/C++:   262 |     virtual void loadARImageDatabase(std::shared_ptr<VROARImageDatabase> arImageDatabase) = 0;
C/C++:       |                  ^
C/C++: In file included from /Users/mikevocalz/virocore-rive-panel/android/sharedCode/src/main/cpp/jni/VRORendererARCore_JNI.cpp:31:
C/C++: In file included from /Users/mikevocalz/virocore-rive-panel/android/sharedCode/../sharedCode/src/main/cpp/VROSceneRendererARCore.h:37:
C/C++: /Users/mikevocalz/virocore-rive-panel/android/sharedCode/../sharedCode/src/main/cpp/arcore/VROARSessionARCore.h:109:10: warning: 'unloadARImageDatabase' overrides a member function but is not marked 'override' [-Winconsistent-missing-override]
C/C++:   109 |     void unloadARImageDatabase();
C/C++:       |          ^
C/C++: /Users/mikevocalz/virocore-rive-panel/android/sharedCode/../../ViroRenderer/VROARSession.h:267:18: note: overridden virtual function is here
C/C++:   267 |     virtual void unloadARImageDatabase() = 0;
C/C++:       |                  ^
C/C++: In file included from /Users/mikevocalz/virocore-rive-panel/android/sharedCode/src/main/cpp/jni/VRORendererARCore_JNI.cpp:31:
C/C++: In file included from /Users/mikevocalz/virocore-rive-panel/android/sharedCode/../sharedCode/src/main/cpp/VROSceneRendererARCore.h:37:
C/C++: /Users/mikevocalz/virocore-rive-panel/android/sharedCode/../sharedCode/src/main/cpp/arcore/VROARSessionARCore.h:110:10: warning: 'addARImageTarget' overrides a member function but is not marked 'override' [-Winconsistent-missing-override]
C/C++:   110 |     void addARImageTarget(std::shared_ptr<VROARImageTarget> target);
C/C++:       |          ^
C/C++: /Users/mikevocalz/virocore-rive-panel/android/sharedCode/../../ViroRenderer/VROARSession.h:272:18: note: overridden virtual function is here
C/C++:   272 |     virtual void addARImageTarget(std::shared_ptr<VROARImageTarget> target) = 0;
C/C++:       |                  ^
C/C++: In file included from /Users/mikevocalz/virocore-rive-panel/android/sharedCode/src/main/cpp/jni/VRORendererARCore_JNI.cpp:31:
C/C++: In file included from /Users/mikevocalz/virocore-rive-panel/android/sharedCode/../sharedCode/src/main/cpp/VROSceneRendererARCore.h:37:
C/C++: /Users/mikevocalz/virocore-rive-panel/android/sharedCode/../sharedCode/src/main/cpp/arcore/VROARSessionARCore.h:111:10: warning: 'removeARImageTarget' overrides a member function but is not marked 'override' [-Winconsistent-missing-override]
C/C++:   111 |     void removeARImageTarget(std::shared_ptr<VROARImageTarget> target);
C/C++:       |          ^
C/C++: /Users/mikevocalz/virocore-rive-panel/android/sharedCode/../../ViroRenderer/VROARSession.h:279:18: note: overridden virtual function is here
C/C++:   279 |     virtual void removeARImageTarget(std::shared_ptr<VROARImageTarget> target) = 0;
C/C++:       |                  ^
C/C++: In file included from /Users/mikevocalz/virocore-rive-panel/android/sharedCode/src/main/cpp/jni/VRORendererARCore_JNI.cpp:31:
C/C++: In file included from /Users/mikevocalz/virocore-rive-panel/android/sharedCode/../sharedCode/src/main/cpp/VROSceneRendererARCore.h:37:
C/C++: /Users/mikevocalz/virocore-rive-panel/android/sharedCode/../sharedCode/src/main/cpp/arcore/VROARSessionARCore.h:113:10: warning: 'addARObjectTarget' overrides a member function but is not marked 'override' [-Winconsistent-missing-override]
C/C++:   113 |     void addARObjectTarget(std::shared_ptr<VROARObjectTarget> target) {
C/C++:       |          ^
C/C++: /Users/mikevocalz/virocore-rive-panel/android/sharedCode/../../ViroRenderer/VROARSession.h:284:18: note: overridden virtual function is here
C/C++:   284 |     virtual void addARObjectTarget(std::shared_ptr<VROARObjectTarget> target) = 0;
C/C++:       |                  ^
C/C++: In file included from /Users/mikevocalz/virocore-rive-panel/android/sharedCode/src/main/cpp/jni/VRORendererARCore_JNI.cpp:31:
C/C++: In file included from /Users/mikevocalz/virocore-rive-panel/android/sharedCode/../sharedCode/src/main/cpp/VROSceneRendererARCore.h:37:
C/C++: /Users/mikevocalz/virocore-rive-panel/android/sharedCode/../sharedCode/src/main/cpp/arcore/VROARSessionARCore.h:117:10: warning: 'removeARObjectTarget' overrides a member function but is not marked 'override' [-Winconsistent-missing-override]
C/C++:   117 |     void removeARObjectTarget(std::shared_ptr<VROARObjectTarget> target) {
C/C++:       |          ^
C/C++: /Users/mikevocalz/virocore-rive-panel/android/sharedCode/../../ViroRenderer/VROARSession.h:290:18: note: overridden virtual function is here
C/C++:   290 |     virtual void removeARObjectTarget(std::shared_ptr<VROARObjectTarget> target) = 0;
C/C++:       |                  ^
C/C++: In file included from /Users/mikevocalz/virocore-rive-panel/android/sharedCode/src/main/cpp/jni/VRORendererARCore_JNI.cpp:31:
C/C++: In file included from /Users/mikevocalz/virocore-rive-panel/android/sharedCode/../sharedCode/src/main/cpp/VROSceneRendererARCore.h:37:
C/C++: /Users/mikevocalz/virocore-rive-panel/android/sharedCode/../sharedCode/src/main/cpp/arcore/VROARSessionARCore.h:122:10: warning: 'addAnchor' overrides a member function but is not marked 'override' [-Winconsistent-missing-override]
C/C++:   122 |     void addAnchor(std::shared_ptr<VROARAnchor> anchor);
C/C++:       |          ^
C/C++: /Users/mikevocalz/virocore-rive-panel/android/sharedCode/../../ViroRenderer/VROARSession.h:298:18: note: overridden virtual function is here
C/C++:   298 |     virtual void addAnchor(std::shared_ptr<VROARAnchor> anchor) = 0;
C/C++:       |                  ^
C/C++: In file included from /Users/mikevocalz/virocore-rive-panel/android/sharedCode/src/main/cpp/jni/VRORendererARCore_JNI.cpp:31:
C/C++: In file included from /Users/mikevocalz/virocore-rive-panel/android/sharedCode/../sharedCode/src/main/cpp/VROSceneRendererARCore.h:37:
C/C++: /Users/mikevocalz/virocore-rive-panel/android/sharedCode/../sharedCode/src/main/cpp/arcore/VROARSessionARCore.h:123:10: warning: 'removeAnchor' overrides a member function but is not marked 'override' [-Winconsistent-missing-override]
C/C++:   123 |     void removeAnchor(std::shared_ptr<VROARAnchor> anchor);
C/C++:       |          ^
C/C++: /Users/mikevocalz/virocore-rive-panel/android/sharedCode/../../ViroRenderer/VROARSession.h:299:18: note: overridden virtual function is here
C/C++:   299 |     virtual void removeAnchor(std::shared_ptr<VROARAnchor> anchor) = 0;
C/C++:       |                  ^
C/C++: In file included from /Users/mikevocalz/virocore-rive-panel/android/sharedCode/src/main/cpp/jni/VRORendererARCore_JNI.cpp:31:
C/C++: In file included from /Users/mikevocalz/virocore-rive-panel/android/sharedCode/../sharedCode/src/main/cpp/VROSceneRendererARCore.h:37:
C/C++: /Users/mikevocalz/virocore-rive-panel/android/sharedCode/../sharedCode/src/main/cpp/arcore/VROARSessionARCore.h:124:10: warning: 'updateAnchor' overrides a member function but is not marked 'override' [-Winconsistent-missing-override]
C/C++:   124 |     void updateAnchor(std::shared_ptr<VROARAnchor> anchor);
C/C++:       |          ^
C/C++: /Users/mikevocalz/virocore-rive-panel/android/sharedCode/../../ViroRenderer/VROARSession.h:305:18: note: overridden virtual function is here
C/C++:   305 |     virtual void updateAnchor(std::shared_ptr<VROARAnchor> anchor) = 0;
C/C++:       |                  ^
C/C++: In file included from /Users/mikevocalz/virocore-rive-panel/android/sharedCode/src/main/cpp/jni/VRORendererARCore_JNI.cpp:31:
C/C++: In file included from /Users/mikevocalz/virocore-rive-panel/android/sharedCode/../sharedCode/src/main/cpp/VROSceneRendererARCore.h:37:
C/C++: /Users/mikevocalz/virocore-rive-panel/android/sharedCode/../sharedCode/src/main/cpp/arcore/VROARSessionARCore.h:125:10: warning: 'hostCloudAnchor' overrides a member function but is not marked 'override' [-Winconsistent-missing-override]
C/C++:   125 |     void hostCloudAnchor(std::shared_ptr<VROARAnchor> anchor,
C/C++:       |          ^
C/C++: /Users/mikevocalz/virocore-rive-panel/android/sharedCode/../../ViroRenderer/VROARSession.h:315:18: note: overridden virtual function is here
C/C++:   315 |     virtual void hostCloudAnchor(std::shared_ptr<VROARAnchor> anchor,
C/C++:       |                  ^
C/C++: In file included from /Users/mikevocalz/virocore-rive-panel/android/sharedCode/src/main/cpp/jni/VRORendererARCore_JNI.cpp:31:
C/C++: In file included from /Users/mikevocalz/virocore-rive-panel/android/sharedCode/../sharedCode/src/main/cpp/VROSceneRendererARCore.h:37:
C/C++: /Users/mikevocalz/virocore-rive-panel/android/sharedCode/../sharedCode/src/main/cpp/arcore/VROARSessionARCore.h:129:10: warning: 'resolveCloudAnchor' overrides a member function but is not marked 'override' [-Winconsistent-missing-override]
C/C++:   129 |     void resolveCloudAnchor(std::string cloudAnchorId,
C/C++:       |          ^
C/C++: /Users/mikevocalz/virocore-rive-panel/android/sharedCode/../../ViroRenderer/VROARSession.h:324:18: note: overridden virtual function is here
C/C++:   324 |     virtual void resolveCloudAnchor(std::string cloudAnchorId,
C/C++:       |                  ^
C/C++: In file included from /Users/mikevocalz/virocore-rive-panel/android/sharedCode/src/main/cpp/jni/VRORendererARCore_JNI.cpp:31:
C/C++: In file included from /Users/mikevocalz/virocore-rive-panel/android/sharedCode/../sharedCode/src/main/cpp/VROSceneRendererARCore.h:37:
C/C++: /Users/mikevocalz/virocore-rive-panel/android/sharedCode/../sharedCode/src/main/cpp/arcore/VROARSessionARCore.h:133:34: warning: 'updateFrame' overrides a member function but is not marked 'override' [-Winconsistent-missing-override]
C/C++:   133 |     std::unique_ptr<VROARFrame> &updateFrame();
C/C++:       |                                  ^
C/C++: /Users/mikevocalz/virocore-rive-panel/android/sharedCode/../../ViroRenderer/VROARSession.h:333:42: note: overridden virtual function is here
C/C++:   333 |     virtual std::unique_ptr<VROARFrame> &updateFrame() = 0;
C/C++:       |                                          ^
C/C++: In file included from /Users/mikevocalz/virocore-rive-panel/android/sharedCode/src/main/cpp/jni/VRORendererARCore_JNI.cpp:31:
C/C++: In file included from /Users/mikevocalz/virocore-rive-panel/android/sharedCode/../sharedCode/src/main/cpp/VROSceneRendererARCore.h:37:
C/C++: /Users/mikevocalz/virocore-rive-panel/android/sharedCode/../sharedCode/src/main/cpp/arcore/VROARSessionARCore.h:134:34: warning: 'getLastFrame' overrides a member function but is not marked 'override' [-Winconsistent-missing-override]
C/C++:   134 |     std::unique_ptr<VROARFrame> &getLastFrame();
C/C++:       |                                  ^
C/C++: /Users/mikevocalz/virocore-rive-panel/android/sharedCode/../../ViroRenderer/VROARSession.h:338:42: note: overridden virtual function is here
C/C++:   338 |     virtual std::unique_ptr<VROARFrame> &getLastFrame() = 0;
C/C++:       |                                          ^
C/C++: In file included from /Users/mikevocalz/virocore-rive-panel/android/sharedCode/src/main/cpp/jni/VRORendererARCore_JNI.cpp:31:
C/C++: In file included from /Users/mikevocalz/virocore-rive-panel/android/sharedCode/../sharedCode/src/main/cpp/VROSceneRendererARCore.h:37:
C/C++: /Users/mikevocalz/virocore-rive-panel/android/sharedCode/../sharedCode/src/main/cpp/arcore/VROARSessionARCore.h:135:33: warning: 'getCameraBackgroundTexture' overrides a member function but is not marked 'override' [-Winconsistent-missing-override]
C/C++:   135 |     std::shared_ptr<VROTexture> getCameraBackgroundTexture();
C/C++:       |                                 ^
C/C++: /Users/mikevocalz/virocore-rive-panel/android/sharedCode/../../ViroRenderer/VROARSession.h:344:41: note: overridden virtual function is here
C/C++:   344 |     virtual std::shared_ptr<VROTexture> getCameraBackgroundTexture() = 0;
C/C++:       |                                         ^
C/C++: In file included from /Users/mikevocalz/virocore-rive-panel/android/sharedCode/src/main/cpp/jni/VRORendererARCore_JNI.cpp:31:
C/C++: In file included from /Users/mikevocalz/virocore-rive-panel/android/sharedCode/../sharedCode/src/main/cpp/VROSceneRendererARCore.h:37:
C/C++: /Users/mikevocalz/virocore-rive-panel/android/sharedCode/../sharedCode/src/main/cpp/arcore/VROARSessionARCore.h:137:10: warning: 'setViewport' overrides a member function but is not marked 'override' [-Winconsistent-missing-override]
C/C++:   137 |     void setViewport(VROViewport viewport);
C/C++:       |          ^
C/C++: /Users/mikevocalz/virocore-rive-panel/android/sharedCode/../../ViroRenderer/VROARSession.h:364:18: note: overridden virtual function is here
C/C++:   364 |     virtual void setViewport(VROViewport viewport) = 0;
C/C++:       |                  ^
C/C++: In file included from /Users/mikevocalz/virocore-rive-panel/android/sharedCode/src/main/cpp/jni/VRORendererARCore_JNI.cpp:31:
C/C++: In file included from /Users/mikevocalz/virocore-rive-panel/android/sharedCode/../sharedCode/src/main/cpp/VROSceneRendererARCore.h:37:
C/C++: /Users/mikevocalz/virocore-rive-panel/android/sharedCode/../sharedCode/src/main/cpp/arcore/VROARSessionARCore.h:138:10: warning: 'setOrientation' overrides a member function but is not marked 'override' [-Winconsistent-missing-override]
C/C++:   138 |     void setOrientation(VROCameraOrientation orientation);
C/C++:       |          ^
C/C++: /Users/mikevocalz/virocore-rive-panel/android/sharedCode/../../ViroRenderer/VROARSession.h:370:18: note: overridden virtual function is here
C/C++:   370 |     virtual void setOrientation(VROCameraOrientation orientation) = 0;
C/C++:       |                  ^
C/C++: In file included from /Users/mikevocalz/virocore-rive-panel/android/sharedCode/src/main/cpp/jni/VRORendererARCore_JNI.cpp:31:
C/C++: In file included from /Users/mikevocalz/virocore-rive-panel/android/sharedCode/../sharedCode/src/main/cpp/VROSceneRendererARCore.h:37:
C/C++: /Users/mikevocalz/virocore-rive-panel/android/sharedCode/../sharedCode/src/main/cpp/arcore/VROARSessionARCore.h:139:10: warning: 'setWorldOrigin' overrides a member function but is not marked 'override' [-Winconsistent-missing-override]
C/C++:   139 |     void setWorldOrigin(VROMatrix4f relativeTransform);
C/C++:       |          ^
C/C++: /Users/mikevocalz/virocore-rive-panel/android/sharedCode/../../ViroRenderer/VROARSession.h:375:18: note: overridden virtual function is here
C/C++:   375 |     virtual void setWorldOrigin(VROMatrix4f relativeTransform) = 0;
C/C++:       |                  ^
C/C++: In file included from /Users/mikevocalz/virocore-rive-panel/android/sharedCode/src/main/cpp/jni/VRORendererARCore_JNI.cpp:31:
C/C++: In file included from /Users/mikevocalz/virocore-rive-panel/android/sharedCode/../sharedCode/src/main/cpp/VROSceneRendererARCore.h:37:
C/C++: /Users/mikevocalz/virocore-rive-panel/android/sharedCode/../sharedCode/src/main/cpp/arcore/VROARSessionARCore.h:141:10: warning: 'setNumberOfTrackedImages' overrides a member function but is not marked 'override' [-Winconsistent-missing-override]
C/C++:   141 |     void setNumberOfTrackedImages(int numImages) {
C/C++:       |          ^
C/C++: /Users/mikevocalz/virocore-rive-panel/android/sharedCode/../../ViroRenderer/VROARSession.h:257:18: note: overridden virtual function is here
C/C++:   257 |     virtual void setNumberOfTrackedImages(int numImages) = 0;
C/C++:       |                  ^
C/C++: In file included from /Users/mikevocalz/virocore-rive-panel/android/sharedCode/src/main/cpp/jni/VRORendererARCore_JNI.cpp:31:
C/C++: In file included from /Users/mikevocalz/virocore-rive-panel/android/sharedCode/../sharedCode/src/main/cpp/VROSceneRendererARCore.h:37:
C/C++: /Users/mikevocalz/virocore-rive-panel/android/sharedCode/../sharedCode/src/main/cpp/arcore/VROARSessionARCore.h:146:10: warning: 'setVideoQuality' overrides a member function but is not marked 'override' [-Winconsistent-missing-override]
C/C++:   146 |     void setVideoQuality(VROVideoQuality quality) {
C/C++:       |          ^
C/C++: /Users/mikevocalz/virocore-rive-panel/android/sharedCode/../../ViroRenderer/VROARSession.h:380:18: note: overridden virtual function is here
C/C++:   380 |     virtual void setVideoQuality(VROVideoQuality quality) = 0;
C/C++:       |                  ^
C/C++: In file included from /Users/mikevocalz/virocore-rive-panel/android/sharedCode/src/main/cpp/jni/VRORendererARCore_JNI.cpp:31:
C/C++: In file included from /Users/mikevocalz/virocore-rive-panel/android/sharedCode/../sharedCode/src/main/cpp/VROSceneRendererARCore.h:37:
C/C++: /Users/mikevocalz/virocore-rive-panel/android/sharedCode/../sharedCode/src/main/cpp/arcore/VROARSessionARCore.h:150:10: warning: 'setVisionModel' overrides a member function but is not marked 'override' [-Winconsistent-missing-override]
C/C++:   150 |     void setVisionModel(std::shared_ptr<VROVisionModel> visionModel) {
C/C++:       |          ^
C/C++: /Users/mikevocalz/virocore-rive-panel/android/sharedCode/../../ViroRenderer/VROARSession.h:386:18: note: overridden virtual function is here
C/C++:   386 |     virtual void setVisionModel(std::shared_ptr<VROVisionModel> visionModel) = 0;
C/C++:       |                  ^
C/C++: In file included from /Users/mikevocalz/virocore-rive-panel/android/sharedCode/src/main/cpp/jni/VRORendererARCore_JNI.cpp:31:
C/C++: In file included from /Users/mikevocalz/virocore-rive-panel/android/sharedCode/../sharedCode/src/main/cpp/VROSceneRendererARCore.h:37:
C/C++: /Users/mikevocalz/virocore-rive-panel/android/sharedCode/../sharedCode/src/main/cpp/arcore/VROARSessionARCore.h:534:33: warning: 'getSemanticTexture' overrides a member function but is not marked 'override' [-Winconsistent-missing-override]
C/C++:   534 |     std::shared_ptr<VROTexture> getSemanticTexture() { return _semanticTexture; }
C/C++:       |                                 ^
C/C++: /Users/mikevocalz/virocore-rive-panel/android/sharedCode/../../ViroRenderer/VROARSession.h:351:41: note: overridden virtual function is here
C/C++:   351 |     virtual std::shared_ptr<VROTexture> getSemanticTexture() { return nullptr; }
C/C++:       |                                         ^
C/C++: 94 warnings generated.

> Task :viroreact:configureCMakeRelWithDebInfo[armeabi-v7a]
> Task :viroreact:buildCMakeRelWithDebInfo[armeabi-v7a][viro_renderer]
> Task :viroreact:mergeReleaseJniLibFolders UP-TO-DATE
> Task :viroreact:generateReleaseResValues UP-TO-DATE
> Task :viroreact:extractDeepLinksForAarRelease UP-TO-DATE
> Task :viroreact:generateReleaseBuildConfig UP-TO-DATE
> Task :viroreact:generateReleaseResources UP-TO-DATE
> Task :viroreact:packageReleaseResources UP-TO-DATE
> Task :viroreact:parseReleaseLocalResources UP-TO-DATE
> Task :viroreact:processReleaseManifest UP-TO-DATE
> Task :viroreact:generateReleaseRFile UP-TO-DATE
> Task :viroreact:extractReleaseAnnotations UP-TO-DATE
> Task :viroreact:javaPreCompileRelease UP-TO-DATE
> Task :viroreact:compileReleaseJavaWithJavac UP-TO-DATE
> Task :viroreact:mergeReleaseGeneratedProguardFiles UP-TO-DATE
> Task :viroreact:mergeReleaseConsumerProguardFiles UP-TO-DATE
> Task :viroreact:mergeReleaseShaders UP-TO-DATE
> Task :viroreact:compileReleaseShaders NO-SOURCE
> Task :viroreact:generateReleaseAssets UP-TO-DATE
> Task :viroreact:packageReleaseAssets UP-TO-DATE
> Task :viroreact:prepareLintJarForPublish UP-TO-DATE
> Task :viroreact:prepareReleaseArtProfile UP-TO-DATE
> Task :viroreact:processReleaseJavaRes NO-SOURCE
> Task :viroreact:mergeReleaseJavaResource UP-TO-DATE
> Task :viroreact:syncReleaseLibJars UP-TO-DATE
> Task :viroreact:writeReleaseAarMetadata UP-TO-DATE
> Task :viroreact:mapReleaseSourceSetPaths UP-TO-DATE
> Task :viroreact:mergeReleaseResources UP-TO-DATE
> Task :viroreact:verifyReleaseResources UP-TO-DATE
> Task :viroreact:mergeReleaseNativeLibs
> Task :viroreact:stripReleaseDebugSymbols
> Task :viroreact:copyReleaseJniLibsProjectAndLocalJars
> Task :viroreact:bundleReleaseAar
> Task :viroreact:assembleRelease
> Task :viroreact:copyReleaseAAR

BUILD SUCCESSFUL in 33s
63 actionable tasks: 15 executed, 48 up-to-date
